episode_id,gsis_id,full_name,position,team,season,start_week,end_week,games_missed,ir_games,starts_on_ir,injury,carried_over,start_key,end_key,parts
0,00-0007091,Matt Hasselbeck,QB,IND,2015,17,17,1,0,false,Shoulder,true,201517,201517,1
1,00-0010346,Peyton Manning,QB,DEN,2015,11,16,6,0,false,Foot,false,201511,201516,1
2,00-0020245,Mike Vick,QB,PHI,2012,11,15,5,0,false,Concussion,false,201211,201215,1
3,00-0020245,Mike Vick,QB,PHI,2013,9,9,1,0,false,Hamstring,false,201309,201309,1
4,00-0020245,Mike Vick,QB,PIT,2015,7,8,2,0,false,Hamstring,false,201507,201508,1
5,00-0020337,Steve Smith,WR,CAR,2013,17,17,1,0,false,Knee,true,201317,201317,1
6,00-0020498,Reggie Wayne,WR,IND,2013,1,7,7,7,true,Shoulder,false,201301,201307,1
7,00-0020498,Reggie Wayne,WR,IND,2014,8,8,1,0,false,Elbow,false,201408,201408,1
8,00-0020531,Drew Brees,QB,NO,2015,3,3,1,0,false,right Shoulder,false,201503,201503,1
9,00-0020531,Drew Brees,QB,NO,2019,3,7,5,0,false,right Thumb,false,201903,201907,1
10,00-0020531,Drew Brees,QB,NO,2020,11,14,4,4,true,right Shoulder,false,202011,202014,1
11,00-0021147,Donte' Stallworth,WR,NE,2012,14,14,1,1,true,Unlabeled (IR),false,201214,201214,1
12,00-0021154,Daniel Graham,TE,NO,2012,8,8,1,0,false,Knee,false,201208,201208,1
13,00-0021206,Josh McCown,QB,CLE,2015,2,2,1,0,false,Concussion,false,201502,201502,1
14,00-0021206,Josh McCown,QB,CLE,2015,9,9,1,0,false,right Shoulder,false,201509,201509,1
15,00-0021206,Josh McCown,QB,CLE,2016,3,7,5,0,false,left Shoulder,false,201603,201607,1
16,00-0021206,Josh McCown,QB,NYJ,2017,15,17,3,3,true,Unlabeled (IR),true,201715,201717,1
17,00-0021206,Josh McCown,QB,HOU,2020,10,12,2,0,false,Not Injury Related,false,202010,202012,2
18,00-0021429,Carson Palmer,QB,OAK,2012,17,17,1,0,false,Ribs,true,201217,201217,1
19,00-0021429,Carson Palmer,QB,ARI,2014,5,5,1,0,false,right Shoulder,false,201405,201405,1
20,00-0021429,Carson Palmer,QB,ARI,2016,5,5,1,0,false,Concussion,false,201605,201605,1
21,00-0021429,Carson Palmer,QB,ARI,2017,9,17,9,9,true,Unlabeled (IR),true,201709,201717,1
22,00-0021570,Kassim Osgood,WR,SF,2014,2,15,13,13,true,Unlabeled (IR),false,201402,201415,1
23,00-0021678,Tony Romo,QB,DAL,2013,17,17,1,0,false,Back,true,201317,201317,1
24,00-0021678,Tony Romo,QB,DAL,2015,1,9,16,7,true,Back,false,201501,201609,3
25,00-0021999,Nate Burleson,WR,DET,2012,1,7,6,6,true,Unlabeled (IR),false,201201,201207,1
26,00-0021999,Nate Burleson,WR,DET,2013,4,10,6,0,false,Forearm,false,201304,201310,1
27,00-0022055,Seneca Wallace,QB,GB,2013,1,10,9,9,true,Unlabeled (IR),false,201301,201310,1
28,00-0022177,Byron Leftwich,QB,PIT,2012,12,13,2,0,false,Ribs,false,201212,201213,1
29,00-0022178,Willis McGahee,RB,DEN,2012,1,11,10,10,true,Ribs,false,201201,201211,1
30,00-0022178,Willis McGahee,RB,CLE,2013,15,15,1,0,false,Concussion,false,201315,201315,1
31,00-0022388,Terrance Copper,WR,KC,2012,1,17,16,15,true,Knee,true,201201,201217,1
32,00-0022414,Malcom Floyd,WR,SD,2012,1,4,18,18,true,Groin,false,201201,201304,2
33,00-0022414,Malcom Floyd,WR,SD,2015,11,11,1,0,false,Shoulder,false,201511,201511,1
34,00-0022421,Ruvell Martin,WR,BUF,2012,3,4,2,0,false,Ankle,false,201203,201204,1
35,00-0022427,Wes Welker,WR,DEN,2013,15,17,3,0,false,Concussion,true,201315,201317,1
36,00-0022736,Steven Jackson,RB,ATL,2013,3,7,4,0,false,Hamstring,false,201303,201307,1
37,00-0022787,Matt Schaub,QB,HOU,2013,7,7,1,0,false,Ankle,false,201307,201307,1
38,00-0022787,Matt Schaub,QB,OAK,2014,4,4,1,0,false,Not Injury Related,false,201404,201404,1
39,00-0022811,Jerricho Cotchery,WR,PIT,2012,12,12,1,0,false,Ribs,false,201212,201212,1
40,00-0022811,Jerricho Cotchery,WR,CAR,2015,3,4,2,0,false,Ankle,false,201503,201504,1
41,00-0022847,Ben Hartsock,TE,CAR,2013,11,12,2,0,false,Knee,false,201311,201312,1
42,00-0022864,Luke McCown,QB,NO,2015,1,9,9,9,true,Back,false,201501,201509,1
43,00-0022921,Larry Fitzgerald,WR,ARI,2020,12,13,2,2,true,Not Injury Related,false,202012,202013,1
44,00-0022924,Ben Roethlisberger,QB,PIT,2012,11,13,3,0,false,Right Shoulder,false,201211,201213,1
45,00-0022924,Ben Roethlisberger,QB,PIT,2015,4,6,3,0,false,Knee,false,201504,201506,1
46,00-0022924,Ben Roethlisberger,QB,PIT,2016,7,7,1,0,false,Knee,false,201607,201607,1
47,00-0022924,Ben Roethlisberger,QB,PIT,2019,3,17,14,14,true,Not Injury Related,true,201903,201917,1
48,00-0022924,Ben Roethlisberger,QB,PIT,2020,17,17,1,0,false,Not Injury Related,true,202017,202017,1
49,00-0022924,Ben Roethlisberger,QB,PIT,2021,10,10,1,1,true,Pectoral,false,202110,202110,1
50,00-0022929,Devery Henderson,WR,NO,2012,2,2,1,0,false,Concussion,false,201202,201202,1
51,00-0022943,Benjamin Watson,TE,NO,2013,11,11,1,0,false,Concussion,false,201311,201311,1
52,00-0022943,Benjamin Watson,TE,BAL,2016,1,17,16,16,true,Unlabeled (IR),true,201601,201617,1
53,00-0022999,John Kuhn,RB,GB,2012,8,9,2,0,false,Hamstring,false,201208,201209,1
54,00-0022999,John Kuhn,RB,NO,2017,4,17,13,13,true,Biceps,true,201704,201717,1
55,00-0023176,Joshua Cribbs,WR,NYJ,2013,7,13,6,6,true,Knee,false,201307,201313,1
56,00-0023310,Lance Moore,WR,NO,2012,5,5,1,0,false,Hamstring,false,201205,201205,1
57,00-0023310,Lance Moore,WR,NO,2013,5,5,1,0,false,Hand,false,201305,201305,1
58,00-0023310,Lance Moore,WR,PIT,2014,1,2,2,0,false,Groin,false,201401,201402,1
59,00-0023310,Lance Moore,WR,DET,2015,13,13,1,0,false,Ankle,false,201513,201513,1
60,00-0023367,Nate Washington,WR,HOU,2015,5,6,2,0,false,Hamstring,false,201505,201506,1
61,00-0023436,Alex Smith,QB,KC,2014,17,17,1,0,false,Spleen,true,201417,201417,1
62,00-0023436,Alex Smith,QB,KC,2016,9,9,1,0,false,Head,false,201609,201609,1
63,00-0023436,Alex Smith,QB,WAS,2018,12,17,22,22,true,Unlabeled (IR),true,201812,201917,2
64,00-0023436,Alex Smith,QB,WAS,2020,15,15,1,0,false,Calf,false,202015,202015,1
65,00-0023438,Braylon Edwards,WR,SEA,2012,9,9,1,0,false,Knee,false,201209,201209,1
66,00-0023439,Cedric Benson,RB,GB,2012,1,5,5,5,true,Unlabeled (IR),false,201201,201205,1
67,00-0023459,Aaron Rodgers,QB,GB,2013,10,16,7,0,false,Collarbone,false,201310,201316,1
68,00-0023459,Aaron Rodgers,QB,GB,2017,7,14,7,7,true,Right Collarbone,false,201707,201714,1
69,00-0023459,Aaron Rodgers,QB,GB,2017,16,17,2,2,true,Unlabeled (IR),true,201716,201717,1
70,00-0023459,Aaron Rodgers,QB,GB,2021,9,9,1,1,true,Unlabeled (IR),false,202109,202109,1
71,00-0023459,Aaron Rodgers,QB,NYJ,2023,2,18,16,13,true,Achilles,true,202302,202318,1
72,00-0023460,Jason Campbell,QB,CLE,2013,13,13,1,0,false,Concussion,false,201313,201313,1
73,00-0023462,Roddy White,WR,ATL,2013,7,8,2,0,false,Hamstring,false,201307,201308,1
74,00-0023465,Heath Miller,TE,PIT,2012,1,2,16,15,true,Abdomen,false,201201,201302,2
75,00-0023496,Vincent Jackson,WR,TB,2015,1,16,15,15,true,Knee,false,201501,201516,1
76,00-0023496,Vincent Jackson,WR,TB,2016,7,17,11,11,true,Unlabeled (IR),true,201607,201617,1
77,00-0023500,Frank Gore,RB,MIA,2018,16,17,2,2,true,Not Injury Related,true,201816,201817,1
78,00-0023500,Frank Gore,RB,NYJ,2020,17,17,1,1,true,Chest,true,202017,202017,1
79,00-0023503,Courtney Roby,WR,NO,2012,9,13,3,0,false,Shoulder,false,201209,201213,2
80,00-0023506,Alex Smith,TE,CLE,2012,3,3,22,18,false,Head,false,201203,201403,3
81,00-0023545,Brandon Jacobs,RB,NYG,2013,2,14,12,12,true,Knee,false,201302,201314,1
82,00-0023564,Darren Sproles,RB,NO,2012,9,10,2,0,false,Hand,false,201209,201210,1
83,00-0023564,Darren Sproles,RB,PHI,2016,15,15,1,0,false,Concussion,false,201615,201615,1
84,00-0023564,Darren Sproles,RB,PHI,2017,4,17,13,13,true,Unlabeled (IR),true,201704,201717,1
85,00-0023564,Darren Sproles,RB,PHI,2018,2,12,10,0,false,Hamstring,false,201802,201812,1
86,00-0023564,Darren Sproles,RB,PHI,2019,6,8,3,0,false,Quadricep,false,201906,201908,1
87,00-0023564,Darren Sproles,RB,PHI,2019,11,17,7,7,true,Quadricep,true,201911,201917,1
88,00-0023630,Joel Dreessen,TE,DEN,2013,1,2,2,0,false,Knee,false,201301,201302,1
89,00-0023645,Derek Anderson,QB,CAR,2016,17,17,1,0,false,Illness,true,201617,201617,1
90,00-0023645,Derek Anderson,QB,BUF,2018,10,14,4,0,false,Concussion,false,201810,201814,1
91,00-0023662,Matt Cassel,QB,KC,2012,6,6,1,0,false,Concussion,false,201206,201206,1
92,00-0023662,Matt Cassel,QB,MIN,2014,1,3,3,3,true,Unlabeled (IR),false,201401,201403,1
93,00-0023682,Ryan Fitzpatrick,QB,MIA,2020,17,17,1,1,true,Unlabeled (IR),true,202017,202017,1
94,00-0023682,Ryan Fitzpatrick,QB,WAS,2021,2,18,16,16,true,Hip,true,202102,202118,1
95,00-0023752,Daniel Fells,TE,NYG,2015,1,2,6,6,true,Foot,false,201501,201602,2
96,00-0023921,Miles Austin,WR,DAL,2013,4,4,1,0,false,Hamstring,false,201304,201304,1
97,00-0024204,Fred Jackson,RB,BUF,2012,1,15,14,13,true,Knee,false,201201,201215,1
98,00-0024204,Fred Jackson,RB,BUF,2014,8,8,1,0,false,Groin,false,201408,201408,1
99,00-0024217,Reggie Bush,RB,SF,2015,1,8,8,8,true,Calf,false,201501,201508,1
100,00-0024221,Vernon Davis,TE,SF,2015,5,5,1,0,false,Knee,false,201505,201505,1
101,00-0024221,Vernon Davis,TE,WAS,2019,5,17,12,6,false,Concussion,true,201905,201917,1
102,00-0024226,Jay Cutler,QB,CHI,2012,11,11,1,0,false,Concussion,false,201211,201211,1
103,00-0024226,Jay Cutler,QB,CHI,2013,9,9,1,0,false,Groin,false,201309,201309,1
104,00-0024226,Jay Cutler,QB,CHI,2013,11,14,4,0,false,Ankle,false,201311,201314,1
105,00-0024226,Jay Cutler,QB,CHI,2015,3,3,1,0,false,Hamstring,false,201503,201503,1
106,00-0024226,Jay Cutler,QB,CHI,2016,13,17,5,4,false,right Shoulder,true,201613,201617,1
107,00-0024226,Jay Cutler,QB,MIA,2017,8,8,1,0,false,Ribs,false,201708,201708,1
108,00-0024226,Jay Cutler,QB,MIA,2017,12,12,1,0,false,Concussion,false,201712,201712,1
109,00-0024240,Santonio Holmes,WR,NYJ,2012,1,4,4,4,true,Ribs,false,201201,201204,1
110,00-0024240,Santonio Holmes,WR,NYJ,2013,5,9,5,0,false,Foot,false,201305,201309,1
111,00-0024242,DeAngelo Williams,RB,CAR,2014,5,8,3,0,false,Ankle,false,201405,201408,2
112,00-0024242,DeAngelo Williams,RB,CAR,2014,14,14,1,0,false,Hand,false,201414,201414,1
113,00-0024242,DeAngelo Williams,RB,PIT,2016,7,7,1,0,false,Knee,false,201607,201607,1
114,00-0024242,DeAngelo Williams,RB,PIT,2016,10,13,4,0,false,Knee,false,201610,201613,1
115,00-0024243,Marcedes Lewis,TE,JAX,2013,1,3,2,0,false,Calf,false,201301,201303,2
116,00-0024243,Marcedes Lewis,TE,JAX,2013,5,6,2,0,false,Calf,false,201305,201306,1
117,00-0024243,Marcedes Lewis,TE,JAX,2016,12,17,6,6,true,Unlabeled (IR),true,201612,201617,1
118,00-0024267,Greg Jennings,WR,GB,2012,5,11,6,0,false,Groin,false,201205,201211,1
119,00-0024268,Anthony Fasano,TE,KC,2013,14,15,2,0,false,Concussion,false,201314,201315,1
120,00-0024272,Devin Hester,WR,CHI,2012,13,13,1,0,false,Concussion,false,201213,201213,1
121,00-0024272,Devin Hester,WR,ATL,2015,1,4,4,0,false,Toe,false,201501,201504,1
122,00-0024275,Maurice Jones-Drew,RB,JAX,2012,1,16,15,15,true,Foot,false,201201,201216,1
123,00-0024276,Tony Scheffler,TE,DET,2013,6,7,2,0,false,Concussion,false,201306,201307,1
124,00-0024296,Charlie Whitehurst,QB,TEN,2015,1,16,14,14,true,Unlabeled (IR),false,201501,201516,2
125,00-0024313,Owen Daniels,TE,BAL,2014,8,8,1,0,false,Knee,false,201408,201408,1
126,00-0024318,Brad Smith,WR,PHI,2014,6,8,2,0,false,Groin,false,201406,201408,1
127,00-0024324,Jason Avant,WR,PHI,2012,11,12,2,0,false,Hamstring,false,201211,201212,1
128,00-0024332,Leon Washington,RB,NE,2013,6,8,3,0,false,Ankle,false,201306,201308,1
129,00-0024334,Brandon Marshall,WR,CHI,2014,1,14,13,13,true,Ankle,false,201401,201414,1
130,00-0024334,Brandon Marshall,WR,NYG,2017,6,17,11,11,true,Toe,true,201706,201717,1
131,00-0024345,Domenik Hixon,WR,NYG,2012,3,12,2,0,false,Concussion,false,201203,201212,2
132,00-0024389,Delanie Walker,TE,TEN,2018,2,17,15,15,true,Unlabeled (IR),true,201802,201817,1
133,00-0024389,Delanie Walker,TE,TEN,2019,8,17,8,5,false,Ankle,true,201908,201917,2
134,00-0024408,Bruce Gradkowski,QB,PIT,2016,1,4,4,4,true,Unlabeled (IR),false,201601,201604,1
135,00-0024463,Ben Obomanu,WR,SEA,2012,1,8,8,8,true,Unlabeled (IR),false,201201,201208,1
136,00-0024466,Marques Colston,WR,NO,2015,17,17,1,0,false,Chest,true,201517,201517,1
137,00-0024813,Pierre Thomas,RB,NO,2012,1,17,16,15,true,Knee,true,201201,201217,1
138,00-0024813,Pierre Thomas,RB,NO,2014,1,16,15,15,true,Rib,false,201401,201416,1
139,00-0025394,Adrian Peterson,RB,MIN,2016,3,14,11,11,true,Knee,false,201603,201614,1
140,00-0025394,Adrian Peterson,RB,MIN,2016,16,17,2,0,false,Knee,true,201616,201617,1
141,00-0025394,Adrian Peterson,RB,ARI,2017,14,17,4,3,false,Neck,true,201714,201717,1
142,00-0025396,Ted Ginn,WR,NO,2018,5,15,10,9,false,Knee,false,201805,201815,1
143,00-0025399,Marshawn Lynch,RB,SEA,2015,5,5,1,0,false,Hamstring,false,201505,201505,1
144,00-0025399,Marshawn Lynch,RB,SEA,2015,12,17,6,0,false,Abdomen,true,201512,201517,1
145,00-0025399,Marshawn Lynch,RB,OAK,2018,8,17,10,10,true,Unlabeled (IR),true,201808,201817,1
146,00-0025409,Brady Quinn,QB,KC,2012,9,12,9,6,false,Head,false,201209,201312,3
147,00-0025410,Dwayne Bowe,WR,KC,2012,1,15,14,13,true,Ribs,false,201201,201215,1
148,00-0025410,Dwayne Bowe,WR,KC,2013,17,17,1,0,false,Concussion,true,201317,201317,1
149,00-0025418,Greg Olsen,TE,CAR,2017,3,10,8,8,true,Unlabeled (IR),false,201703,201710,1
150,00-0025418,Greg Olsen,TE,CAR,2018,2,5,3,0,false,Foot,false,201802,201805,1
151,00-0025418,Greg Olsen,TE,CAR,2018,14,17,4,4,true,Foot,true,201814,201817,1
152,00-0025418,Greg Olsen,TE,CAR,2019,14,15,2,0,false,Concussion,false,201914,201915,1
153,00-0025418,Greg Olsen,TE,SEA,2020,12,15,4,4,true,Foot,false,202012,202015,1
154,00-0025423,Kevin Kolb,QB,ARI,2012,7,11,4,0,false,Ribs,false,201207,201211,1
155,00-0025425,Zach Miller,TE,SEA,2014,1,10,9,9,true,Ankle,false,201401,201410,1
156,00-0025430,Drew Stanton,QB,ARI,2014,17,17,1,0,false,Knee,true,201417,201417,1
157,00-0025430,Drew Stanton,QB,CLE,2019,3,17,14,14,true,Knee,true,201903,201917,1
158,00-0025431,Sidney Rice,WR,SEA,2013,1,8,8,8,true,Knee,false,201301,201308,1
159,00-0025460,Jacoby Jones,WR,BAL,2013,2,4,3,0,false,Knee,false,201302,201304,1
160,00-0025460,Jacoby Jones,WR,SD,2015,3,4,2,0,false,Ankle,false,201503,201504,1
161,00-0025462,Laurent Robinson,WR,JAX,2012,1,11,10,10,true,Concussion,false,201201,201211,1
162,00-0025464,Matt Spaeth,TE,PIT,2015,4,4,1,0,false,Hand,false,201504,201504,1
163,00-0025464,Matt Spaeth,TE,PIT,2015,9,10,2,0,false,Knee,false,201509,201510,1
164,00-0025487,Michael Bush,RB,CHI,2012,1,15,14,14,true,Ribs,false,201201,201215,1
165,00-0025516,Scott Chandler,TE,BUF,2012,1,17,16,15,true,Knee,true,201201,201217,1
166,00-0025540,Kevin Boss,TE,KC,2012,1,4,4,4,true,Head,false,201201,201204,1
167,00-0025549,Brent Celek,TE,PHI,2012,15,15,1,0,false,Concussion,false,201215,201215,1
168,00-0025631,Jason Snelling,RB,ATL,2013,8,8,1,0,false,Ankle,false,201308,201308,1
169,00-0025637,Ahmad Bradshaw,RB,NYG,2012,3,12,23,21,false,Neck,false,201203,201512,5
170,00-0025708,Matt Moore,QB,MIA,2017,13,14,2,0,false,Foot,false,201713,201714,1
171,00-0026000,Davone Bess,WR,MIA,2012,15,17,3,0,false,Back,true,201215,201217,1
172,00-0026019,Danny Woodhead,RB,SD,2014,1,3,3,3,true,Unlabeled (IR),false,201401,201403,1
173,00-0026019,Danny Woodhead,RB,SD,2016,3,17,14,14,true,Unlabeled (IR),true,201603,201617,1
174,00-0026019,Danny Woodhead,RB,BAL,2017,2,9,8,8,true,Thigh,false,201702,201709,1
175,00-0026035,Danny Amendola,WR,STL,2012,6,7,2,0,false,Shoulder,false,201206,201207,1
176,00-0026035,Danny Amendola,WR,NE,2013,7,7,1,0,false,Concussion,false,201307,201307,1
177,00-0026035,Danny Amendola,WR,NE,2016,14,17,4,0,false,Ankle,true,201614,201617,1
178,00-0026035,Danny Amendola,WR,NE,2017,2,2,1,0,false,Concussion,false,201702,201702,1
179,00-0026035,Danny Amendola,WR,DET,2020,11,12,2,0,false,Hip,false,202011,202012,1
180,00-0026035,Danny Amendola,WR,HOU,2021,3,4,2,0,false,Thigh,false,202103,202104,1
181,00-0026035,Danny Amendola,WR,HOU,2021,13,17,4,4,true,Knee,false,202113,202117,2
182,00-0026069,Mike Tolbert,RB,BUF,2017,11,13,3,0,false,Hamstring,false,201711,201713,1
183,00-0026143,Matt Ryan,QB,IND,2022,8,9,2,0,false,right Shoulder,false,202208,202209,1
184,00-0026144,Darren McFadden,RB,OAK,2012,10,12,3,0,false,Ankle,false,201210,201212,1
185,00-0026144,Darren McFadden,RB,OAK,2013,10,12,3,0,false,Hamstring,false,201310,201312,1
186,00-0026144,Darren McFadden,RB,OAK,2013,14,15,2,0,false,Ankle,false,201314,201315,1
187,00-0026153,Jonathan Stewart,RB,CAR,2012,15,15,1,0,false,Ankle,false,201215,201215,1
188,00-0026153,Jonathan Stewart,RB,CAR,2013,15,17,3,0,false,Knee,true,201315,201317,1
189,00-0026153,Jonathan Stewart,RB,CAR,2015,15,17,3,0,false,Foot,true,201515,201517,1
190,00-0026153,Jonathan Stewart,RB,CAR,2016,3,5,3,0,false,Hamstring,false,201603,201605,1
191,00-0026153,Jonathan Stewart,RB,NYG,2018,4,17,13,13,true,Foot,true,201804,201817,1
192,00-0026158,Joe Flacco,QB,BAL,2018,12,12,1,0,false,Hip,false,201812,201812,1
193,00-0026158,Joe Flacco,QB,DEN,2019,9,2,10,8,true,Neck,false,201909,202002,2
194,00-0026158,Joe Flacco,QB,NYJ,2021,12,16,2,2,true,Unlabeled (IR),false,202112,202116,2
195,00-0026163,Rashard Mendenhall,RB,PIT,2012,3,8,3,0,false,Knee,false,201203,201208,2
196,00-0026164,Chris Johnson,RB,ARI,2016,1,1,1,1,true,Unlabeled (IR),false,201601,201601,1
197,00-0026164,Chris Johnson,RB,ARI,2016,5,17,12,12,true,Groin,true,201605,201617,1
198,00-0026170,Dustin Keller,TE,NYJ,2012,2,2,1,0,false,Hamstring,false,201202,201202,1
199,00-0026173,Donnie Avery,WR,KC,2014,5,12,7,0,false,Groin,false,201405,201412,1
200,00-0026176,Jordy Nelson,WR,GB,2012,14,16,3,0,false,Hamstring,false,201214,201216,1
201,00-0026176,Jordy Nelson,WR,GB,2017,17,17,1,0,false,Shoulder,true,201717,201717,1
202,00-0026176,Jordy Nelson,WR,OAK,2018,11,11,1,0,false,Knee,false,201811,201811,1
203,00-0026178,John Carlson,TE,MIN,2012,8,15,16,14,false,Concussion,false,201208,201315,2
204,00-0026182,Eddie Royal,WR,SD,2012,12,14,3,0,false,Hamstring,false,201212,201214,1
205,00-0026182,Eddie Royal,WR,CHI,2015,9,12,4,0,false,Knee,false,201509,201512,1
206,00-0026182,Eddie Royal,WR,CHI,2016,7,7,1,0,false,Toe,false,201607,201607,1
207,00-0026182,Eddie Royal,WR,CHI,2016,15,17,3,2,false,Toe,true,201615,201617,1
208,00-0026184,Matt Forte,RB,CHI,2012,3,3,1,0,false,Ankle,false,201203,201203,1
209,00-0026184,Matt Forte,RB,CHI,2015,9,9,1,0,false,Knee,false,201509,201509,1
210,00-0026184,Matt Forte,RB,NYJ,2016,17,17,1,1,true,Knee,true,201617,201617,1
211,00-0026184,Matt Forte,RB,NYJ,2017,4,5,2,0,false,Knee,false,201704,201705,1
212,00-0026184,Matt Forte,RB,NYJ,2017,10,10,1,0,false,Knee,false,201710,201710,1
213,00-0026184,Matt Forte,RB,NYJ,2017,17,17,1,1,true,Knee,true,201717,201717,1
214,00-0026188,Fred Davis,TE,WAS,2012,1,7,7,7,true,Knee,false,201201,201207,1
215,00-0026189,DeSean Jackson,WR,PHI,2012,1,12,11,11,true,Hamstring,false,201201,201212,1
216,00-0026189,DeSean Jackson,WR,WAS,2015,2,7,5,0,false,Hamstring,false,201502,201507,2
217,00-0026189,DeSean Jackson,WR,TB,2017,16,16,1,0,false,Ankle,false,201716,201716,1
218,00-0026189,DeSean Jackson,WR,TB,2018,13,15,3,0,false,Thumb,false,201813,201815,1
219,00-0026189,DeSean Jackson,WR,PHI,2019,3,8,6,0,false,Abdomen,false,201903,201908,1
220,00-0026189,DeSean Jackson,WR,PHI,2019,11,17,7,7,true,Unlabeled (IR),true,201911,201917,1
221,00-0026189,DeSean Jackson,WR,PHI,2020,4,6,3,0,false,Hamstring,false,202004,202006,1
222,00-0026189,DeSean Jackson,WR,PHI,2020,8,15,7,7,true,Hamstring,false,202008,202015,1
223,00-0026189,DeSean Jackson,WR,PHI,2020,17,17,1,0,false,Ankle,true,202017,202017,1
224,00-0026189,DeSean Jackson,WR,LA,2021,8,8,1,0,false,Not injury related - resting player,false,202108,202108,1
225,00-0026197,Chad Henne,QB,KC,2019,1,8,8,8,true,Unlabeled (IR),false,201901,201908,1
226,00-0026201,Martellus Bennett,TE,CHI,2015,1,1,13,13,true,Ribs,false,201501,201601,2
227,00-0026201,Martellus Bennett,TE,NE,2017,13,17,5,5,true,Shoulder,true,201713,201717,1
228,00-0026210,Earl Bennett,WR,CHI,2012,14,15,2,0,false,Concussion,false,201214,201215,1
229,00-0026213,Jamaal Charles,RB,KC,2015,1,5,5,5,true,Unlabeled (IR),false,201501,201505,1
230,00-0026213,Jamaal Charles,RB,KC,2016,8,17,10,9,false,Knee,true,201608,201617,1
231,00-0026221,Early Doucet,WR,ARI,2012,15,17,3,0,false,Concussion,true,201215,201217,1
232,00-0026224,Harry Douglas,WR,ATL,2012,8,8,1,0,false,Knee,false,201208,201208,1
233,00-0026224,Harry Douglas,WR,ATL,2014,5,7,3,0,false,Foot,false,201405,201407,1
234,00-0026224,Harry Douglas,WR,TEN,2015,7,8,2,0,false,Ribs,false,201507,201508,1
235,00-0026224,Harry Douglas,WR,TEN,2017,1,11,10,10,true,Unlabeled (IR),false,201701,201711,1
236,00-0026225,Craig Stevens,TE,TEN,2012,17,17,1,0,false,Concussion,true,201217,201217,1
237,00-0026225,Craig Stevens,TE,TEN,2013,13,13,1,0,false,Concussion,false,201313,201313,1
238,00-0026225,Craig Stevens,TE,TEN,2014,1,7,7,6,true,Quadricep,false,201401,201407,1
239,00-0026231,Jermichael Finley,TE,GB,2013,1,9,8,8,true,Neck,false,201301,201309,1
240,00-0026235,Mario Manningham,WR,SF,2012,1,17,23,22,true,Shoulder,true,201201,201317,2
241,00-0026267,Jacob Tamme,TE,ATL,2015,4,4,1,0,false,Concussion,false,201504,201504,1
242,00-0026267,Jacob Tamme,TE,ATL,2016,9,17,8,6,false,Shoulder,true,201609,201617,1
243,00-0026281,Gary Barnidge,TE,CLE,2014,14,15,2,0,false,Rib,false,201414,201415,1
244,00-0026293,Matt Slater,WR,NE,2013,3,4,2,0,false,Wrist,false,201303,201304,1
245,00-0026293,Matt Slater,WR,NE,2016,12,12,1,0,false,Foot,false,201612,201612,1
246,00-0026293,Matt Slater,WR,NE,2017,2,2,1,0,false,Hamstring,false,201702,201702,1
247,00-0026293,Matt Slater,WR,NE,2017,11,11,1,0,false,Hamstring,false,201711,201711,1
248,00-0026298,Kellen Davis,TE,NYJ,2016,9,17,8,6,false,Elbow,true,201609,201617,1
249,00-0026316,Jalen Parmele,RB,JAX,2012,1,12,11,11,true,Unlabeled (IR),false,201201,201212,1
250,00-0026345,Pierre Garcon,WR,WAS,2012,8,9,2,0,false,Foot,false,201208,201209,1
251,00-0026345,Pierre Garcon,WR,SF,2017,9,17,8,8,true,Neck,true,201709,201717,1
252,00-0026345,Pierre Garcon,WR,SF,2018,10,17,7,3,false,Knee,true,201810,201817,1
253,00-0026364,Steve Johnson,WR,BUF,2013,11,11,1,0,false,Groin,false,201311,201311,1
254,00-0026364,Steve Johnson,WR,BUF,2013,16,17,2,0,false,Not Injury Related,true,201316,201317,1
255,00-0026364,Steve Johnson,WR,SF,2014,15,17,3,0,false,Knee,true,201415,201417,1
256,00-0026364,Steve Johnson,WR,SD,2015,5,5,1,0,false,Hamstring,false,201505,201505,1
257,00-0026364,Steve Johnson,WR,SD,2015,14,17,17,16,false,Groin,true,201514,201617,2
258,00-0026367,Peyton Hillis,RB,KC,2012,5,6,2,0,false,Ankle,false,201205,201206,1
259,00-0026367,Peyton Hillis,RB,NYG,2013,16,16,1,0,false,Concussion,false,201316,201316,1
260,00-0026367,Peyton Hillis,RB,NYG,2014,1,11,10,9,true,Concussion,false,201401,201411,1
261,00-0026373,Justin Forsett,RB,JAX,2013,1,14,13,13,true,Foot,false,201301,201314,1
262,00-0026373,Justin Forsett,RB,DET,2016,13,13,1,1,true,Unlabeled (IR),false,201613,201613,1
263,00-0026498,Matthew Stafford,QB,DET,2019,11,17,7,2,false,Hip,true,201911,201917,1
264,00-0026498,Matthew Stafford,QB,LA,2022,12,18,7,6,false,Concussion,true,202212,202218,1
265,00-0026544,Chase Daniel,QB,LAC,2021,16,16,1,1,true,Unlabeled (IR),false,202116,202116,1
266,00-0026566,Isaac Redman,RB,PIT,2012,7,7,1,0,false,Ankle,false,201207,201207,1
267,00-0026625,Brian Hoyer,QB,CLE,2013,6,6,1,0,false,Knee,false,201306,201306,1
268,00-0026625,Brian Hoyer,QB,HOU,2015,11,11,1,0,false,Concussion,false,201511,201511,1
269,00-0026625,Brian Hoyer,QB,HOU,2015,15,15,1,0,false,Concussion,false,201515,201515,1
270,00-0026625,Brian Hoyer,QB,CHI,2016,8,17,9,9,true,Unlabeled (IR),true,201608,201617,1
271,00-0026625,Brian Hoyer,QB,NE,2022,5,18,13,13,true,Concussion,true,202205,202218,1
272,00-0026691,Chris Williams,WR,CHI,2014,12,14,3,0,false,Hamstring,false,201412,201414,1
273,00-0026739,Jordan Norwood,WR,CLE,2012,6,6,1,0,false,Foot,false,201206,201206,1
274,00-0026739,Jordan Norwood,WR,DEN,2015,9,9,1,0,false,Hamstring,false,201509,201509,1
275,00-0026753,Charly Martin,WR,SEA,2012,1,15,13,12,true,Chest,false,201201,201215,2
276,00-0026780,Kevin Ogletree,WR,DAL,2012,12,12,1,0,false,Concussion,false,201212,201212,1
277,00-0026796,Arian Foster,RB,HOU,2013,10,10,1,0,false,Back,false,201310,201310,1
278,00-0026796,Arian Foster,RB,HOU,2015,1,3,3,0,false,Groin,false,201501,201503,1
279,00-0026796,Arian Foster,RB,MIA,2016,3,4,2,0,false,Hamstring,false,201603,201604,1
280,00-0026855,Antone Smith,RB,ATL,2012,3,6,3,0,false,Hamstring,false,201203,201206,2
281,00-0026855,Antone Smith,RB,ATL,2013,15,15,1,0,false,Knee,false,201315,201315,1
282,00-0026855,Antone Smith,RB,ATL,2014,1,11,10,10,true,Hamstring,false,201401,201411,1
283,00-0026855,Antone Smith,RB,TB,2016,10,17,8,8,true,Unlabeled (IR),true,201610,201617,1
284,00-0026878,Tom Crabtree,TE,GB,2012,16,12,12,11,false,Hamstring,false,201216,201312,2
285,00-0026898,Mark Sanchez,QB,NYJ,2013,1,2,2,0,false,right Shoulder,false,201301,201302,1
286,00-0026899,Shonn Greene,RB,TEN,2013,3,6,4,0,false,Knee,false,201303,201306,1
287,00-0026901,Mike Wallace,WR,PIT,2012,1,17,16,15,true,Hip,true,201201,201217,1
288,00-0026901,Mike Wallace,WR,PHI,2018,3,17,14,13,true,Ankle,true,201803,201817,1
289,00-0026902,Ramses Barden,WR,NYG,2012,5,5,1,0,false,Concussion,false,201205,201205,1
290,00-0026932,Cedric Peerman,RB,CIN,2016,1,11,10,10,true,Unlabeled (IR),false,201601,201611,1
291,00-0026932,Cedric Peerman,RB,CIN,2017,1,17,16,16,true,Unlabeled (IR),true,201701,201717,1
292,00-0026937,Brandon Gibson,WR,MIA,2013,1,8,7,7,true,Wrist,false,201301,201308,1
293,00-0026937,Brandon Gibson,WR,NE,2016,1,2,2,2,true,Unlabeled (IR),false,201601,201602,1
294,00-0026941,Bernard Scott,RB,CIN,2012,1,5,5,5,true,Hand,false,201201,201205,1
295,00-0026953,Sammie Stroughter,WR,TB,2012,1,2,2,2,true,Unlabeled (IR),false,201201,201202,1
296,00-0026956,LaRod Stephens-Howling,RB,PIT,2013,1,1,1,1,true,Unlabeled (IR),false,201301,201301,1
297,00-0026957,David Johnson,TE,PIT,2013,1,6,5,5,true,Unlabeled (IR),false,201301,201306,1
298,00-0026983,Darrius Heyward-Bey,WR,PIT,2016,10,15,6,0,false,Foot,false,201610,201615,1
299,00-0026983,Darrius Heyward-Bey,WR,PIT,2018,6,6,1,0,false,Ankle,false,201806,201806,1
300,00-0026988,Knowshon Moreno,RB,MIA,2014,1,6,5,5,true,Elbow,false,201401,201406,1
301,00-0026993,Josh Freeman,QB,MIN,2013,8,8,1,0,false,Concussion,false,201308,201308,1
302,00-0026995,Jeremy Maclin,WR,PHI,2012,3,3,1,0,false,Hip,false,201203,201203,1
303,00-0026995,Jeremy Maclin,WR,KC,2016,10,12,3,0,false,Groin,false,201610,201612,1
304,00-0026996,Brandon Pettigrew,TE,DET,2013,1,16,15,15,true,Ankle,false,201301,201316,1
305,00-0026996,Brandon Pettigrew,TE,DET,2015,1,13,25,25,true,Hamstring,false,201501,201613,2
306,00-0026998,Percy Harvin,WR,MIN,2012,1,13,12,12,true,Ankle,false,201201,201213,1
307,00-0026998,Percy Harvin,WR,SEA,2013,14,17,4,0,false,Hip,true,201314,201317,1
308,00-0026998,Percy Harvin,WR,BUF,2015,1,2,10,9,true,Not Injury Related,false,201501,201602,2
309,00-0026998,Percy Harvin,WR,BUF,2016,13,17,5,4,false,Illness,true,201613,201617,1
310,00-0027003,Donald Brown,RB,IND,2012,1,14,13,13,true,Knee,false,201201,201214,1
311,00-0027003,Donald Brown,RB,SD,2014,6,8,3,0,false,Concussion,false,201406,201408,1
312,00-0027005,Hakeem Nicks,WR,NYG,2012,3,5,2,0,false,Foot,false,201203,201205,2
313,00-0027026,Mohamed Massaquoi,WR,CLE,2012,4,16,3,0,false,Hamstring,false,201204,201216,3
314,00-0027029,LeSean McCoy,RB,PHI,2012,12,15,4,0,false,Concussion,false,201212,201215,1
315,00-0027029,LeSean McCoy,RB,BUF,2015,4,5,2,0,false,Hamstring,false,201504,201505,1
316,00-0027029,LeSean McCoy,RB,BUF,2015,16,17,2,0,false,Knee,true,201516,201517,1
317,00-0027029,LeSean McCoy,RB,TB,2020,5,5,1,0,false,Ankle,false,202005,202005,1
318,00-0027057,Brandon Tate,WR,BUF,2016,9,9,1,0,false,Concussion,false,201609,201609,1
319,00-0027061,Jared Cook,TE,TEN,2012,1,14,13,13,true,Shoulder,false,201201,201214,1
320,00-0027061,Jared Cook,TE,GB,2016,5,9,5,0,false,Ankle,false,201605,201609,1
321,00-0027061,Jared Cook,TE,NO,2019,7,8,2,0,false,Ankle,false,201907,201908,1
322,00-0027061,Jared Cook,TE,NO,2020,4,4,1,0,false,Groin,false,202004,202004,1
323,00-0027061,Jared Cook,TE,LAC,2021,17,17,1,1,true,Unlabeled (IR),false,202117,202117,1
324,00-0027069,Chase Coffman,TE,ATL,2013,7,7,1,0,false,Knee,false,201307,201307,1
325,00-0027070,Travis Beckum,TE,NYG,2012,9,16,7,7,true,Knee,false,201209,201216,1
326,00-0027077,Brian Hartline,WR,CLE,2015,9,9,1,0,false,Concussion,false,201509,201509,1
327,00-0027077,Brian Hartline,WR,CLE,2016,1,2,2,2,true,Unlabeled (IR),false,201601,201602,1
328,00-0027080,Mike Goodson,RB,OAK,2012,10,6,5,2,false,Ankle,false,201210,201306,2
329,00-0027089,Louis Murphy,WR,TB,2014,1,12,29,28,false,Back,false,201401,201612,4
330,00-0027092,Austin Collie,WR,IND,2012,1,3,3,3,true,Head,false,201201,201203,1
331,00-0027094,Andre Brown,RB,NYG,2012,1,12,11,11,true,Concussion,false,201201,201212,1
332,00-0027120,Javon Ringer,RB,TEN,2012,1,8,8,7,true,Knee,false,201201,201208,1
333,00-0027125,Zach Miller,TE,CHI,2016,12,17,6,6,true,Unlabeled (IR),true,201612,201617,1
334,00-0027125,Zach Miller,TE,CHI,2017,10,17,24,24,true,Unlabeled (IR),true,201710,201817,2
335,00-0027139,John Phillips,TE,SD,2013,1,16,15,15,true,Unlabeled (IR),false,201301,201316,1
336,00-0027150,Julian Edelman,WR,NE,2012,1,13,12,12,true,Hand,false,201201,201213,1
337,00-0027150,Julian Edelman,WR,NE,2015,11,17,5,0,false,Foot,true,201511,201517,2
338,00-0027150,Julian Edelman,WR,NE,2017,1,17,16,16,true,Unlabeled (IR),true,201701,201717,1
339,00-0027150,Julian Edelman,WR,NE,2020,8,17,10,10,true,Knee,true,202008,202017,1
340,00-0027154,Jake O'Connell,TE,KC,2012,1,11,10,9,true,Ankle,false,201201,201211,1
341,00-0027155,Rashad Jennings,RB,JAX,2012,1,16,15,15,true,Concussion,false,201201,201216,1
342,00-0027155,Rashad Jennings,RB,NYG,2014,6,9,3,0,false,Knee,false,201406,201409,1
343,00-0027155,Rashad Jennings,RB,NYG,2014,16,16,1,0,false,Ankle,false,201416,201416,1
344,00-0027202,Michael Palmer,TE,ATL,2012,4,6,3,0,false,Shoulder,false,201204,201206,1
345,00-0027215,Logan Paulsen,TE,ATL,2018,14,14,1,0,false,Knee,false,201814,201814,1
346,00-0027218,Joique Bell,RB,DET,2014,5,5,1,0,false,Concussion,false,201405,201405,1
347,00-0027218,Joique Bell,RB,DET,2015,4,5,2,0,false,Ankle,false,201504,201505,1
348,00-0027253,Thad Lewis,QB,SF,2016,1,17,16,16,true,Unlabeled (IR),true,201601,201617,1
349,00-0027265,Victor Cruz,WR,NYG,2013,16,10,18,16,false,Knee,false,201316,201510,3
350,00-0027265,Victor Cruz,WR,NYG,2016,3,3,1,1,true,Unlabeled (IR),false,201603,201603,1
351,00-0027321,Jeff Cumberland,TE,NYJ,2015,4,4,1,0,false,Concussion,false,201504,201504,1
352,00-0027321,Jeff Cumberland,TE,SD,2016,1,17,16,16,true,Unlabeled (IR),true,201601,201617,1
353,00-0027322,David Nelson,WR,BUF,2012,1,2,2,1,true,Knee,false,201201,201202,1
354,00-0027325,LeGarrette Blount,RB,NE,2015,2,1,13,13,true,Unlabeled (IR),false,201502,201601,2
355,00-0027349,Stephen Williams,WR,SEA,2013,1,12,10,9,true,Concussion,false,201301,201312,2
356,00-0027356,Marlon Moore,WR,CLE,2014,12,13,2,0,false,Hamstring,false,201412,201413,1
357,00-0027356,Marlon Moore,WR,CLE,2015,17,17,1,0,false,Concussion,true,201517,201517,1
358,00-0027531,Chris Ivory,RB,NO,2012,15,15,1,0,false,Hamstring,false,201215,201215,1
359,00-0027531,Chris Ivory,RB,NYJ,2013,4,4,1,0,false,Hamstring,false,201304,201304,1
360,00-0027531,Chris Ivory,RB,JAX,2016,2,2,1,0,false,Not Injury Related,false,201602,201602,1
361,00-0027531,Chris Ivory,RB,JAX,2016,13,13,1,0,false,Hamstring,false,201613,201613,1
362,00-0027581,Seyi Ajirotutu,WR,SD,2012,9,13,5,5,true,Unlabeled (IR),false,201209,201213,1
363,00-0027581,Seyi Ajirotutu,WR,PHI,2015,2,2,1,0,false,Concussion,false,201502,201502,1
364,00-0027581,Seyi Ajirotutu,WR,PHI,2015,17,17,1,0,false,Ankle,true,201517,201517,1
365,00-0027583,Richie Brockel,TE,CAR,2014,1,1,6,5,true,Ankle,false,201401,201501,2
366,00-0027583,Richie Brockel,TE,CAR,2015,7,7,1,0,false,Hamstring,false,201507,201507,1
367,00-0027585,Richard Goodman,WR,SD,2012,1,8,7,7,true,Concussion,false,201201,201208,1
368,00-0027595,Bryan Walters,WR,SEA,2014,8,8,1,0,false,Concussion,false,201408,201408,1
369,00-0027595,Bryan Walters,WR,JAX,2016,10,10,1,0,false,Concussion,false,201610,201610,1
370,00-0027606,Trindon Holliday,WR,TB,2014,9,9,1,0,false,Hamstring,false,201409,201409,1
371,00-0027608,Kyle Williams,WR,SF,2012,1,11,21,21,true,Knee,false,201201,201311,3
372,00-0027651,Dexter McCluster,RB,TEN,2014,1,1,29,28,true,Knee,false,201401,201601,3
373,00-0027651,Dexter McCluster,RB,SD,2016,9,17,8,8,true,Unlabeled (IR),true,201609,201617,1
374,00-0027654,Arrelious Benn,WR,TB,2012,1,11,10,10,true,Shoulder,false,201201,201211,1
375,00-0027654,Arrelious Benn,WR,JAX,2016,16,16,1,0,false,Concussion,false,201616,201616,1
376,00-0027654,Arrelious Benn,WR,JAX,2017,11,17,7,7,true,Knee,true,201711,201717,1
377,00-0027656,Rob Gronkowski,TE,NE,2012,1,14,29,29,true,Forearm,false,201201,201314,2
378,00-0027656,Rob Gronkowski,TE,NE,2015,13,13,1,0,false,Knee,false,201513,201513,1
379,00-0027656,Rob Gronkowski,TE,NE,2016,11,11,1,0,false,Chest,false,201611,201611,1
380,00-0027656,Rob Gronkowski,TE,NE,2016,13,17,5,5,true,Back,true,201613,201617,1
381,00-0027656,Rob Gronkowski,TE,TB,2021,5,7,3,0,false,Ribs,false,202105,202107,1
382,00-0027656,Rob Gronkowski,TE,TB,2021,10,10,1,0,false,Back,false,202110,202110,1
383,00-0027659,Jimmy Clausen,QB,CHI,2014,17,17,1,0,false,Concussion,true,201417,201417,1
384,00-0027675,Ed Dickson,TE,BAL,2012,14,14,1,0,false,Knee,false,201214,201214,1
385,00-0027675,Ed Dickson,TE,SEA,2019,1,17,16,16,true,Knee,true,201901,201917,1
386,00-0027681,Brandon LaFell,WR,OAK,2018,12,17,6,6,true,Unlabeled (IR),true,201812,201817,1
387,00-0027685,Emmanuel Sanders,WR,DEN,2017,7,7,1,0,false,Ankle,false,201707,201707,1
388,00-0027685,Emmanuel Sanders,WR,DEN,2017,17,17,1,0,false,Ankle,true,201717,201717,1
389,00-0027685,Emmanuel Sanders,WR,DEN,2018,14,17,4,4,true,Heel,true,201814,201817,1
390,00-0027685,Emmanuel Sanders,WR,NO,2020,8,8,1,1,true,Unlabeled (IR),false,202008,202008,1
391,00-0027688,Colt McCoy,QB,CLE,2012,17,17,1,0,false,right Shoulder,true,201217,201217,1
392,00-0027688,Colt McCoy,QB,WAS,2014,1,15,14,14,true,Neck,false,201401,201415,1
393,00-0027688,Colt McCoy,QB,WAS,2018,14,3,7,1,false,Fibula,false,201814,201903,2
394,00-0027688,Colt McCoy,QB,ARI,2022,1,5,5,5,true,Unlabeled (IR),false,202201,202205,1
395,00-0027688,Colt McCoy,QB,ARI,2022,16,18,3,0,false,Concussion,true,202216,202218,1
396,00-0027690,Eric Decker,WR,NYJ,2016,4,17,13,11,false,Shoulder,true,201604,201617,1
397,00-0027691,Andre Roberts,WR,WAS,2015,1,15,14,14,true,Knee,false,201501,201515,1
398,00-0027691,Andre Roberts,WR,BUF,2019,1,2,2,0,false,Quadricep,false,201901,201902,1
399,00-0027691,Andre Roberts,WR,BUF,2019,17,17,1,0,false,Foot,true,201917,201917,1
400,00-0027691,Andre Roberts,WR,LAC,2021,16,16,1,1,true,Unlabeled (IR),false,202116,202116,1
401,00-0027691,Andre Roberts,WR,CAR,2022,2,16,14,14,true,Unlabeled (IR),false,202202,202216,1
402,00-0027695,Tony Moeaki,TE,ATL,2015,13,13,1,0,false,Hamstring,false,201513,201513,1
403,00-0027696,Jimmy Graham,TE,SEA,2015,1,12,11,11,true,Unlabeled (IR),false,201501,201512,1
404,00-0027696,Jimmy Graham,TE,SEA,2016,15,15,1,1,true,Not Injury Related,false,201615,201615,1
405,00-0027696,Jimmy Graham,TE,CHI,2021,7,8,2,2,true,Not injury related - resting player,false,202107,202108,1
406,00-0027700,Mardy Gilyard,WR,PHI,2012,10,11,2,0,false,Hamstring,false,201210,201211,1
407,00-0027702,Mike Williams,WR,TB,2013,1,8,7,7,true,Hamstring,false,201301,201308,1
408,00-0027702,Mike Williams,WR,BUF,2014,14,15,2,0,false,Calf,false,201414,201415,1
409,00-0027708,Marcus Easley,WR,BUF,2012,16,16,1,0,false,Hamstring,false,201216,201216,1
410,00-0027708,Marcus Easley,WR,BUF,2014,4,7,4,0,false,Knee,false,201404,201407,1
411,00-0027708,Marcus Easley,WR,BUF,2015,1,17,31,31,true,Concussion,true,201501,201617,2
412,00-0027709,Jacoby Ford,WR,OAK,2012,1,2,2,1,true,Foot,false,201201,201202,1
413,00-0027712,Joe McKnight,RB,NYJ,2012,10,4,5,4,false,Ankle,false,201210,201404,2
414,00-0027713,Aaron Hernandez,TE,NE,2012,3,8,3,0,false,Ankle,false,201203,201208,2
415,00-0027718,Garrett Graham,TE,HOU,2014,14,17,4,0,false,Ankle,true,201414,201417,1
416,00-0027718,Garrett Graham,TE,DEN,2016,1,1,1,1,true,Unlabeled (IR),false,201601,201601,1
417,00-0027725,Clay Harbor,TE,PHI,2012,1,15,14,14,true,Unlabeled (IR),false,201201,201215,1
418,00-0027725,Clay Harbor,TE,JAX,2014,1,2,2,0,false,Calf,false,201401,201402,1
419,00-0027725,Clay Harbor,TE,NO,2017,1,17,16,16,true,Unlabeled (IR),true,201701,201717,1
420,00-0027732,Michael Hoomanawanui,TE,NE,2013,12,13,2,0,false,Knee,false,201312,201313,1
421,00-0027732,Michael Hoomanawanui,TE,NO,2016,1,17,16,16,true,Unlabeled (IR),true,201601,201617,1
422,00-0027732,Michael Hoomanawanui,TE,NO,2017,16,17,18,16,false,Concussion,true,201716,201817,2
423,00-0027753,Andrew Quarless,TE,GB,2012,11,13,3,2,true,Knee,false,201211,201213,1
424,00-0027753,Andrew Quarless,TE,GB,2015,1,17,5,5,true,Unlabeled (IR),true,201501,201517,2
425,00-0027755,David Reed,WR,IND,2013,2,2,1,0,false,Quadricep,false,201302,201302,1
426,00-0027758,Riley Cooper,WR,PHI,2012,1,3,3,0,false,Collarbone,false,201201,201203,1
427,00-0027780,Nate Byham,TE,TB,2013,1,4,4,4,true,Unlabeled (IR),false,201301,201304,1
428,00-0027783,Anthony McCoy,TE,WAS,2015,1,2,14,14,true,Not Injury Related,false,201501,201602,3
429,00-0027791,James Starks,RB,GB,2012,1,17,5,0,false,Toe,true,201201,201217,2
430,00-0027791,James Starks,RB,GB,2013,5,7,3,0,false,Knee,false,201305,201307,1
431,00-0027791,James Starks,RB,GB,2016,7,9,3,0,false,Knee,false,201607,201609,1
432,00-0027791,James Starks,RB,GB,2016,16,17,2,0,false,Concussion,true,201616,201617,1
433,00-0027793,Antonio Brown,WR,PIT,2012,10,11,2,0,false,Ankle,false,201210,201211,1
434,00-0027793,Antonio Brown,WR,PIT,2017,16,17,2,0,false,Calf,true,201716,201717,1
435,00-0027793,Antonio Brown,WR,TB,2020,8,8,1,1,true,Unlabeled (IR),false,202008,202008,1
436,00-0027793,Antonio Brown,WR,TB,2021,3,3,1,1,true,Knee,false,202103,202103,1
437,00-0027793,Antonio Brown,WR,TB,2021,7,15,8,3,false,Ankle,false,202107,202115,1
438,00-0027796,Joe Webb,QB,HOU,2019,1,17,16,16,true,Unlabeled (IR),true,201901,201917,1
439,00-0027809,Mickey Shuler,TE,JAX,2014,4,5,2,0,false,Illness,false,201404,201405,1
440,00-0027819,Dorin Dickerson,TE,DET,2013,12,16,5,5,true,Unlabeled (IR),false,201312,201316,1
441,00-0027827,Dedrick Epps,TE,NYJ,2012,2,4,3,3,true,Unlabeled (IR),false,201202,201204,1
442,00-0027853,Teddy Williams,WR,CAR,2016,8,17,26,26,true,Knee,true,201608,201717,2
443,00-0027854,Sam Bradford,QB,PHI,2015,11,11,1,0,false,Concussion,false,201511,201511,1
444,00-0027854,Sam Bradford,QB,MIN,2017,3,4,2,0,false,Knee,false,201703,201704,1
445,00-0027854,Sam Bradford,QB,MIN,2017,6,17,11,8,false,Knee,true,201706,201717,1
446,00-0027861,C.J. Spiller,RB,NO,2015,1,16,15,15,true,Knee,false,201501,201516,1
447,00-0027864,Ryan Mathews,RB,SD,2012,1,15,14,14,true,Shoulder,false,201201,201215,1
448,00-0027864,Ryan Mathews,RB,SD,2014,3,9,7,0,false,Knee,false,201403,201409,1
449,00-0027864,Ryan Mathews,RB,SD,2014,16,17,2,0,false,Ankle,true,201416,201417,1
450,00-0027864,Ryan Mathews,RB,PHI,2015,11,13,3,0,false,Concussion,false,201511,201513,1
451,00-0027864,Ryan Mathews,RB,PHI,2016,12,13,2,0,false,Knee,false,201612,201613,1
452,00-0027864,Ryan Mathews,RB,PHI,2016,17,17,1,1,true,Unlabeled (IR),true,201617,201617,1
453,00-0027874,Demaryius Thomas,WR,HOU,2018,17,17,1,1,true,Unlabeled (IR),true,201817,201817,1
454,00-0027888,Toby Gerhart,RB,MIN,2013,17,17,1,0,false,Hamstring,true,201317,201317,1
455,00-0027888,Toby Gerhart,RB,JAX,2014,6,7,2,0,false,Foot,false,201406,201407,1
456,00-0027888,Toby Gerhart,RB,JAX,2015,1,2,14,13,true,Groin,false,201501,201602,2
457,00-0027890,Ben Tate,RB,HOU,2012,9,11,3,0,false,Hamstring,false,201209,201211,1
458,00-0027890,Ben Tate,RB,CLE,2014,2,3,2,0,false,Knee,false,201402,201403,1
459,00-0027891,Golden Tate,WR,SEA,2012,1,1,1,0,false,Knee,false,201201,201201,1
460,00-0027891,Golden Tate,WR,NYG,2019,13,13,1,0,false,Concussion,false,201913,201913,1
461,00-0027891,Golden Tate,WR,NYG,2020,16,16,1,0,false,Calf,false,202016,202016,1
462,00-0027893,Damian Williams,WR,TEN,2012,14,15,2,0,false,Hamstring,false,201214,201215,1
463,00-0027893,Damian Williams,WR,TEN,2013,11,13,3,0,false,Hip,false,201311,201313,1
464,00-0027893,Damian Williams,WR,STL,2014,12,12,1,0,false,Hamstring,false,201412,201412,1
465,00-0027902,Dez Bryant,WR,DAL,2015,1,16,15,15,true,Foot,false,201501,201516,1
466,00-0027902,Dez Bryant,WR,NO,2018,10,17,8,8,true,Ankle,true,201810,201817,1
467,00-0027902,Dez Bryant,WR,BAL,2020,14,14,1,1,true,Unlabeled (IR),false,202014,202014,1
468,00-0027905,Will Tukuafu,RB,SEA,2016,14,17,4,3,false,Concussion,true,201614,201617,1
469,00-0027918,Andrew Hawkins,WR,CLE,2015,8,9,2,0,false,Concussion,false,201508,201509,1
470,00-0027918,Andrew Hawkins,WR,CLE,2015,12,15,4,0,false,Concussion,false,201512,201515,1
471,00-0027925,James Develin,RB,NE,2019,3,17,14,13,false,Neck,true,201903,201917,1
472,00-0027939,Cam Newton,QB,CAR,2014,15,15,1,0,false,Back,false,201415,201415,1
473,00-0027939,Cam Newton,QB,CAR,2016,5,5,1,0,false,Concussion,false,201605,201605,1
474,00-0027939,Cam Newton,QB,CAR,2018,16,17,2,0,false,right Shoulder,true,201816,201817,1
475,00-0027939,Cam Newton,QB,CAR,2019,3,17,14,8,false,Foot,true,201903,201917,1
476,00-0027942,A.J. Green,WR,CIN,2016,12,17,4,1,false,Hamstring,true,201612,201617,2
477,00-0027942,A.J. Green,WR,CIN,2018,10,10,1,0,false,Toe,false,201810,201810,1
478,00-0027942,A.J. Green,WR,CIN,2018,14,17,20,5,true,Toe,true,201814,201917,2
479,00-0027942,A.J. Green,WR,ARI,2021,9,9,1,1,true,Unlabeled (IR),false,202109,202109,1
480,00-0027942,A.J. Green,WR,ARI,2022,4,4,1,0,false,Knee,false,202204,202204,1
481,00-0027944,Julio Jones,WR,ATL,2013,1,5,5,5,true,Knee,false,201301,201305,1
482,00-0027944,Julio Jones,WR,ATL,2016,15,15,1,0,false,Toe,false,201615,201615,1
483,00-0027944,Julio Jones,WR,ATL,2020,14,17,4,0,false,Hamstring,true,202014,202017,1
484,00-0027944,Julio Jones,WR,TEN,2021,4,5,2,0,false,Hamstring,false,202104,202105,1
485,00-0027944,Julio Jones,WR,TEN,2021,8,8,1,0,false,Hamstring,false,202108,202108,1
486,00-0027944,Julio Jones,WR,TEN,2021,10,12,3,3,true,Hamstring,false,202110,202112,1
487,00-0027944,Julio Jones,WR,TEN,2021,17,17,1,1,true,Hamstring,false,202117,202117,1
488,00-0027944,Julio Jones,WR,TB,2022,7,7,1,0,false,Knee,false,202207,202207,1
489,00-0027946,Jake Locker,QB,TEN,2012,5,15,28,23,false,left Shoulder,false,201205,201415,3
490,00-0027948,Blaine Gabbert,QB,JAX,2012,1,11,10,10,true,left Shoulder,false,201201,201211,1
491,00-0027948,Blaine Gabbert,QB,JAX,2013,2,3,2,0,false,right Hand,false,201302,201303,1
492,00-0027948,Blaine Gabbert,QB,JAX,2013,6,7,2,0,false,Hamstring,false,201306,201307,1
493,00-0027948,Blaine Gabbert,QB,TB,2019,1,17,16,13,false,left Shoulder,true,201901,201917,1
494,00-0027950,Christian Ponder,QB,MIN,2013,4,4,1,0,false,Rib,false,201304,201304,1
495,00-0027950,Christian Ponder,QB,MIN,2013,14,14,1,0,false,Concussion,false,201314,201314,1
496,00-0027964,Jon Baldwin,WR,KC,2012,11,11,1,0,false,Head,false,201211,201211,1
497,00-0027966,Mark Ingram,RB,NO,2013,5,5,1,0,false,Toe,false,201305,201305,1
498,00-0027966,Mark Ingram,RB,NO,2014,3,5,3,0,false,Hand,false,201403,201405,1
499,00-0027966,Mark Ingram,RB,NO,2015,1,13,12,12,true,Shoulder,false,201501,201513,1
500,00-0027966,Mark Ingram,RB,BAL,2019,17,17,1,0,false,Calf,true,201917,201917,1
501,00-0027966,Mark Ingram,RB,BAL,2020,12,12,1,1,true,Not Injury Related,false,202012,202012,1
502,00-0027966,Mark Ingram,RB,NO,2021,14,14,1,1,true,Knee,false,202114,202114,1
503,00-0027966,Mark Ingram,RB,NO,2022,9,11,3,0,false,Knee,false,202209,202211,1
504,00-0027966,Mark Ingram,RB,NO,2022,15,18,4,4,true,Knee,true,202215,202218,1
505,00-0027973,Andy Dalton,QB,CIN,2015,15,17,3,0,false,right Thumb,true,201515,201517,1
506,00-0027973,Andy Dalton,QB,CIN,2018,13,17,5,5,true,Unlabeled (IR),true,201813,201817,1
507,00-0027973,Andy Dalton,QB,DAL,2020,8,9,2,1,false,Concussion,false,202008,202009,1
508,00-0027973,Andy Dalton,QB,CHI,2021,3,3,1,0,false,Knee,false,202103,202103,1
509,00-0027973,Andy Dalton,QB,CHI,2021,15,16,2,1,true,left Hand,false,202115,202116,1
510,00-0027974,Colin Kaepernick,QB,SF,2015,1,9,9,9,true,right Hand,false,201501,201509,1
511,00-0027981,Kyle Rudolph,TE,MIN,2013,1,14,13,13,true,Foot,false,201301,201314,1
512,00-0027981,Kyle Rudolph,TE,MIN,2014,4,9,6,0,false,Abdomen,false,201404,201409,1
513,00-0027981,Kyle Rudolph,TE,MIN,2020,15,17,3,1,false,Foot,true,202015,202017,1
514,00-0027982,Titus Young,WR,DET,2012,1,13,12,12,true,Not Injury Related,false,201201,201213,1
515,00-0027994,Shane Vereen,RB,NE,2012,1,1,1,0,false,Foot,false,201201,201201,1
516,00-0027994,Shane Vereen,RB,NYG,2016,4,13,9,9,true,Unlabeled (IR),false,201604,201613,1
517,00-0027994,Shane Vereen,RB,NYG,2016,16,17,2,2,true,Triceps,true,201616,201617,1
518,00-0027996,Torrey Smith,WR,SF,2016,15,17,3,2,false,Concussion,true,201615,201617,1
519,00-0027996,Torrey Smith,WR,CAR,2018,8,11,4,0,false,Knee,false,201808,201811,1
520,00-0028000,Daniel Thomas,RB,MIA,2012,1,15,14,14,true,Concussion,false,201201,201215,1
521,00-0028000,Daniel Thomas,RB,MIA,2013,13,13,1,0,false,Ankle,false,201313,201313,1
522,00-0028002,Randall Cobb,WR,GB,2018,5,5,1,0,false,Hamstring,false,201805,201805,1
523,00-0028002,Randall Cobb,WR,GB,2018,11,11,1,0,false,Hamstring,false,201811,201811,1
524,00-0028002,Randall Cobb,WR,HOU,2020,12,17,6,6,true,Toe,true,202012,202017,1
525,00-0028002,Randall Cobb,WR,GB,2021,14,18,5,5,true,Core,true,202114,202118,1
526,00-0028002,Randall Cobb,WR,GB,2022,7,10,4,4,true,Ankle,false,202207,202210,1
527,00-0028007,Rob Housler,TE,ARI,2013,1,2,2,0,false,Ankle,false,201301,201302,1
528,00-0028007,Rob Housler,TE,CLE,2015,7,8,2,0,false,Hamstring,false,201507,201508,1
529,00-0028009,DeMarco Murray,RB,DAL,2012,7,10,4,0,false,Foot,false,201207,201210,1
530,00-0028009,DeMarco Murray,RB,TEN,2017,17,17,1,0,false,Knee,true,201717,201717,1
531,00-0028011,Stevan Ridley,RB,NE,2013,5,5,1,0,false,Knee,false,201305,201305,1
532,00-0028011,Stevan Ridley,RB,NE,2014,1,7,7,6,true,Knee,false,201401,201407,1
533,00-0028017,Leonard Hankerson,WR,WAS,2013,1,11,10,10,true,Hamstring,false,201301,201311,1
534,00-0028017,Leonard Hankerson,WR,ATL,2015,8,9,2,0,false,Hamstring,false,201508,201509,1
535,00-0028017,Leonard Hankerson,WR,ATL,2015,12,12,1,0,false,Hamstring,false,201512,201512,1
536,00-0028020,Vincent Brown,WR,OAK,2014,7,9,3,0,false,Hamstring,false,201407,201409,1
537,00-0028020,Vincent Brown,WR,OAK,2014,16,17,2,0,false,Groin,true,201416,201417,1
538,00-0028021,Jerrel Jernigan,WR,NYG,2014,1,2,2,2,true,Unlabeled (IR),false,201401,201402,1
539,00-0028040,Jordan Cameron,TE,CLE,2012,16,17,2,0,false,Head,true,201216,201217,1
540,00-0028040,Jordan Cameron,TE,CLE,2013,16,16,1,0,false,Concussion,false,201316,201316,1
541,00-0028040,Jordan Cameron,TE,CLE,2014,9,12,4,0,false,Concussion,false,201409,201412,1
542,00-0028040,Jordan Cameron,TE,MIA,2016,4,17,13,9,false,Concussion,true,201604,201617,1
543,00-0028042,Luke Stocker,TE,TB,2013,1,3,3,3,true,Hip,false,201301,201303,1
544,00-0028042,Luke Stocker,TE,TB,2016,3,4,2,0,false,Ankle,false,201603,201604,1
545,00-0028042,Luke Stocker,TE,TB,2016,14,14,1,0,false,Ankle,false,201614,201614,1
546,00-0028043,Roy Helu,RB,WAS,2012,1,3,3,3,true,Unlabeled (IR),false,201201,201203,1
547,00-0028043,Roy Helu,RB,WAS,2014,15,15,1,0,false,Toe,false,201415,201415,1
548,00-0028049,Edmond Gates,WR,NYJ,2012,14,6,7,6,false,Concussion,false,201214,201306,2
549,00-0028050,Greg Salas,WR,NYJ,2013,7,7,1,0,false,Knee,false,201307,201307,1
550,00-0028050,Greg Salas,WR,NYJ,2014,1,13,12,12,true,Wrist,false,201401,201413,1
551,00-0028050,Greg Salas,WR,BUF,2016,4,8,5,4,false,Groin,false,201604,201608,1
552,00-0028052,Cecil Shorts,WR,JAX,2012,1,15,29,29,true,Concussion,false,201201,201315,2
553,00-0028052,Cecil Shorts,WR,JAX,2014,5,5,1,0,false,Hamstring,false,201405,201405,1
554,00-0028052,Cecil Shorts,WR,HOU,2015,5,5,1,0,false,Shoulder,false,201505,201505,1
555,00-0028052,Cecil Shorts,WR,HOU,2015,7,8,2,0,false,Hamstring,false,201507,201508,1
556,00-0028052,Cecil Shorts,WR,HOU,2015,16,17,2,0,false,Hamstring,true,201516,201517,1
557,00-0028052,Cecil Shorts,WR,TB,2016,3,5,3,0,false,Hamstring,false,201603,201605,1
558,00-0028052,Cecil Shorts,WR,TB,2016,14,17,4,4,true,Unlabeled (IR),true,201614,201617,1
559,00-0028053,Kendall Hunter,RB,SF,2012,1,12,11,11,true,Unlabeled (IR),false,201201,201212,1
560,00-0028053,Kendall Hunter,RB,NO,2015,15,16,2,2,true,Unlabeled (IR),false,201515,201516,1
561,00-0028057,Delone Carter,RB,IND,2012,15,17,3,0,false,Ankle,true,201215,201217,1
562,00-0028063,Taiwan Jones,RB,OAK,2014,1,2,2,1,true,Foot,false,201401,201402,1
563,00-0028063,Taiwan Jones,RB,OAK,2015,5,5,1,0,false,Foot,false,201505,201505,1
564,00-0028063,Taiwan Jones,RB,BUF,2017,10,17,8,8,true,Unlabeled (IR),true,201710,201717,1
565,00-0028063,Taiwan Jones,RB,BUF,2018,7,14,11,8,false,Neck,false,201807,201914,2
566,00-0028063,Taiwan Jones,RB,BUF,2020,9,10,2,0,false,Hamstring,false,202009,202010,1
567,00-0028064,Bilal Powell,RB,NYJ,2015,7,8,2,0,false,Ankle,false,201507,201508,1
568,00-0028064,Bilal Powell,RB,NYJ,2018,8,17,9,9,true,Unlabeled (IR),true,201808,201817,1
569,00-0028064,Bilal Powell,RB,NYJ,2019,15,15,1,0,false,Ankle,false,201915,201915,1
570,00-0028067,Julius Thomas,TE,JAX,2015,1,4,4,0,false,Hand,false,201501,201504,1
571,00-0028067,Julius Thomas,TE,JAX,2016,12,17,5,4,false,Back,true,201612,201617,2
572,00-0028067,Julius Thomas,TE,MIA,2017,16,17,2,2,true,Unlabeled (IR),true,201716,201717,1
573,00-0028070,Kealoha Pilares,WR,CAR,2012,1,9,8,8,true,Foot,false,201201,201209,1
574,00-0028071,Johnny White,RB,GB,2012,13,13,1,0,false,Concussion,false,201213,201213,1
575,00-0028074,Anthony Sherman,RB,KC,2020,8,8,1,1,true,Unlabeled (IR),false,202008,202008,1
576,00-0028083,Jacquizz Rodgers,RB,ATL,2013,17,17,1,0,false,Concussion,true,201317,201317,1
577,00-0028083,Jacquizz Rodgers,RB,CHI,2015,1,1,6,6,true,Unlabeled (IR),false,201501,201601,2
578,00-0028083,Jacquizz Rodgers,RB,TB,2016,9,11,3,0,false,Foot,false,201609,201611,1
579,00-0028086,Denarius Moore,WR,OAK,2013,12,14,3,0,false,Shoulder,false,201312,201314,1
580,00-0028086,Denarius Moore,WR,OAK,2014,15,17,3,0,false,Knee,true,201415,201417,1
581,00-0028087,Dion Lewis,RB,NE,2015,1,8,16,16,true,Abdomen,false,201501,201608,2
582,00-0028090,T.J. Yates,QB,HOU,2016,1,1,3,3,true,Unlabeled (IR),false,201601,201701,2
583,00-0028091,Jeremy Kerley,WR,NYJ,2013,2,2,1,0,false,Concussion,false,201302,201302,1
584,00-0028091,Jeremy Kerley,WR,NYJ,2013,11,11,1,0,false,Elbow,false,201311,201311,1
585,00-0028093,Niles Paul,TE,WAS,2016,10,17,8,8,true,Unlabeled (IR),true,201610,201617,1
586,00-0028093,Niles Paul,TE,WAS,2017,9,9,1,0,false,Concussion,false,201709,201709,1
587,00-0028093,Niles Paul,TE,JAX,2018,7,14,7,7,true,Unlabeled (IR),false,201807,201814,1
588,00-0028097,Lee Smith,TE,OAK,2016,5,17,12,12,true,Unlabeled (IR),true,201605,201617,1
589,00-0028112,Charles Clay,TE,MIA,2012,1,15,14,14,true,Ribs,false,201201,201215,1
590,00-0028112,Charles Clay,TE,BUF,2015,1,16,15,15,true,Back,false,201501,201516,1
591,00-0028112,Charles Clay,TE,BUF,2017,7,9,3,0,false,Knee,false,201707,201709,1
592,00-0028112,Charles Clay,TE,BUF,2018,10,10,1,0,false,Hamstring,false,201810,201810,1
593,00-0028114,Dwayne Harris,WR,DAL,2013,13,16,3,0,false,Hamstring,false,201313,201316,2
594,00-0028114,Dwayne Harris,WR,NYG,2017,6,17,11,11,true,Unlabeled (IR),true,201706,201717,1
595,00-0028114,Dwayne Harris,WR,OAK,2019,3,17,14,12,false,Ankle,true,201903,202017,3
596,00-0028115,Evan Royster,RB,WAS,2013,1,14,13,13,true,Back,false,201301,201314,1
597,00-0028118,Tyrod Taylor,QB,BUF,2015,7,7,1,0,false,Knee,false,201507,201507,1
598,00-0028118,Tyrod Taylor,QB,LAC,2020,3,5,3,0,false,Ribs,false,202003,202005,1
599,00-0028118,Tyrod Taylor,QB,HOU,2021,3,8,6,6,true,Thigh,false,202103,202108,1
600,00-0028118,Tyrod Taylor,QB,NYG,2022,5,5,1,0,false,Concussion,false,202205,202205,1
601,00-0028118,Tyrod Taylor,QB,NYG,2023,9,12,4,4,true,Ribs,false,202309,202312,1
602,00-0028118,Tyrod Taylor,QB,NYJ,2025,8,8,1,0,false,Knee,false,202508,202508,1
603,00-0028118,Tyrod Taylor,QB,NYJ,2025,15,15,1,0,false,Groin,false,202515,202515,1
604,00-0028119,Richard Gordon,TE,OAK,2012,6,8,4,0,false,Hamstring,false,201206,201308,2
605,00-0028121,Jordan Todman,RB,JAX,2012,13,15,3,3,true,Calf,false,201213,201215,1
606,00-0028121,Jordan Todman,RB,HOU,2017,6,17,2,0,false,Calf,true,201706,201717,2
607,00-0028142,Virgil Green,TE,DEN,2016,3,4,2,0,false,Calf,false,201603,201604,1
608,00-0028142,Virgil Green,TE,DEN,2016,16,16,1,0,false,Concussion,false,201616,201616,1
609,00-0028142,Virgil Green,TE,LAC,2019,4,4,1,0,false,Groin,false,201904,201904,1
610,00-0028142,Virgil Green,TE,LAC,2020,8,17,10,10,true,Ankle,true,202008,202017,1
611,00-0028149,Bruce Miller,RB,SF,2013,1,15,14,14,true,Hamstring,false,201301,201315,1
612,00-0028156,Ryan Taylor,TE,GB,2013,7,8,2,0,false,Knee,false,201307,201308,1
613,00-0028159,Da'Rel Scott,RB,NYG,2012,1,6,12,11,true,Knee,false,201201,201306,3
614,00-0028170,Baron Batch,RB,PIT,2012,1,16,12,12,true,Groin,false,201201,201216,2
615,00-0028174,Stephen Burton,WR,JAX,2013,1,14,13,13,true,Concussion,false,201301,201314,1
616,00-0028179,David Ausberry,TE,OAK,2013,1,12,14,13,true,Shoulder,false,201301,201412,2
617,00-0028198,Matt Asiata,RB,MIN,2013,8,10,3,0,false,Shoulder,false,201308,201310,1
618,00-0028198,Matt Asiata,RB,MIN,2014,12,12,1,0,false,Concussion,false,201412,201412,1
619,00-0028202,Shaun Draughn,RB,SF,2015,9,16,7,7,true,Knee,false,201509,201516,1
620,00-0028237,Chris Hogan,WR,NE,2016,11,11,1,0,false,Back,false,201611,201611,1
621,00-0028237,Chris Hogan,WR,NE,2017,10,13,4,0,false,Shoulder,false,201710,201713,1
622,00-0028237,Chris Hogan,WR,CAR,2019,5,14,9,9,true,Knee,false,201905,201914,1
623,00-0028237,Chris Hogan,WR,NYJ,2020,6,12,6,6,true,Ribs,false,202006,202012,1
624,00-0028238,Konrad Reuland,TE,NYJ,2013,1,11,10,10,true,Knee,false,201301,201311,1
625,00-0028263,Andre Holmes,WR,BUF,2017,16,17,2,1,false,Neck,true,201716,201717,1
626,00-0028263,Andre Holmes,WR,DEN,2018,17,17,1,1,true,Ankle,true,201817,201817,1
627,00-0028267,Allen Reisner,TE,BAL,2016,1,2,2,2,true,Unlabeled (IR),false,201601,201602,1
628,00-0028292,Nick Bellore,RB,SF,2016,16,17,2,2,true,Unlabeled (IR),true,201616,201617,1
629,00-0028292,Nick Bellore,RB,DET,2018,13,13,1,0,false,Ankle,false,201813,201813,1
630,00-0028292,Nick Bellore,RB,SEA,2022,8,8,1,0,false,Concussion,false,202208,202208,1
631,00-0028292,Nick Bellore,RB,WAS,2024,11,17,2,0,false,Knee,false,202411,202517,2
632,00-0028345,Robert Hughes,RB,IND,2012,9,14,6,6,true,Unlabeled (IR),false,201209,201214,1
633,00-0028352,Dane Sanzenbacher,WR,CIN,2014,1,17,16,16,true,Unlabeled (IR),true,201401,201417,1
634,00-0028353,Andre Smith,TE,CLE,2013,15,17,3,0,false,Calf,true,201315,201317,1
635,00-0028406,Tommy Gallarda,TE,ATL,2012,1,10,9,9,true,Unlabeled (IR),false,201201,201210,1
636,00-0028411,Dontrelle Inman,WR,SD,2015,14,14,1,0,false,Neck,false,201514,201514,1
637,00-0028411,Dontrelle Inman,WR,IND,2018,14,14,1,0,false,Shoulder,false,201814,201814,1
638,00-0028411,Dontrelle Inman,WR,LAC,2019,5,11,7,7,true,Unlabeled (IR),false,201905,201911,1
639,00-0028411,Dontrelle Inman,WR,WAS,2020,10,10,1,0,false,Hamstring,false,202010,202010,1
640,00-0028434,Doug Baldwin,WR,SEA,2012,8,8,1,0,false,Ankle,false,201208,201208,1
641,00-0028434,Doug Baldwin,WR,SEA,2018,2,3,2,0,false,Knee,false,201802,201803,1
642,00-0028442,Ricardo Lockette,WR,SEA,2015,1,2,11,10,true,Neck,false,201501,201602,2
643,00-0028451,Brett Brackett,TE,TEN,2014,6,15,9,9,true,Unlabeled (IR),false,201406,201415,3
644,00-0028453,Pat Devlin,QB,MIA,2013,1,2,2,0,false,Ankle,false,201301,201302,1
645,00-0028479,Demarcus Dobbs,TE,SF,2012,1,14,17,13,true,Not Injury Related,false,201201,201514,4
646,00-0028497,Kamar Aiken,WR,IND,2017,10,10,1,0,false,Hamstring,false,201710,201710,1
647,00-0028532,Joe Morgan,WR,NO,2012,8,8,1,0,false,Chest,false,201208,201208,1
648,00-0028542,Lestar Jean,WR,HOU,2012,4,5,2,0,false,Knee,false,201204,201205,1
649,00-0028602,Brandon Saine,RB,GB,2012,1,6,6,6,true,Unlabeled (IR),false,201201,201206,1
650,00-0028627,Marcus Harris,WR,NYG,2016,1,2,2,2,true,Unlabeled (IR),false,201601,201602,1
651,00-0028645,Darren Evans,RB,TEN,2012,12,12,1,1,true,Unlabeled (IR),false,201212,201212,1
652,00-0028651,Mike McNeill,TE,STL,2012,14,14,1,0,false,Thigh,false,201214,201214,1
653,00-0028702,Chris Matthews,WR,BAL,2016,1,17,16,16,true,Unlabeled (IR),true,201601,201617,1
654,00-0028792,Kevin Cone,WR,ATL,2012,1,16,15,15,true,Groin,false,201201,201216,1
655,00-0028795,Chase Reynolds,RB,STL,2015,2,2,1,0,false,Knee,false,201502,201502,1
656,00-0028825,Terrelle Pryor,WR,WAS,2017,11,17,7,6,false,Ankle,true,201711,201717,1
657,00-0028838,Larry Donnell,TE,NYG,2015,1,13,12,12,true,Neck,false,201501,201513,1
658,00-0028838,Larry Donnell,TE,NYG,2016,3,3,1,1,true,Unlabeled (IR),false,201603,201603,1
659,00-0028838,Larry Donnell,TE,NYG,2016,5,5,1,0,false,Concussion,false,201605,201605,1
660,00-0028841,Will Johnson,RB,NYG,2016,1,17,16,16,true,Unlabeled (IR),true,201601,201617,1
661,00-0028876,Collin Mooney,RB,TEN,2013,1,13,12,12,true,Unlabeled (IR),false,201301,201313,1
662,00-0028903,Garrett Celek,TE,SF,2014,13,13,15,15,true,Ankle,false,201413,201513,2
663,00-0028903,Garrett Celek,TE,SF,2018,17,9,9,8,false,Concussion,false,201817,201909,2
664,00-0028903,Garrett Celek,TE,SF,2019,15,17,3,3,true,Back,true,201915,201917,1
665,00-0028905,Chris Owusu,WR,NYJ,2015,1,2,8,8,true,Knee,false,201501,201602,2
666,00-0028958,Cory Harkey,TE,STL,2013,1,1,1,0,false,Knee,false,201301,201301,1
667,00-0028958,Cory Harkey,TE,LA,2016,15,17,3,3,true,Tricep,true,201615,201617,1
668,00-0028986,Case Keenum,QB,HOU,2013,16,16,1,0,false,right Thumb,false,201316,201316,1
669,00-0028986,Case Keenum,QB,WAS,2019,9,9,1,0,false,Concussion,false,201909,201909,1
670,00-0028986,Case Keenum,QB,CLE,2021,15,15,1,1,true,Unlabeled (IR),false,202115,202115,1
671,00-0028986,Case Keenum,QB,HOU,2024,1,18,17,17,true,Unlabeled (IR),true,202401,202418,1
672,00-0028987,Phillip Supernaw,TE,TEN,2016,12,12,1,0,false,Concussion,false,201612,201612,1
673,00-0028995,Stephen Hill,WR,NYJ,2012,1,15,28,27,true,Hamstring,false,201201,201315,2
674,00-0029000,Cole Beasley,WR,BUF,2020,17,17,1,0,false,Knee,true,202017,202017,1
675,00-0029000,Cole Beasley,WR,BUF,2021,16,16,1,1,true,Not injury related - resting player,false,202116,202116,1
676,00-0029004,Lance Dunbar,RB,DAL,2013,1,13,12,12,true,Hamstring,false,201301,201313,1
677,00-0029004,Lance Dunbar,RB,DAL,2015,1,4,4,4,true,Unlabeled (IR),false,201501,201504,1
678,00-0029004,Lance Dunbar,RB,LA,2017,1,9,8,8,true,Unlabeled (IR),false,201701,201709,1
679,00-0029033,Griff Whalen,WR,MIA,2016,1,1,1,1,true,Unlabeled (IR),false,201601,201601,1
680,00-0029051,Jarrett Boykin,WR,GB,2014,5,6,2,0,false,Groin,false,201405,201406,1
681,00-0029068,Derrick Coleman,RB,SEA,2013,8,10,3,0,false,Hamstring,false,201308,201310,1
682,00-0029068,Derrick Coleman,RB,SEA,2014,1,8,7,6,true,Foot,false,201401,201408,1
683,00-0029068,Derrick Coleman,RB,SEA,2015,7,7,1,0,false,Concussion,false,201507,201507,1
684,00-0029104,Jonas Gray,RB,NE,2014,17,17,1,0,false,Ankle,true,201417,201417,1
685,00-0029119,Derek Carrier,TE,SF,2014,1,8,33,32,true,Foot,false,201401,201608,3
686,00-0029119,Derek Carrier,TE,LV,2021,5,17,12,12,true,Pectoral,false,202105,202117,1
687,00-0029129,Rod Streater,WR,OAK,2014,4,4,1,0,false,Foot,false,201404,201404,1
688,00-0029129,Rod Streater,WR,CLE,2018,7,17,10,10,true,Unlabeled (IR),true,201807,201817,1
689,00-0029137,Alshon Jeffery,WR,CHI,2012,7,12,4,0,false,Hand,false,201207,201212,2
690,00-0029137,Alshon Jeffery,WR,CHI,2015,1,16,15,15,true,Hamstring,false,201501,201516,1
691,00-0029137,Alshon Jeffery,WR,PHI,2018,1,2,2,0,false,Shoulder,false,201801,201802,1
692,00-0029137,Alshon Jeffery,WR,PHI,2019,11,11,1,0,false,Ankle,false,201911,201911,1
693,00-0029137,Alshon Jeffery,WR,PHI,2019,15,8,11,3,true,Foot,false,201915,202008,2
694,00-0029140,Chris Rainey,RB,IND,2013,12,14,3,3,true,Unlabeled (IR),false,201312,201314,1
695,00-0029151,Matt Simms,QB,ATL,2019,1,17,16,16,true,Unlabeled (IR),true,201901,201917,1
696,00-0029155,Mike Brown,WR,JAX,2013,3,5,3,0,false,Back,false,201303,201305,1
697,00-0029159,Jermaine Kearse,WR,SEA,2014,17,17,1,0,false,Hamstring,true,201417,201417,1
698,00-0029159,Jermaine Kearse,WR,NYJ,2018,17,17,17,16,false,Achilles,true,201817,201917,2
699,00-0029183,Danny Noble,TE,TB,2012,1,8,7,7,true,Unlabeled (IR),false,201201,201208,1
700,00-0029205,Travaris Cadet,RB,NO,2012,5,5,1,0,false,Shoulder,false,201205,201205,1
701,00-0029205,Travaris Cadet,RB,BUF,2017,17,17,1,1,true,Unlabeled (IR),true,201717,201717,1
702,00-0029209,Ryan Broyles,WR,DET,2012,1,8,20,20,true,Unlabeled (IR),false,201201,201308,2
703,00-0029227,Patrick Edwards,WR,DET,2013,3,3,1,0,false,Ankle,false,201303,201303,1
704,00-0029234,Kellen Moore,QB,DAL,2016,1,17,16,16,true,Unlabeled (IR),true,201601,201617,1
705,00-0029239,Brandon Bolden,RB,NE,2012,7,10,3,0,false,Knee,false,201207,201210,1
706,00-0029239,Brandon Bolden,RB,NE,2016,5,5,1,0,false,Knee,false,201605,201605,1
707,00-0029239,Brandon Bolden,RB,NE,2019,2,2,1,0,false,Hamstring,false,201902,201902,1
708,00-0029239,Brandon Bolden,RB,NE,2020,8,17,10,10,true,Unlabeled (IR),true,202008,202017,1
709,00-0029251,David Wilson,RB,NYG,2013,1,8,8,8,true,Neck,false,201301,201308,1
710,00-0029262,Rueben Randle,WR,CHI,2017,1,1,1,1,true,Unlabeled (IR),false,201701,201701,1
711,00-0029263,Russell Wilson,QB,SEA,2021,6,8,3,3,true,right Finger,false,202106,202108,1
712,00-0029263,Russell Wilson,QB,DEN,2022,15,15,1,0,false,Concussion,false,202215,202215,1
713,00-0029264,Bernard Pierce,RB,JAX,2015,1,13,12,12,true,Concussion,false,201501,201513,1
714,00-0029269,Travis Benjamin,WR,LAC,2018,5,6,2,0,false,Foot,false,201805,201806,1
715,00-0029269,Travis Benjamin,WR,LAC,2019,7,17,19,19,true,Quadricep,true,201907,202017,2
716,00-0029273,Robert Turbin,RB,CLE,2015,1,4,4,0,false,Ankle,false,201501,201504,1
717,00-0029273,Robert Turbin,RB,IND,2017,7,17,10,10,true,Elbow,true,201707,201717,1
718,00-0029273,Robert Turbin,RB,IND,2018,7,8,2,0,false,Shoulder,false,201807,201808,1
719,00-0029274,Devon Wylie,WR,KC,2012,2,6,4,0,false,Hamstring,false,201202,201206,2
720,00-0029275,Ladarius Green,TE,SD,2015,1,9,23,23,true,Ankle,false,201501,201609,2
721,00-0029275,Ladarius Green,TE,PIT,2016,17,17,1,0,false,Concussion,true,201617,201617,1
722,00-0029281,Adrien Robinson,TE,NYG,2013,1,17,7,0,false,Foot,true,201301,201317,2
723,00-0029293,Marvin Jones,WR,CIN,2012,9,10,2,0,false,Knee,false,201209,201210,1
724,00-0029293,Marvin Jones,WR,CIN,2014,1,6,5,5,true,Foot,false,201401,201406,1
725,00-0029293,Marvin Jones,WR,DET,2018,11,17,7,5,false,Knee,true,201811,201817,1
726,00-0029293,Marvin Jones,WR,DET,2019,15,17,3,3,true,Unlabeled (IR),true,201915,201917,1
727,00-0029293,Marvin Jones,WR,DET,2023,7,7,1,0,false,Not injury related - personal matter,false,202307,202307,1
728,00-0029298,Cyrus Gray,RB,KC,2014,1,10,9,9,true,Hand,false,201401,201410,1
729,00-0029308,Greg Scruggs,TE,SEA,2012,1,9,8,7,false,Hamstring,false,201201,201409,3
730,00-0029308,Greg Scruggs,TE,NE,2016,6,17,11,11,true,Knee,true,201606,201617,1
731,00-0029311,Junior Hemingway,WR,KC,2014,13,14,2,0,false,Concussion,false,201413,201414,1
732,00-0029317,Edwin Baker,RB,NO,2014,11,11,1,0,false,Concussion,false,201411,201411,1
733,00-0029319,Josh Bellamy,WR,NYJ,2019,9,17,9,8,false,Foot,true,201909,201917,1
734,00-0029336,Brittan Golden,WR,ARI,2013,7,10,2,0,false,Hamstring,false,201307,201310,2
735,00-0029336,Brittan Golden,WR,ARI,2017,16,1,3,3,true,Unlabeled (IR),false,201716,201901,2
736,00-0029343,LaRon Byrd,WR,CAR,2016,1,17,16,16,true,Unlabeled (IR),true,201601,201617,1
737,00-0029358,Nate Eachus,RB,KC,2012,9,9,1,0,false,Head,false,201209,201209,1
738,00-0029388,Deonte Thompson,WR,BUF,2018,17,17,1,0,false,Toe,true,201817,201817,1
739,00-0029394,Brenton Bersin,WR,CAR,2017,1,1,1,1,true,Unlabeled (IR),false,201701,201701,1
740,00-0029414,Orson Charles,TE,CLE,2018,15,17,3,3,true,Ankle,true,201815,201817,1
741,00-0029432,Chase Ford,TE,MIN,2015,1,9,8,8,true,Shoulder,false,201501,201509,1
742,00-0029438,Chris Polk,RB,PHI,2012,10,13,4,0,false,Toe,false,201210,201213,1
743,00-0029438,Chris Polk,RB,PHI,2014,6,6,1,0,false,Hamstring,false,201406,201406,1
744,00-0029441,Jeremy Stewart,RB,OAK,2013,14,16,3,0,false,Ankle,false,201314,201316,1
745,00-0029463,DeAndre Presley,WR,CAR,2014,13,16,4,4,true,Unlabeled (IR),false,201413,201416,1
746,00-0029492,Jamize Olawale,RB,OAK,2015,2,2,1,0,false,Ankle,false,201502,201502,1
747,00-0029492,Jamize Olawale,RB,OAK,2017,1,1,1,0,false,Quadricep,false,201701,201701,1
748,00-0029492,Jamize Olawale,RB,OAK,2017,6,6,1,0,false,Concussion,false,201706,201706,1
749,00-0029492,Jamize Olawale,RB,DAL,2020,8,17,9,9,true,Unlabeled (IR),true,202008,202017,1
750,00-0029510,Jonathan Grimes,RB,HOU,2015,4,5,2,0,false,Knee,false,201504,201505,1
751,00-0029510,Jonathan Grimes,RB,HOU,2016,4,7,4,0,false,Ankle,false,201604,201607,1
752,00-0029510,Jonathan Grimes,RB,HOU,2016,11,11,1,0,false,Illness,false,201611,201611,1
753,00-0029534,Cooper Helfet,TE,SEA,2014,1,1,1,0,false,Knee,false,201401,201401,1
754,00-0029534,Cooper Helfet,TE,SEA,2014,13,13,1,0,false,Ankle,false,201413,201413,1
755,00-0029547,Vick Ballard,RB,IND,2013,1,1,3,1,true,Knee,false,201301,201501,2
756,00-0029552,Jeremy Ebert,WR,JAX,2013,2,16,9,8,true,Ankle,false,201302,201316,2
757,00-0029567,Nick Foles,QB,PHI,2012,1,16,15,15,true,Unlabeled (IR),false,201201,201216,1
758,00-0029567,Nick Foles,QB,PHI,2013,8,8,1,0,false,Concussion,false,201308,201308,1
759,00-0029567,Nick Foles,QB,PHI,2014,10,17,8,0,false,Collarbone,true,201410,201417,1
760,00-0029567,Nick Foles,QB,JAX,2019,2,9,8,8,true,Abdomen,false,201902,201909,1
761,00-0029567,Nick Foles,QB,CHI,2021,9,9,1,0,false,Not injury related - personal matter,false,202109,202109,1
762,00-0029567,Nick Foles,QB,IND,2022,18,18,1,0,false,Ribs,true,202218,202218,1
763,00-0029572,Jarius Wright,WR,MIN,2012,1,1,1,0,false,Ankle,false,201201,201201,1
764,00-0029580,Rishard Matthews,WR,MIA,2015,1,16,15,15,true,Ribs,false,201501,201516,1
765,00-0029580,Rishard Matthews,WR,NYJ,2018,16,17,2,2,true,Unlabeled (IR),true,201816,201817,1
766,00-0029587,Rhett Ellison,TE,MIN,2013,3,4,2,0,false,Knee,false,201303,201304,1
767,00-0029587,Rhett Ellison,TE,MIN,2013,8,9,2,0,false,Ankle,false,201308,201309,1
768,00-0029587,Rhett Ellison,TE,MIN,2015,1,17,16,16,true,Concussion,true,201501,201517,1
769,00-0029587,Rhett Ellison,TE,NYG,2018,17,17,1,0,false,Concussion,true,201817,201817,1
770,00-0029587,Rhett Ellison,TE,NYG,2019,12,17,6,1,false,Concussion,true,201912,201917,1
771,00-0029588,Dan Herron,RB,IND,2013,6,13,7,7,true,Ankle,false,201306,201313,1
772,00-0029590,Taylor Thompson,TE,TEN,2014,1,8,8,8,true,Knee,false,201401,201408,1
773,00-0029601,Brandon Bostick,TE,GB,2013,1,1,16,14,true,Foot,false,201301,201401,2
774,00-0029601,Brandon Bostick,TE,GB,2014,11,12,2,0,false,Hip,false,201411,201412,1
775,00-0029604,Kirk Cousins,QB,MIN,2021,17,17,1,1,true,Ribs,false,202117,202117,1
776,00-0029604,Kirk Cousins,QB,MIN,2023,9,18,9,9,true,Unlabeled (IR),true,202309,202318,1
777,00-0029608,T.Y. Hilton,WR,IND,2018,5,6,2,0,false,Chest,false,201805,201806,1
778,00-0029608,T.Y. Hilton,WR,IND,2019,9,11,3,0,false,Calf,false,201909,201911,1
779,00-0029608,T.Y. Hilton,WR,IND,2019,13,14,2,0,false,Calf,false,201913,201914,1
780,00-0029608,T.Y. Hilton,WR,IND,2021,1,5,5,5,true,Unlabeled (IR),false,202101,202105,1
781,00-0029608,T.Y. Hilton,WR,IND,2021,9,9,1,0,false,Concussion,false,202109,202109,1
782,00-0029613,Doug Martin,RB,TB,2013,1,9,8,8,true,Shoulder,false,201301,201309,1
783,00-0029613,Doug Martin,RB,TB,2014,11,11,1,0,false,Ankle,false,201411,201411,1
784,00-0029613,Doug Martin,RB,TB,2016,3,9,5,0,false,Hamstring,false,201603,201609,2
785,00-0029613,Doug Martin,RB,TB,2017,13,13,1,0,false,Concussion,false,201713,201713,1
786,00-0029615,Lamar Miller,RB,HOU,2016,17,17,1,0,false,Ankle,true,201617,201617,1
787,00-0029615,Lamar Miller,RB,HOU,2019,1,17,16,16,true,Unlabeled (IR),true,201901,201917,1
788,00-0029623,Alex Tanney,QB,TEN,2017,1,17,16,16,true,Unlabeled (IR),true,201701,201717,1
789,00-0029632,Mohamed Sanu,WR,CIN,2012,1,13,12,12,true,Foot,false,201201,201213,1
790,00-0029632,Mohamed Sanu,WR,ATL,2016,14,14,1,0,false,Groin,false,201614,201614,1
791,00-0029632,Mohamed Sanu,WR,ATL,2017,6,6,1,0,false,Hamstring,false,201706,201706,1
792,00-0029632,Mohamed Sanu,WR,SF,2021,10,18,9,9,true,Knee,true,202110,202118,1
793,00-0029634,James Hanna,TE,DAL,2016,1,17,16,16,true,Unlabeled (IR),true,201601,201617,1
794,00-0029654,A.J. Jenkins,WR,KC,2014,1,12,11,11,true,Shoulder,false,201401,201412,1
795,00-0029664,Josh Gordon,WR,CLE,2018,2,2,1,0,false,Hamstring,false,201802,201802,1
796,00-0029664,Josh Gordon,WR,NE,2019,7,8,2,1,false,Knee,false,201907,201908,1
797,00-0029664,Josh Gordon,WR,SEA,2020,8,12,5,5,true,Unlabeled (IR),false,202008,202012,1
798,00-0029664,Josh Gordon,WR,KC,2021,15,15,1,1,true,Unlabeled (IR),false,202115,202115,1
799,00-0029665,Robert Griffin,QB,WAS,2014,3,7,5,0,false,Ankle,false,201403,201407,1
800,00-0029665,Robert Griffin,QB,CLE,2016,2,12,11,11,true,Unlabeled (IR),false,201602,201612,1
801,00-0029665,Robert Griffin,QB,BAL,2020,13,17,5,5,true,Thigh,true,202013,202017,1
802,00-0029668,Andrew Luck,QB,IND,2015,11,17,7,0,false,Abdomen,true,201511,201517,1
803,00-0029668,Andrew Luck,QB,IND,2016,12,12,1,0,false,Concussion,false,201612,201612,1
804,00-0029668,Andrew Luck,QB,IND,2017,1,17,16,8,false,right Shoulder,true,201701,201717,1
805,00-0029673,DeVier Posey,WR,HOU,2013,16,17,2,0,false,Ankle,true,201316,201317,1
806,00-0029673,DeVier Posey,WR,HOU,2014,17,17,1,0,false,Calf,true,201417,201417,1
807,00-0029675,Trent Richardson,RB,CLE,2012,17,17,1,0,false,Ankle,true,201217,201217,1
808,00-0029677,Brandon Weeden,QB,CLE,2012,17,17,1,0,false,right Shoulder,true,201217,201217,1
809,00-0029677,Brandon Weeden,QB,CLE,2013,3,4,2,0,false,right Thumb,false,201303,201304,1
810,00-0029677,Brandon Weeden,QB,CLE,2013,14,14,1,0,false,Concussion,false,201314,201314,1
811,00-0029683,Ronnie Hillman,RB,DEN,2014,11,14,4,0,false,Foot,false,201411,201414,1
812,00-0029689,Dwayne Allen,TE,IND,2013,1,2,2,2,true,Hip,false,201301,201302,1
813,00-0029689,Dwayne Allen,TE,IND,2014,12,13,2,0,false,Ankle,false,201412,201413,1
814,00-0029689,Dwayne Allen,TE,IND,2014,17,16,16,15,false,Knee,false,201417,201516,2
815,00-0029689,Dwayne Allen,TE,IND,2016,7,8,2,0,false,Ankle,false,201607,201608,1
816,00-0029689,Dwayne Allen,TE,NE,2018,12,13,2,0,false,Knee,false,201812,201813,1
817,00-0029697,Coby Fleener,TE,IND,2012,9,11,3,0,false,Shoulder,false,201209,201211,1
818,00-0029697,Coby Fleener,TE,NO,2017,13,17,5,5,true,Concussion,true,201713,201717,1
819,00-0029701,Ryan Tannehill,QB,MIA,2016,15,17,19,16,false,Knee,true,201615,201717,2
820,00-0029701,Ryan Tannehill,QB,MIA,2018,7,10,4,0,false,right Shoulder,false,201807,201810,1
821,00-0029701,Ryan Tannehill,QB,TEN,2022,16,18,3,2,false,Ankle,true,202216,202218,1
822,00-0029701,Ryan Tannehill,QB,TEN,2023,8,9,2,0,false,Ankle,false,202308,202309,1
823,00-0029702,Juron Criner,WR,OAK,2013,1,11,10,10,true,Shoulder,false,201301,201311,1
824,00-0029708,Kendall Wright,WR,TEN,2015,9,11,3,0,false,Knee,false,201509,201511,1
825,00-0029708,Kendall Wright,WR,TEN,2015,14,15,2,0,false,Ribs,false,201514,201515,1
826,00-0029708,Kendall Wright,WR,TEN,2015,17,2,3,0,false,Knee,false,201517,201602,2
827,00-0029722,Jeff Demps,RB,TB,2013,4,9,5,5,true,Groin,false,201304,201309,1
828,00-0029729,Austin Johnson,RB,NO,2014,1,9,8,8,true,Knee,false,201401,201409,1
829,00-0029731,Fozzy Whittaker,RB,CAR,2014,8,9,2,0,false,Thigh,false,201408,201409,1
830,00-0029731,Fozzy Whittaker,RB,CAR,2015,17,17,1,0,false,Ankle,true,201517,201517,1
831,00-0029731,Fozzy Whittaker,RB,CAR,2017,7,8,2,0,false,Ankle,false,201707,201708,1
832,00-0029731,Fozzy Whittaker,RB,CAR,2018,1,17,16,16,true,Unlabeled (IR),true,201801,201817,1
833,00-0029738,Darren Fells,TE,ARI,2015,7,8,2,0,false,Shoulder,false,201507,201508,1
834,00-0029738,Darren Fells,TE,ARI,2016,5,5,1,0,false,Shoulder,false,201605,201605,1
835,00-0029738,Darren Fells,TE,ARI,2016,8,8,1,0,false,Ankle,false,201608,201608,1
836,00-0029740,Ifeanyi Momah,TE,ARI,2016,10,17,8,8,true,Unlabeled (IR),true,201610,201617,1
837,00-0029740,Ifeanyi Momah,TE,ARI,2017,11,17,7,7,true,Unlabeled (IR),true,201711,201717,1
838,00-0029755,Brian Leonhardt,TE,OAK,2014,1,16,15,15,true,Concussion,false,201401,201416,1
839,00-0029778,Darius Johnson,WR,ATL,2013,16,16,1,0,false,Ankle,false,201316,201316,1
840,00-0029793,Brandon Williams,TE,CAR,2015,1,14,9,8,true,Foot,false,201501,201514,3
841,00-0029793,Brandon Williams,TE,SEA,2016,15,15,1,1,true,Knee,false,201615,201615,1
842,00-0029793,Brandon Williams,TE,IND,2017,16,17,2,2,true,Concussion,true,201716,201717,1
843,00-0029795,Benny Cunningham,RB,STL,2013,7,7,1,0,false,Ankle,false,201307,201307,1
844,00-0029795,Benny Cunningham,RB,LA,2016,15,17,3,3,true,Neck,true,201615,201617,1
845,00-0029848,Nick Williams,WR,ATL,2016,15,15,1,0,false,Concussion,false,201615,201615,1
846,00-0029848,Nick Williams,WR,SF,2019,1,1,1,1,true,Unlabeled (IR),false,201901,201901,1
847,00-0029854,C.J. Anderson,RB,DEN,2013,1,1,1,0,false,Knee,false,201301,201301,1
848,00-0029854,C.J. Anderson,RB,DEN,2016,8,17,9,9,true,Knee,true,201608,201617,1
849,00-0029857,Ryan Griffin,QB,TB,2017,2,9,8,8,true,Unlabeled (IR),false,201702,201709,1
850,00-0029878,MarQueis Gray,TE,CLE,2013,11,12,2,0,false,Hamstring,false,201311,201312,1
851,00-0029878,MarQueis Gray,TE,BUF,2015,1,5,5,4,true,Forearm,false,201501,201505,1
852,00-0029878,MarQueis Gray,TE,MIA,2018,1,17,16,16,true,Foot,true,201801,201817,1
853,00-0029883,Joseph Fauria,TE,DET,2014,1,14,13,13,true,Ankle,false,201401,201414,1
854,00-0029892,Kyle Juszczyk,RB,SF,2017,6,7,2,0,false,Back,false,201706,201707,1
855,00-0029892,Kyle Juszczyk,RB,SF,2019,6,9,4,0,false,Knee,false,201906,201909,1
856,00-0029892,Kyle Juszczyk,RB,SF,2022,8,8,1,0,false,Finger,false,202208,202208,1
857,00-0029910,Timothy Wright,TE,DET,2016,1,17,16,16,true,Unlabeled (IR),true,201601,201617,1
858,00-0029931,Zach Line,RB,MIN,2013,1,1,4,3,true,Ankle,false,201301,201401,2
859,00-0029931,Zach Line,RB,MIN,2016,16,16,1,0,false,Concussion,false,201616,201616,1
860,00-0029931,Zach Line,RB,NO,2019,12,14,3,0,false,Knee,false,201912,201914,1
861,00-0029934,Rodney Smith,WR,MIN,2013,8,8,1,0,false,Hip,false,201308,201308,1
862,00-0029934,Rodney Smith,WR,CLE,2014,6,8,3,0,false,Hamstring,false,201406,201408,1
863,00-0030000,Kenbrell Thompkins,WR,NYJ,2016,1,1,1,1,true,Unlabeled (IR),false,201601,201601,1
864,00-0030035,Adam Thielen,WR,MIN,2019,8,8,1,0,false,Hamstring,false,201908,201908,1
865,00-0030035,Adam Thielen,WR,MIN,2019,10,11,2,0,false,Hamstring,false,201910,201911,1
866,00-0030035,Adam Thielen,WR,MIN,2020,12,12,1,1,true,Unlabeled (IR),false,202012,202012,1
867,00-0030035,Adam Thielen,WR,MIN,2021,14,14,1,0,false,Ankle,false,202114,202114,1
868,00-0030035,Adam Thielen,WR,MIN,2021,17,18,2,2,true,Ankle,true,202117,202118,1
869,00-0030035,Adam Thielen,WR,CAR,2024,4,10,7,7,true,Hamstring,false,202404,202410,1
870,00-0030047,Marquess Wilson,WR,CHI,2015,1,10,22,21,true,Foot,false,201501,201610,2
871,00-0030047,Marquess Wilson,WR,CHI,2016,15,17,3,3,true,Groin,true,201615,201617,1
872,00-0030049,Chris Gragg,TE,BUF,2014,13,15,3,0,false,Knee,false,201413,201415,1
873,00-0030049,Chris Gragg,TE,BUF,2016,1,17,32,32,true,Unlabeled (IR),true,201601,201717,2
874,00-0030061,Zach Ertz,TE,PHI,2015,12,12,1,0,false,Concussion,false,201512,201512,1
875,00-0030061,Zach Ertz,TE,PHI,2016,2,3,2,0,false,Rib,false,201602,201603,1
876,00-0030061,Zach Ertz,TE,PHI,2019,17,17,1,0,false,Ribs,true,201917,201917,1
877,00-0030061,Zach Ertz,TE,PHI,2020,7,12,5,5,true,Ankle,false,202007,202012,1
878,00-0030061,Zach Ertz,TE,ARI,2021,6,6,1,0,false,Not Injury Related,false,202106,202106,1
879,00-0030061,Zach Ertz,TE,ARI,2022,11,18,7,6,false,Knee,true,202211,202218,1
880,00-0030061,Zach Ertz,TE,ARI,2023,8,12,5,5,true,Unlabeled (IR),false,202308,202312,1
881,00-0030061,Zach Ertz,TE,WAS,2025,15,18,4,4,true,Not injury related - resting player,true,202515,202518,1
882,00-0030068,Marquise Goodwin,WR,BUF,2013,2,5,4,0,false,Hand,false,201302,201305,1
883,00-0030068,Marquise Goodwin,WR,BUF,2014,7,7,1,0,false,Hamstring,false,201407,201407,1
884,00-0030068,Marquise Goodwin,WR,BUF,2015,1,7,7,6,true,Ribs,false,201501,201507,1
885,00-0030068,Marquise Goodwin,WR,BUF,2016,8,8,1,0,false,Concussion,false,201608,201608,1
886,00-0030068,Marquise Goodwin,WR,SF,2018,2,2,1,0,false,Quadricep,false,201802,201802,1
887,00-0030068,Marquise Goodwin,WR,SF,2018,13,13,1,0,false,Not Injury Related,false,201813,201813,1
888,00-0030068,Marquise Goodwin,WR,SF,2018,17,17,1,0,false,Calf,true,201817,201817,1
889,00-0030068,Marquise Goodwin,WR,SF,2019,15,17,12,12,true,Knee,true,201915,202017,2
890,00-0030068,Marquise Goodwin,WR,CHI,2021,13,13,1,0,false,Foot,false,202113,202113,1
891,00-0030068,Marquise Goodwin,WR,SEA,2022,9,9,1,0,false,Groin,false,202209,202209,1
892,00-0030068,Marquise Goodwin,WR,SEA,2022,17,18,2,2,true,Shoulder,true,202217,202218,1
893,00-0030068,Marquise Goodwin,WR,CLE,2023,10,13,4,0,false,Concussion,false,202310,202313,1
894,00-0030078,Johnathan Franklin,RB,GB,2013,1,13,12,11,true,Concussion,false,201301,201313,1
895,00-0030085,Kenny Stills,WR,MIA,2018,8,8,1,0,false,Groin,false,201808,201808,1
896,00-0030085,Kenny Stills,WR,HOU,2020,12,12,1,0,false,Quadricep,false,202012,202012,1
897,00-0030089,Luke Willson,TE,SEA,2015,17,17,1,0,false,Concussion,true,201517,201517,1
898,00-0030089,Luke Willson,TE,SEA,2016,7,9,3,0,false,Knee,false,201607,201609,1
899,00-0030089,Luke Willson,TE,DET,2018,17,17,1,0,false,Concussion,true,201817,201817,1
900,00-0030091,Tavarres King,WR,NYG,2017,16,5,7,6,false,Concussion,false,201716,201805,2
901,00-0030095,Corey Fuller,WR,DET,2016,1,9,17,17,true,Unlabeled (IR),false,201601,201709,2
902,00-0030107,Theo Riddick,RB,DET,2013,6,6,1,0,false,Concussion,false,201306,201306,1
903,00-0030107,Theo Riddick,RB,DET,2014,5,5,1,0,false,Hamstring,false,201405,201405,1
904,00-0030107,Theo Riddick,RB,DET,2016,6,7,2,0,false,Ankle,false,201606,201607,1
905,00-0030107,Theo Riddick,RB,DET,2016,17,17,1,1,true,Wrist,true,201617,201617,1
906,00-0030107,Theo Riddick,RB,DET,2018,7,8,2,0,false,Knee,false,201807,201808,1
907,00-0030107,Theo Riddick,RB,DEN,2019,1,17,16,16,true,Unlabeled (IR),true,201901,201917,1
908,00-0030107,Theo Riddick,RB,LV,2020,11,12,2,2,true,Unlabeled (IR),false,202011,202012,1
909,00-0030108,Ryan Griffin,TE,HOU,2013,11,11,1,0,false,Concussion,false,201311,201311,1
910,00-0030108,Ryan Griffin,TE,HOU,2017,2,2,1,0,false,Concussion,false,201702,201702,1
911,00-0030108,Ryan Griffin,TE,HOU,2017,10,17,8,8,true,Hip,true,201710,201717,1
912,00-0030108,Ryan Griffin,TE,HOU,2018,7,8,2,0,false,Illness,false,201807,201808,1
913,00-0030108,Ryan Griffin,TE,NYJ,2019,15,17,3,3,true,Ankle,true,201915,201917,1
914,00-0030108,Ryan Griffin,TE,NYJ,2020,16,16,1,1,true,Unlabeled (IR),false,202016,202016,1
915,00-0030108,Ryan Griffin,TE,NYJ,2021,16,18,3,3,true,Unlabeled (IR),true,202116,202118,1
916,00-0030108,Ryan Griffin,TE,CHI,2022,3,3,1,0,false,Achilles,false,202203,202203,1
917,00-0030110,Michael Williams,TE,NE,2016,1,17,16,16,true,Unlabeled (IR),true,201601,201617,1
918,00-0030112,Tommy Bohanon,RB,NYJ,2014,1,4,4,4,true,Unlabeled (IR),false,201401,201404,1
919,00-0030113,Charles D. Johnson,WR,MIN,2015,4,4,1,0,false,Rib,false,201504,201504,1
920,00-0030113,Charles D. Johnson,WR,MIN,2015,15,15,1,0,false,Ankle,false,201515,201515,1
921,00-0030113,Charles D. Johnson,WR,CAR,2017,1,1,17,17,true,Unlabeled (IR),false,201701,201901,2
922,00-0030116,Kevin Dorsey,WR,GB,2014,6,10,4,3,true,Foot,false,201406,201410,1
923,00-0030128,Michael Cox,RB,NYG,2014,6,10,4,4,true,Unlabeled (IR),false,201406,201410,1
924,00-0030147,Russell Shepard,WR,TB,2013,1,15,14,14,true,Unlabeled (IR),false,201301,201315,1
925,00-0030147,Russell Shepard,WR,TB,2016,10,10,1,0,false,Hip,false,201610,201610,1
926,00-0030147,Russell Shepard,WR,NYG,2018,6,6,1,0,false,Neck,false,201806,201806,1
927,00-0030147,Russell Shepard,WR,NYG,2018,16,17,2,0,false,Ankle,true,201816,201817,1
928,00-0030147,Russell Shepard,WR,NYG,2019,4,17,13,13,true,Foot,true,201904,201917,1
929,00-0030155,Demetrius Harris,TE,KC,2014,1,10,9,9,true,Unlabeled (IR),false,201401,201410,1
930,00-0030155,Demetrius Harris,TE,ARI,2021,9,9,1,1,true,Unlabeled (IR),false,202109,202109,1
931,00-0030162,Rico Richardson,WR,SD,2016,1,1,1,1,true,Unlabeled (IR),false,201601,201601,1
932,00-0030175,Ryan Spadola,WR,DET,2016,1,17,16,16,true,Unlabeled (IR),true,201601,201617,1
933,00-0030181,Jack Doyle,TE,IND,2017,5,5,1,0,false,Concussion,false,201705,201705,1
934,00-0030181,Jack Doyle,TE,IND,2018,3,7,5,0,false,Hip,false,201803,201807,1
935,00-0030181,Jack Doyle,TE,IND,2018,13,17,5,5,true,Unlabeled (IR),true,201813,201817,1
936,00-0030181,Jack Doyle,TE,IND,2020,2,2,1,0,false,Ankle,false,202002,202002,1
937,00-0030181,Jack Doyle,TE,IND,2020,10,10,1,0,false,Concussion,false,202010,202010,1
938,00-0030202,Eric Rogers,WR,SF,2016,1,17,16,16,true,Unlabeled (IR),true,201601,201617,1
939,00-0030216,Josh Hill,TE,NO,2016,2,4,2,0,false,Ankle,false,201602,201604,2
940,00-0030216,Josh Hill,TE,NO,2016,14,17,4,4,true,Fibula,true,201614,201617,1
941,00-0030216,Josh Hill,TE,NO,2020,11,11,1,0,false,Concussion,false,202011,202011,1
942,00-0030216,Josh Hill,TE,NO,2020,17,17,1,0,false,Hand,true,202017,202017,1
943,00-0030247,George Winn,RB,IND,2017,1,17,16,16,true,Unlabeled (IR),true,201701,201717,1
944,00-0030248,Cierre Wood,RB,BUF,2015,4,6,3,2,true,Knee,false,201504,201506,1
945,00-0030274,Myles White,WR,GB,2013,7,14,8,8,true,Unlabeled (IR),false,201307,201314,1
946,00-0030279,Keenan Allen,WR,SD,2014,16,8,9,8,false,Collarbone,false,201416,201508,2
947,00-0030279,Keenan Allen,WR,SD,2016,2,17,15,15,true,Not Injury Related,true,201602,201617,1
948,00-0030279,Keenan Allen,WR,LAC,2020,17,17,1,1,true,Hamstring,true,202017,202017,1
949,00-0030279,Keenan Allen,WR,LAC,2021,14,14,1,1,true,Unlabeled (IR),false,202114,202114,1
950,00-0030279,Keenan Allen,WR,LAC,2022,2,5,3,0,false,Hamstring,false,202202,202205,2
951,00-0030279,Keenan Allen,WR,LAC,2022,9,10,2,0,false,Hamstring,false,202209,202210,1
952,00-0030279,Keenan Allen,WR,LAC,2023,15,18,4,0,false,Heel,true,202315,202318,1
953,00-0030279,Keenan Allen,WR,CHI,2024,3,3,1,0,false,Heel,false,202403,202403,1
954,00-0030282,Stepfan Taylor,RB,ARI,2014,9,10,2,0,false,Calf,false,201409,201410,1
955,00-0030287,Andre Ellington,RB,ARI,2014,14,14,1,0,false,Hip,false,201414,201414,1
956,00-0030287,Andre Ellington,RB,ARI,2015,2,2,1,0,false,Knee,false,201502,201502,1
957,00-0030287,Andre Ellington,RB,ARI,2015,13,14,2,0,false,Toe,false,201513,201514,1
958,00-0030288,Rex Burkhead,RB,CIN,2014,1,1,1,0,false,Knee,false,201401,201401,1
959,00-0030288,Rex Burkhead,RB,NE,2017,3,5,2,0,false,Ribs,false,201703,201705,2
960,00-0030288,Rex Burkhead,RB,NE,2017,16,17,2,0,false,Knee,true,201716,201717,1
961,00-0030288,Rex Burkhead,RB,NE,2018,4,12,8,8,true,Unlabeled (IR),false,201804,201812,1
962,00-0030288,Rex Burkhead,RB,NE,2019,5,5,1,0,false,Foot,false,201905,201905,1
963,00-0030288,Rex Burkhead,RB,NE,2020,12,17,6,6,true,Knee,true,202012,202017,1
964,00-0030288,Rex Burkhead,RB,HOU,2021,5,5,1,0,false,Hip,false,202105,202105,1
965,00-0030300,Jaron Brown,WR,ARI,2016,8,17,9,9,true,Knee,true,201608,201617,1
966,00-0030348,Khiry Robinson,RB,NO,2014,8,13,5,0,false,Forearm,false,201408,201413,2
967,00-0030348,Khiry Robinson,RB,NO,2015,1,14,10,9,true,Lower Leg,false,201501,201614,3
968,00-0030348,Khiry Robinson,RB,NYJ,2016,17,17,1,1,true,Lower Leg,true,201617,201617,1
969,00-0030388,Joseph Randle,RB,DAL,2015,8,8,1,0,false,Back,false,201508,201508,1
970,00-0030391,Mike James,RB,TB,2013,1,10,9,9,true,Eye,false,201301,201310,1
971,00-0030391,Mike James,RB,TB,2016,1,1,1,1,true,Unlabeled (IR),false,201601,201601,1
972,00-0030391,Mike James,RB,DET,2017,1,17,16,16,true,Unlabeled (IR),true,201701,201717,1
973,00-0030394,Zac Dysert,QB,DAL,2017,1,17,16,16,true,Unlabeled (IR),true,201701,201717,1
974,00-0030400,Marlon Brown,WR,BAL,2015,16,6,10,9,false,Back,false,201516,201806,3
975,00-0030404,Chris Thompson,RB,WAS,2013,1,10,9,9,true,Shoulder,false,201301,201310,1
976,00-0030404,Chris Thompson,RB,WAS,2015,14,14,1,0,false,Shoulder,false,201514,201514,1
977,00-0030404,Chris Thompson,RB,WAS,2017,12,17,6,6,true,Fibula,true,201712,201717,1
978,00-0030404,Chris Thompson,RB,WAS,2018,9,12,4,0,false,Rib,false,201809,201812,1
979,00-0030404,Chris Thompson,RB,WAS,2019,7,11,4,0,false,Toe,false,201907,201911,1
980,00-0030404,Chris Thompson,RB,JAX,2020,11,17,7,7,true,Unlabeled (IR),true,202011,202017,1
981,00-0030414,Spencer Ware,RB,SEA,2013,1,7,7,7,true,Ankle,false,201301,201307,1
982,00-0030414,Spencer Ware,RB,KC,2016,9,9,1,0,false,Concussion,false,201609,201609,1
983,00-0030414,Spencer Ware,RB,KC,2017,1,17,16,16,true,Unlabeled (IR),true,201701,201717,1
984,00-0030414,Spencer Ware,RB,IND,2019,1,2,2,2,true,Unlabeled (IR),false,201901,201902,1
985,00-0030414,Spencer Ware,RB,KC,2019,17,17,1,1,true,Unlabeled (IR),true,201917,201917,1
986,00-0030422,Dion Sims,TE,MIA,2014,9,10,2,0,false,Toe,false,201409,201410,1
987,00-0030422,Dion Sims,TE,MIA,2015,2,4,2,0,false,Concussion,false,201502,201504,2
988,00-0030422,Dion Sims,TE,MIA,2016,7,9,2,0,false,Concussion,false,201607,201609,1
989,00-0030422,Dion Sims,TE,CHI,2018,10,17,8,7,false,Concussion,true,201810,201817,1
990,00-0030431,Robert Woods,WR,BUF,2013,11,11,1,0,false,Ankle,false,201311,201311,1
991,00-0030431,Robert Woods,WR,BUF,2015,1,15,14,14,true,Hip,false,201501,201515,1
992,00-0030431,Robert Woods,WR,BUF,2016,12,13,2,0,false,Knee,false,201612,201613,1
993,00-0030431,Robert Woods,WR,LA,2017,12,13,2,0,false,Shoulder,false,201712,201713,1
994,00-0030431,Robert Woods,WR,LA,2021,10,18,8,7,false,Knee,true,202110,202118,1
995,00-0030431,Robert Woods,WR,HOU,2023,8,9,2,0,false,Foot,false,202308,202309,1
996,00-0030431,Robert Woods,WR,HOU,2024,6,7,2,0,false,Foot,false,202406,202407,1
997,00-0030432,Christine Michael,RB,SEA,2014,1,2,2,0,false,Hamstring,false,201401,201402,1
998,00-0030432,Christine Michael,RB,IND,2017,1,17,16,16,true,Unlabeled (IR),true,201701,201717,1
999,00-0030433,Mike Gillislee,RB,BUF,2016,12,12,1,0,false,Hamstring,false,201612,201612,1
1000,00-0030433,Mike Gillislee,RB,NE,2017,17,17,1,0,false,Knee,true,201717,201717,1
1001,00-0030443,Levine Toilolo,TE,ATL,2017,17,17,1,0,false,Knee,true,201717,201717,1
1002,00-0030443,Levine Toilolo,TE,NYG,2021,1,18,17,17,true,Unlabeled (IR),true,202101,202118,1
1003,00-0030450,Quinton Patton,WR,SF,2013,5,12,7,0,false,Foot,false,201305,201312,1
1004,00-0030450,Quinton Patton,WR,SF,2016,16,17,2,2,true,Unlabeled (IR),true,201616,201617,1
1005,00-0030456,Giovani Bernard,RB,CIN,2014,9,11,2,0,false,Hip,false,201409,201411,2
1006,00-0030456,Giovani Bernard,RB,CIN,2016,12,17,6,6,true,Unlabeled (IR),true,201612,201617,1
1007,00-0030456,Giovani Bernard,RB,CIN,2018,5,8,4,0,false,Knee,false,201805,201808,1
1008,00-0030456,Giovani Bernard,RB,TB,2021,4,4,1,0,false,Knee,false,202104,202104,1
1009,00-0030456,Giovani Bernard,RB,TB,2021,15,10,12,12,true,Unlabeled (IR),false,202115,202210,2
1010,00-0030460,Markus Wheaton,WR,PIT,2013,6,9,4,0,false,Finger,false,201306,201309,1
1011,00-0030460,Markus Wheaton,WR,PIT,2016,1,1,1,0,false,Shoulder,false,201601,201601,1
1012,00-0030460,Markus Wheaton,WR,PIT,2016,6,17,10,7,false,Shoulder,true,201606,201617,2
1013,00-0030460,Markus Wheaton,WR,CHI,2017,6,7,2,0,false,Groin,false,201706,201707,1
1014,00-0030465,Kenjon Barner,RB,CAR,2013,1,3,3,0,false,Foot,false,201301,201303,1
1015,00-0030465,Kenjon Barner,RB,PHI,2016,16,17,2,2,true,Hamstring,true,201616,201617,1
1016,00-0030465,Kenjon Barner,RB,CAR,2018,17,17,1,1,true,Knee,true,201817,201817,1
1017,00-0030465,Kenjon Barner,RB,ATL,2019,4,5,2,0,false,Concussion,false,201904,201905,1
1018,00-0030465,Kenjon Barner,RB,TB,2020,17,17,1,1,true,Unlabeled (IR),true,202017,202017,1
1019,00-0030465,Kenjon Barner,RB,TB,2022,1,5,5,5,true,Unlabeled (IR),false,202201,202205,1
1020,00-0030470,Vance McDonald,TE,SF,2014,1,14,13,13,true,Back,false,201401,201414,1
1021,00-0030470,Vance McDonald,TE,SF,2015,14,14,1,0,false,Concussion,false,201514,201514,1
1022,00-0030470,Vance McDonald,TE,SF,2016,15,17,3,3,true,Unlabeled (IR),true,201615,201617,1
1023,00-0030470,Vance McDonald,TE,PIT,2017,8,8,1,0,false,Knee,false,201708,201708,1
1024,00-0030470,Vance McDonald,TE,PIT,2017,12,13,2,0,false,Ankle,false,201712,201713,1
1025,00-0030470,Vance McDonald,TE,PIT,2017,15,15,1,0,false,Shoulder,false,201715,201715,1
1026,00-0030470,Vance McDonald,TE,PIT,2018,1,1,1,0,false,Foot,false,201801,201801,1
1027,00-0030470,Vance McDonald,TE,PIT,2019,15,15,1,0,false,Concussion,false,201915,201915,1
1028,00-0030470,Vance McDonald,TE,PIT,2020,10,11,2,2,true,Illness,false,202010,202011,1
1029,00-0030472,Jordan Reed,TE,WAS,2013,1,16,15,14,true,Concussion,false,201301,201316,1
1030,00-0030472,Jordan Reed,TE,WAS,2014,2,4,3,0,false,Hamstring,false,201402,201404,1
1031,00-0030472,Jordan Reed,TE,WAS,2014,12,12,1,0,false,Hamstring,false,201412,201412,1
1032,00-0030472,Jordan Reed,TE,WAS,2015,5,6,2,0,false,Concussion,false,201505,201506,1
1033,00-0030472,Jordan Reed,TE,WAS,2016,7,7,1,0,false,Concussion,false,201607,201607,1
1034,00-0030472,Jordan Reed,TE,WAS,2016,13,13,1,0,false,Shoulder,false,201613,201613,1
1035,00-0030472,Jordan Reed,TE,WAS,2017,9,17,8,3,false,Hamstring,true,201709,201717,2
1036,00-0030472,Jordan Reed,TE,WAS,2018,15,17,18,12,false,Ankle,true,201815,201917,2
1037,00-0030472,Jordan Reed,TE,SF,2020,4,8,5,5,true,Knee,false,202004,202008,1
1038,00-0030474,Josh Boyce,WR,NE,2013,1,17,16,16,true,Ankle,true,201301,201317,1
1039,00-0030485,Eddie Lacy,RB,GB,2016,7,17,11,11,true,Ankle,true,201607,201617,1
1040,00-0030485,Eddie Lacy,RB,SEA,2017,10,10,1,0,false,Groin,false,201710,201710,1
1041,00-0030496,Le'Veon Bell,RB,PIT,2013,1,2,2,0,false,Foot,false,201301,201302,1
1042,00-0030496,Le'Veon Bell,RB,PIT,2015,3,8,6,6,true,Unlabeled (IR),false,201503,201508,1
1043,00-0030496,Le'Veon Bell,RB,NYJ,2019,14,14,1,0,false,Illness,false,201914,201914,1
1044,00-0030496,Le'Veon Bell,RB,NYJ,2020,2,4,3,3,true,Unlabeled (IR),false,202002,202004,1
1045,00-0030506,Travis Kelce,TE,KC,2013,1,6,6,5,true,Knee,false,201301,201306,1
1046,00-0030513,Latavius Murray,RB,OAK,2014,13,13,1,0,false,Concussion,false,201413,201413,1
1047,00-0030513,Latavius Murray,RB,OAK,2016,5,6,2,0,false,Toe,false,201605,201606,1
1048,00-0030513,Latavius Murray,RB,NO,2020,17,17,1,1,true,Quadricep,true,202017,202017,1
1049,00-0030513,Latavius Murray,RB,BAL,2021,7,7,1,0,false,Ankle,false,202107,202107,1
1050,00-0030514,Mychal Rivera,TE,JAX,2017,1,17,16,16,true,Unlabeled (IR),true,201701,201717,1
1051,00-0030516,Brice Butler,WR,DAL,2015,5,5,1,0,false,Hamstring,false,201505,201505,1
1052,00-0030516,Brice Butler,WR,DAL,2015,10,11,2,0,false,Hamstring,false,201510,201511,1
1053,00-0030520,Mike Glennon,QB,NYG,2021,18,18,1,0,false,left Wrist,true,202118,202118,1
1054,00-0030521,Justin Hunter,WR,TEN,2014,1,10,21,21,true,Knee,false,201401,201510,2
1055,00-0030521,Justin Hunter,WR,PIT,2018,14,17,4,4,true,Unlabeled (IR),true,201814,201817,1
1056,00-0030522,Montee Ball,RB,DEN,2014,1,15,14,13,true,Groin,false,201401,201415,1
1057,00-0030524,Landry Jones,QB,PIT,2015,1,1,1,0,false,Concussion,false,201501,201501,1
1058,00-0030525,Tavon Austin,WR,DAL,2018,7,14,7,0,false,Groin,false,201807,201814,1
1059,00-0030525,Tavon Austin,WR,DAL,2019,2,3,2,0,false,Concussion,false,201902,201903,1
1060,00-0030525,Tavon Austin,WR,SF,2020,1,7,7,7,true,Unlabeled (IR),false,202001,202007,1
1061,00-0030525,Tavon Austin,WR,JAX,2021,1,3,3,3,true,Unlabeled (IR),false,202101,202103,1
1062,00-0030526,EJ Manuel,QB,BUF,2013,6,9,4,0,false,Knee,false,201306,201309,1
1063,00-0030526,EJ Manuel,QB,BUF,2013,16,16,1,0,false,Knee,false,201316,201316,1
1064,00-0030533,Matt Barkley,QB,CIN,2018,1,1,1,1,true,Unlabeled (IR),false,201801,201801,1
1065,00-0030533,Matt Barkley,QB,CAR,2021,15,1,3,3,true,Illness,false,202115,202301,2
1066,00-0030536,Zac Stacy,RB,NYJ,2015,1,10,9,9,true,Unlabeled (IR),false,201501,201510,1
1067,00-0030540,Aaron Dobson,WR,NE,2013,13,14,2,0,false,Foot,false,201313,201314,1
1068,00-0030540,Aaron Dobson,WR,NE,2014,1,3,24,24,true,Unlabeled (IR),false,201401,201603,4
1069,00-0030542,Terrance Williams,WR,DAL,2018,5,17,9,9,true,Not Injury Related,true,201805,201817,2
1070,00-0030544,Gavin Escobar,TE,DAL,2015,1,16,15,14,true,Achilles,false,201501,201516,1
1071,00-0030547,Denard Robinson,RB,JAX,2014,1,15,14,14,true,Foot,false,201401,201415,1
1072,00-0030547,Denard Robinson,RB,JAX,2015,4,5,2,0,false,Knee,false,201504,201505,1
1073,00-0030547,Denard Robinson,RB,JAX,2016,14,16,3,0,false,Ankle,false,201614,201616,1
1074,00-0030549,Tyler Eifert,TE,CIN,2015,15,16,2,0,false,Concussion,false,201515,201516,1
1075,00-0030549,Tyler Eifert,TE,CIN,2016,1,6,4,0,false,Ankle,false,201601,201606,2
1076,00-0030549,Tyler Eifert,TE,CIN,2016,16,17,2,1,false,Back,true,201616,201617,1
1077,00-0030549,Tyler Eifert,TE,CIN,2017,3,17,14,11,false,Back,true,201703,201717,1
1078,00-0030549,Tyler Eifert,TE,CIN,2018,5,17,12,12,true,Ankle,true,201805,201817,1
1079,00-0030549,Tyler Eifert,TE,JAX,2020,7,7,1,0,false,Neck,false,202007,202007,1
1080,00-0030550,Ace Sanders,WR,JAX,2013,7,7,1,0,false,Concussion,false,201307,201307,1
1081,00-0030564,DeAndre Hopkins,WR,HOU,2017,17,17,1,0,false,Calf,true,201717,201717,1
1082,00-0030564,DeAndre Hopkins,WR,ARI,2021,11,11,1,0,false,Hamstring,false,202111,202111,1
1083,00-0030564,DeAndre Hopkins,WR,ARI,2021,15,6,10,10,true,Knee,false,202115,202206,2
1084,00-0030564,DeAndre Hopkins,WR,ARI,2022,18,18,1,0,false,Knee,true,202218,202218,1
1085,00-0030565,Geno Smith,QB,NYJ,2015,1,2,2,0,false,Jaw,false,201501,201502,1
1086,00-0030565,Geno Smith,QB,NYJ,2016,8,17,9,9,true,Unlabeled (IR),true,201608,201617,1
1087,00-0030565,Geno Smith,QB,LV,2025,15,15,1,0,false,Shoulder,false,202515,202515,1
1088,00-0030565,Geno Smith,QB,LV,2025,18,18,1,0,false,Ankle,true,202518,202518,1
1089,00-0030578,Cordarrelle Patterson,RB,ATL,2022,5,8,4,4,true,Knee,false,202205,202208,1
1090,00-0030578,Cordarrelle Patterson,RB,PIT,2024,5,7,3,0,false,Ankle,false,202405,202407,1
1091,00-0030586,Ryan Nassib,QB,NYG,2016,16,17,2,2,true,right Elbow,true,201616,201617,1
1092,00-0030656,Isaiah Crowell,RB,NYJ,2018,15,17,19,19,true,Toe,true,201815,201917,2
1093,00-0030661,Connor Shaw,QB,CHI,2016,1,17,16,16,true,Unlabeled (IR),true,201601,201617,1
1094,00-0030663,Willie Snead,WR,BAL,2020,12,13,2,2,true,Unlabeled (IR),false,202012,202013,1
1095,00-0030668,Charcandrick West,RB,KC,2016,4,4,1,0,false,Ankle,false,201604,201604,1
1096,00-0030668,Charcandrick West,RB,KC,2017,7,7,1,0,false,Concussion,false,201707,201707,1
1097,00-0030668,Charcandrick West,RB,KC,2017,13,13,1,0,false,Not Injury Related,false,201713,201713,1
1098,00-0030669,Albert Wilson,WR,KC,2017,9,11,2,0,false,Hamstring,false,201709,201711,1
1099,00-0030669,Albert Wilson,WR,MIA,2018,8,17,9,9,true,Hip,true,201808,201817,1
1100,00-0030669,Albert Wilson,WR,MIA,2019,2,3,2,0,false,Hip,false,201902,201903,1
1101,00-0030669,Albert Wilson,WR,MIA,2020,8,17,10,10,true,Unlabeled (IR),true,202008,202017,1
1102,00-0030669,Albert Wilson,WR,MIA,2021,16,16,1,1,true,Not injury related - personal matter,false,202116,202116,1
1103,00-0030670,Bennie Fowler,WR,DEN,2016,1,2,2,0,false,Elbow,false,201601,201602,1
1104,00-0030670,Bennie Fowler,WR,DEN,2016,13,13,1,0,false,Knee,false,201613,201613,1
1105,00-0030670,Bennie Fowler,WR,NO,2020,7,17,11,11,true,Shoulder,true,202007,202017,1
1106,00-0030671,Isaiah Burse,WR,LAC,2017,1,17,16,16,true,Unlabeled (IR),true,201701,201717,1
1107,00-0030691,Jeremy Butler,WR,SD,2016,10,10,1,0,false,Ankle,false,201610,201610,1
1108,00-0030691,Jeremy Butler,WR,BUF,2017,1,17,16,16,true,Unlabeled (IR),true,201701,201717,1
1109,00-0030707,Blake Annen,TE,BUF,2016,1,17,16,16,true,Unlabeled (IR),true,201601,201617,1
1110,00-0030710,Trey Burton,TE,CHI,2019,11,3,10,10,true,Calf,false,201911,202003,2
1111,00-0030711,David Fluellen,RB,TEN,2018,3,4,2,0,false,Groin,false,201803,201804,1
1112,00-0030711,David Fluellen,RB,TEN,2018,11,17,7,2,false,Knee,true,201811,201817,1
1113,00-0030711,David Fluellen,RB,TEN,2019,3,17,13,12,false,Hamstring,true,201903,201917,2
1114,00-0030741,Roosevelt Nix,RB,PIT,2015,1,5,19,15,true,Back,false,201501,201605,3
1115,00-0030741,Roosevelt Nix,RB,PIT,2019,2,6,5,0,false,Knee,false,201902,201906,1
1116,00-0030741,Roosevelt Nix,RB,PIT,2019,10,17,8,7,false,Knee,true,201910,201917,1
1117,00-0030756,Rajion Neal,RB,CLE,2016,1,17,16,16,true,Unlabeled (IR),true,201601,201617,1
1118,00-0030758,Justin Perillo,TE,GB,2015,17,17,1,0,false,Hamstring,true,201517,201517,1
1119,00-0030780,Ryan Hewitt,TE,CIN,2015,17,17,1,0,false,Knee,true,201517,201517,1
1120,00-0030780,Ryan Hewitt,TE,CIN,2017,5,8,3,0,false,Knee,false,201705,201708,1
1121,00-0030780,Ryan Hewitt,TE,IND,2018,10,12,3,0,false,Ankle,false,201810,201812,1
1122,00-0030785,Nikita Whitlock,RB,NYG,2015,1,17,26,26,true,Not Injury Related,true,201501,201617,3
1123,00-0030786,James Wilder Jr.,RB,BUF,2016,1,3,3,3,true,Unlabeled (IR),false,201601,201603,1
1124,00-0030789,Antonio Andrews,RB,TEN,2015,2,2,1,0,false,Hamstring,false,201502,201502,1
1125,00-0030821,Allen Hurns,WR,JAX,2015,13,13,1,0,false,Concussion,false,201513,201513,1
1126,00-0030821,Allen Hurns,WR,JAX,2016,13,16,4,0,false,Hamstring,false,201613,201616,1
1127,00-0030821,Allen Hurns,WR,JAX,2017,11,15,5,0,false,Ankle,false,201711,201715,1
1128,00-0030821,Allen Hurns,WR,MIA,2019,4,4,1,0,false,Concussion,false,201904,201904,1
1129,00-0030821,Allen Hurns,WR,MIA,2020,8,18,27,27,true,Unlabeled (IR),true,202008,202118,2
1130,00-0030832,Asante Cleveland,TE,SD,2016,12,17,17,16,false,Concussion,true,201612,201717,2
1131,00-0030854,Erik Swoope,TE,IND,2017,1,17,16,16,true,Unlabeled (IR),true,201701,201717,1
1132,00-0030854,Erik Swoope,TE,IND,2018,8,12,4,0,false,Knee,false,201808,201812,1
1133,00-0030856,Tony Washington,WR,JAX,2015,3,6,4,4,true,Unlabeled (IR),false,201503,201506,1
1134,00-0030860,Orleans Darkwa,RB,NYG,2016,13,17,5,5,true,lower leg,true,201613,201617,1
1135,00-0030874,Damien Williams,RB,MIA,2017,13,14,2,0,false,Shoulder,false,201713,201714,1
1136,00-0030874,Damien Williams,RB,KC,2019,3,4,2,0,false,Knee,false,201903,201904,1
1137,00-0030874,Damien Williams,RB,KC,2019,13,14,2,0,false,Rib,false,201913,201914,1
1138,00-0030874,Damien Williams,RB,KC,2020,8,17,9,9,true,Unlabeled (IR),true,202008,202017,1
1139,00-0030874,Damien Williams,RB,CHI,2021,6,6,1,1,true,Quadricep,false,202106,202106,1
1140,00-0030874,Damien Williams,RB,CHI,2021,9,13,3,0,false,Knee,false,202109,202113,2
1141,00-0030874,Damien Williams,RB,ATL,2022,2,13,12,12,true,Rib,false,202202,202213,1
1142,00-0030920,Javontee Herndon,WR,SD,2016,1,17,16,16,true,Unlabeled (IR),true,201601,201617,1
1143,00-0030968,Keith Smith,RB,ATL,2023,9,9,1,0,false,Concussion,false,202309,202309,1
1144,00-0030968,Keith Smith,RB,ATL,2023,16,18,3,3,true,Ankle,true,202316,202318,1
1145,00-0030990,Josh Huff,WR,PHI,2014,1,2,2,0,false,Shoulder,false,201401,201402,1
1146,00-0030992,Crockett Gillmore,TE,BAL,2015,4,5,2,0,false,Calf,false,201504,201505,1
1147,00-0030992,Crockett Gillmore,TE,BAL,2015,15,15,1,0,false,Back,false,201515,201515,1
1148,00-0030992,Crockett Gillmore,TE,BAL,2016,9,17,21,16,false,Thigh,true,201609,201717,3
1149,00-0031021,Jared Abbrederis,WR,GB,2015,11,12,2,0,false,Rib,false,201511,201512,1
1150,00-0031021,Jared Abbrederis,WR,GB,2016,7,7,1,0,false,Quadricep,false,201607,201607,1
1151,00-0031023,Quincy Enunwa,WR,NYJ,2017,1,17,16,16,true,Unlabeled (IR),true,201701,201717,1
1152,00-0031023,Quincy Enunwa,WR,NYJ,2018,7,8,2,0,false,Ankle,false,201807,201808,1
1153,00-0031023,Quincy Enunwa,WR,NYJ,2018,15,17,3,1,false,Ankle,true,201815,201817,1
1154,00-0031023,Quincy Enunwa,WR,NYJ,2019,2,17,15,15,true,Unlabeled (IR),true,201902,201917,1
1155,00-0031025,Michael Campanaro,WR,BAL,2014,9,12,3,0,false,Thigh,false,201409,201412,1
1156,00-0031025,Michael Campanaro,WR,BAL,2016,1,1,1,1,true,Unlabeled (IR),false,201601,201601,1
1157,00-0031025,Michael Campanaro,WR,BAL,2017,9,9,1,0,false,Shoulder,false,201709,201709,1
1158,00-0031025,Michael Campanaro,WR,TEN,2018,1,7,7,7,true,Unlabeled (IR),false,201801,201807,1
1159,00-0031035,Xavier Grimble,TE,PIT,2016,12,12,1,0,false,Quadricep,false,201612,201612,1
1160,00-0031035,Xavier Grimble,TE,PIT,2019,4,4,1,1,true,Unlabeled (IR),false,201904,201904,1
1161,00-0031042,Jace Amaro,TE,NYJ,2014,13,14,2,0,false,Concussion,false,201413,201414,1
1162,00-0031044,Troy Niklas,TE,ARI,2014,6,8,3,0,false,Ankle,false,201406,201408,1
1163,00-0031044,Troy Niklas,TE,ARI,2016,4,17,13,13,true,Unlabeled (IR),true,201604,201617,1
1164,00-0031044,Troy Niklas,TE,ARI,2017,16,16,1,0,false,Ankle,false,201716,201716,1
1165,00-0031045,Carlos Hyde,RB,SF,2014,16,14,15,12,false,Ankle,false,201416,201514,2
1166,00-0031045,Carlos Hyde,RB,SF,2016,7,7,1,0,false,Shoulder,false,201607,201607,1
1167,00-0031045,Carlos Hyde,RB,SF,2016,17,17,1,1,true,Unlabeled (IR),true,201617,201617,1
1168,00-0031045,Carlos Hyde,RB,SEA,2020,9,9,1,0,false,Hamstring,false,202009,202009,1
1169,00-0031045,Carlos Hyde,RB,JAX,2021,15,18,4,3,false,Concussion,true,202115,202118,1
1170,00-0031051,John Brown,WR,ARI,2017,2,3,2,0,false,Quadricep,false,201702,201703,1
1171,00-0031051,John Brown,WR,ARI,2017,12,15,4,0,false,Toe,false,201712,201715,1
1172,00-0031051,John Brown,WR,BUF,2020,7,7,1,0,false,Knee,false,202007,202007,1
1173,00-0031051,John Brown,WR,BUF,2020,12,16,5,5,true,Ankle,false,202012,202016,1
1174,00-0031055,Andre Williams,RB,LAC,2017,15,17,3,3,true,Unlabeled (IR),true,201715,201717,1
1175,00-0031057,Ka'Deem Carey,RB,CHI,2015,12,12,1,0,false,Concussion,false,201512,201512,1
1176,00-0031060,De'Anthony Thomas,WR,KC,2014,2,3,2,0,false,Hamstring,false,201402,201403,1
1177,00-0031060,De'Anthony Thomas,WR,KC,2015,12,15,4,0,false,Concussion,false,201512,201515,1
1178,00-0031060,De'Anthony Thomas,WR,KC,2018,6,17,11,11,true,Tibia,true,201806,201817,1
1179,00-0031060,De'Anthony Thomas,WR,BAL,2020,8,17,10,10,true,Unlabeled (IR),true,202008,202017,1
1180,00-0031062,James White,RB,NE,2020,3,3,1,0,false,Not Injury Related,false,202003,202003,1
1181,00-0031062,James White,RB,NE,2021,4,18,14,14,true,Hip,true,202104,202118,1
1182,00-0031064,Tom Savage,QB,HOU,2014,16,14,3,0,false,Knee,false,201416,201614,2
1183,00-0031064,Tom Savage,QB,HOU,2017,15,17,3,2,false,Concussion,true,201715,201717,1
1184,00-0031066,Lorenzo Taliaferro,RB,BAL,2015,1,1,1,0,false,Knee,false,201501,201501,1
1185,00-0031066,Lorenzo Taliaferro,RB,BAL,2016,1,6,6,6,true,Unlabeled (IR),false,201601,201606,1
1186,00-0031066,Lorenzo Taliaferro,RB,BAL,2016,12,17,6,3,false,Thigh,true,201612,201617,1
1187,00-0031068,Ryan Grant,WR,IND,2018,7,8,2,0,false,Ankle,false,201807,201808,1
1188,00-0031075,Alfred Blue,RB,HOU,2016,11,12,2,0,false,Calf,false,201611,201612,1
1189,00-0031075,Alfred Blue,RB,HOU,2017,1,2,2,0,false,Ankle,false,201701,201702,1
1190,00-0031075,Alfred Blue,RB,HOU,2017,14,14,1,0,false,Concussion,false,201714,201714,1
1191,00-0031075,Alfred Blue,RB,JAX,2019,1,8,8,8,true,Unlabeled (IR),false,201901,201908,1
1192,00-0031076,David Fales,QB,CHI,2014,1,2,2,0,false,right Shoulder,false,201401,201402,1
1193,00-0031085,Jay Prosch,RB,HOU,2016,17,17,1,0,false,Ankle,true,201617,201617,1
1194,00-0031102,Kapri Bibbs,RB,DEN,2016,14,17,4,4,true,Unlabeled (IR),true,201614,201617,1
1195,00-0031118,Corey Brown,WR,CAR,2014,8,9,2,0,false,Concussion,false,201408,201409,1
1196,00-0031167,Scott Simonson,TE,CAR,2017,1,17,16,16,true,Unlabeled (IR),true,201701,201717,1
1197,00-0031167,Scott Simonson,TE,NYG,2019,1,1,1,1,true,Unlabeled (IR),false,201901,201901,1
1198,00-0031167,Scott Simonson,TE,NYG,2019,17,17,1,1,true,Concussion,true,201917,201917,1
1199,00-0031189,T.J. Jones,WR,DET,2017,16,17,2,2,true,Not Injury Related,true,201716,201717,1
1200,00-0031190,Tyler Gaffney,RB,JAX,2017,1,17,16,16,true,Unlabeled (IR),true,201701,201717,1
1201,00-0031209,Senorise Perry,RB,TEN,2020,3,10,7,7,true,Unlabeled (IR),false,202003,202010,1
1202,00-0031228,Taylor Gabriel,WR,CLE,2015,12,13,2,0,false,Concussion,false,201512,201513,1
1203,00-0031228,Taylor Gabriel,WR,ATL,2016,7,7,1,0,false,Concussion,false,201607,201607,1
1204,00-0031228,Taylor Gabriel,WR,ATL,2016,17,17,1,0,false,Foot,true,201617,201617,1
1205,00-0031228,Taylor Gabriel,WR,CHI,2019,4,5,2,0,false,Concussion,false,201904,201905,1
1206,00-0031228,Taylor Gabriel,WR,CHI,2019,13,17,5,0,false,Concussion,true,201913,201917,1
1207,00-0031235,Odell Beckham Jr.,WR,NYG,2014,1,4,4,0,false,Hamstring,false,201401,201404,1
1208,00-0031235,Odell Beckham Jr.,WR,NYG,2017,6,17,11,11,true,Finger,true,201706,201717,1
1209,00-0031235,Odell Beckham Jr.,WR,NYG,2018,15,17,3,0,false,Quadricep,true,201815,201817,1
1210,00-0031235,Odell Beckham Jr.,WR,CLE,2020,8,2,10,9,true,Knee,false,202008,202102,2
1211,00-0031235,Odell Beckham Jr.,WR,CLE,2021,9,9,1,0,false,Shoulder,false,202109,202109,1
1212,00-0031235,Odell Beckham Jr.,WR,BAL,2023,3,4,2,0,false,Ankle,false,202303,202304,1
1213,00-0031235,Odell Beckham Jr.,WR,BAL,2023,18,4,5,4,false,Not injury related - resting player,false,202318,202404,2
1214,00-0031236,Brandin Cooks,WR,NO,2014,1,11,10,10,true,Unlabeled (IR),false,201401,201411,1
1215,00-0031236,Brandin Cooks,WR,LA,2019,10,11,2,0,false,Concussion,false,201910,201911,1
1216,00-0031236,Brandin Cooks,WR,HOU,2021,16,16,1,1,true,Unlabeled (IR),false,202116,202116,1
1217,00-0031236,Brandin Cooks,WR,HOU,2022,13,15,3,0,false,Calf,false,202213,202215,1
1218,00-0031236,Brandin Cooks,WR,DAL,2024,5,12,7,7,true,Knee,false,202405,202412,1
1219,00-0031236,Brandin Cooks,WR,NO,2025,12,12,1,0,false,Not injury related - personal matter,false,202512,202512,1
1220,00-0031237,Teddy Bridgewater,QB,MIN,2016,1,8,24,24,true,Unlabeled (IR),false,201601,201708,2
1221,00-0031237,Teddy Bridgewater,QB,DEN,2021,16,18,3,1,false,Concussion,true,202116,202118,1
1222,00-0031243,Storm Johnson,RB,JAX,2014,1,2,2,0,false,Ankle,false,201401,201402,1
1223,00-0031257,Paul Richardson,WR,SEA,2014,1,13,20,19,true,Hamstring,false,201401,201513,2
1224,00-0031257,Paul Richardson,WR,SEA,2016,13,13,1,0,false,Hamstring,false,201613,201613,1
1225,00-0031257,Paul Richardson,WR,SEA,2016,15,15,1,1,true,Hamstring,false,201615,201615,1
1226,00-0031257,Paul Richardson,WR,WAS,2018,10,17,8,8,true,Shoulder,true,201810,201817,1
1227,00-0031257,Paul Richardson,WR,WAS,2019,11,11,1,0,false,Hamstring,false,201911,201911,1
1228,00-0031257,Paul Richardson,WR,WAS,2019,13,17,5,3,false,Hamstring,true,201913,201917,1
1229,00-0031260,Logan Thomas,TE,WAS,2021,5,11,6,6,true,Unlabeled (IR),false,202105,202111,1
1230,00-0031260,Logan Thomas,TE,WAS,2021,14,18,5,5,true,Hamstring,true,202114,202118,1
1231,00-0031260,Logan Thomas,TE,WAS,2022,6,7,2,0,false,Calf,false,202206,202207,1
1232,00-0031260,Logan Thomas,TE,WAS,2023,3,3,1,0,false,Concussion,false,202303,202303,1
1233,00-0031266,Zach Mettenberger,QB,TEN,2014,15,15,1,0,false,right Shoulder,false,201415,201415,1
1234,00-0031268,Walt Powell,WR,BUF,2016,13,17,5,5,true,Unlabeled (IR),true,201613,201617,1
1235,00-0031271,Trey Millard,RB,KC,2016,1,17,16,16,true,Unlabeled (IR),true,201601,201617,1
1236,00-0031273,Cameron Brate,TE,TB,2016,17,17,1,1,true,Unlabeled (IR),true,201617,201617,1
1237,00-0031273,Cameron Brate,TE,TB,2022,5,5,1,0,false,Concussion,false,202205,202205,1
1238,00-0031273,Cameron Brate,TE,TB,2022,7,9,3,0,false,Neck,false,202207,202209,1
1239,00-0031277,Branden Oliver,RB,SD,2015,1,17,24,24,true,Unlabeled (IR),true,201501,201617,2
1240,00-0031277,Branden Oliver,RB,LAC,2017,5,5,1,0,false,Hamstring,false,201705,201705,1
1241,00-0031280,Derek Carr,QB,OAK,2016,17,17,1,0,false,Ankle,true,201617,201617,1
1242,00-0031280,Derek Carr,QB,NO,2024,6,6,1,0,false,Oblique,false,202406,202406,1
1243,00-0031280,Derek Carr,QB,NO,2024,16,18,3,0,false,Left Hand,true,202416,202418,1
1244,00-0031285,Devonta Freeman,RB,ATL,2015,12,12,1,0,false,Concussion,false,201512,201512,1
1245,00-0031285,Devonta Freeman,RB,ATL,2017,11,12,2,0,false,Concussion,false,201711,201712,1
1246,00-0031285,Devonta Freeman,RB,ATL,2018,2,4,3,0,false,Knee,false,201802,201804,1
1247,00-0031285,Devonta Freeman,RB,ATL,2018,6,17,11,10,false,Foot,true,201806,201817,1
1248,00-0031285,Devonta Freeman,RB,ATL,2019,11,12,2,0,false,Foot,false,201911,201912,1
1249,00-0031285,Devonta Freeman,RB,NYG,2020,8,17,9,7,false,Ankle,true,202008,202017,1
1250,00-0031288,AJ McCarron,QB,ATL,2021,1,18,17,17,true,Unlabeled (IR),true,202101,202118,1
1251,00-0031291,James Wright,WR,CIN,2016,14,14,1,0,false,Knee,false,201614,201614,1
1252,00-0031291,James Wright,WR,IND,2018,1,17,16,16,true,Unlabeled (IR),true,201801,201817,1
1253,00-0031299,Jordan Matthews,TE,BUF,2017,5,5,1,0,false,Thumb,false,201705,201705,1
1254,00-0031299,Jordan Matthews,TE,BUF,2017,14,17,4,4,true,Knee,true,201714,201717,1
1255,00-0031299,Jordan Matthews,TE,SF,2022,1,18,17,17,true,Unlabeled (IR),true,202201,202218,1
1256,00-0031301,Jeremy Hill,RB,CIN,2017,10,17,8,8,true,Ankle,true,201710,201717,1
1257,00-0031301,Jeremy Hill,RB,NE,2018,2,17,15,15,true,Unlabeled (IR),true,201802,201817,1
1258,00-0031302,C.J. Fiedorowicz,TE,HOU,2014,2,2,1,0,false,Foot,false,201402,201402,1
1259,00-0031302,C.J. Fiedorowicz,TE,HOU,2016,15,15,1,0,false,Concussion,false,201615,201615,1
1260,00-0031302,C.J. Fiedorowicz,TE,HOU,2017,2,9,7,7,true,Concussion,false,201702,201709,1
1261,00-0031302,C.J. Fiedorowicz,TE,HOU,2017,14,17,4,4,true,Unlabeled (IR),true,201714,201717,1
1262,00-0031315,Matt Hazel,WR,IND,2018,1,1,1,1,true,Unlabeled (IR),false,201801,201801,1
1263,00-0031319,Diontae Spencer,WR,DEN,2020,7,8,2,0,false,Shoulder,false,202007,202008,1
1264,00-0031319,Diontae Spencer,WR,DEN,2020,12,13,2,2,true,Unlabeled (IR),false,202012,202013,1
1265,00-0031325,Sammy Watkins,WR,BUF,2015,4,4,1,0,false,Calf,false,201504,201504,1
1266,00-0031325,Sammy Watkins,WR,BUF,2015,7,7,1,0,false,Ankle,false,201507,201507,1
1267,00-0031325,Sammy Watkins,WR,BUF,2016,4,11,7,7,true,Foot,false,201604,201611,1
1268,00-0031325,Sammy Watkins,WR,KC,2018,13,17,4,0,false,Foot,true,201813,201817,2
1269,00-0031325,Sammy Watkins,WR,KC,2019,7,7,1,0,false,Hamstring,false,201907,201907,1
1270,00-0031325,Sammy Watkins,WR,KC,2020,6,8,3,0,false,Hamstring,false,202006,202008,1
1271,00-0031325,Sammy Watkins,WR,KC,2020,17,17,1,0,false,Calf,true,202017,202017,1
1272,00-0031325,Sammy Watkins,WR,BAL,2021,6,7,2,0,false,Thigh,false,202106,202107,1
1273,00-0031325,Sammy Watkins,WR,GB,2022,3,6,4,4,true,Hamstring,false,202203,202206,1
1274,00-0031326,Bruce Ellington,WR,SF,2016,1,17,16,16,true,Unlabeled (IR),true,201601,201617,1
1275,00-0031326,Bruce Ellington,WR,HOU,2017,2,2,1,0,false,Concussion,false,201702,201702,1
1276,00-0031326,Bruce Ellington,WR,HOU,2017,14,17,4,4,true,Knee,true,201714,201717,1
1277,00-0031326,Bruce Ellington,WR,HOU,2018,4,8,5,5,true,Unlabeled (IR),false,201804,201808,1
1278,00-0031326,Bruce Ellington,WR,DET,2018,15,17,3,2,false,Hamstring,true,201815,201817,1
1279,00-0031327,Kevin Norwood,WR,CAR,2016,1,11,13,13,true,Unlabeled (IR),false,201601,201711,2
1280,00-0031339,Donte Moncrief,WR,IND,2016,3,7,5,0,false,Shoulder,false,201603,201607,1
1281,00-0031339,Donte Moncrief,WR,IND,2016,15,15,1,0,false,Hamstring,false,201615,201615,1
1282,00-0031339,Donte Moncrief,WR,IND,2017,14,16,3,0,false,Ankle,false,201714,201716,1
1283,00-0031344,Cody Latimer,WR,DEN,2014,14,15,2,0,false,Ribs,false,201414,201415,1
1284,00-0031344,Cody Latimer,WR,DEN,2015,5,5,1,0,false,Groin,false,201505,201505,1
1285,00-0031344,Cody Latimer,WR,DEN,2017,6,7,2,0,false,Knee,false,201706,201707,1
1286,00-0031344,Cody Latimer,WR,DEN,2017,17,17,1,0,false,Thigh,true,201717,201717,1
1287,00-0031344,Cody Latimer,WR,NYG,2018,4,4,1,0,false,Knee,false,201804,201804,1
1288,00-0031344,Cody Latimer,WR,NYG,2018,7,15,8,8,true,Unlabeled (IR),false,201807,201815,1
1289,00-0031344,Cody Latimer,WR,NYG,2019,3,3,1,0,false,Concussion,false,201903,201903,1
1290,00-0031345,Jimmy Garoppolo,QB,SF,2018,4,17,13,13,true,Unlabeled (IR),true,201804,201817,1
1291,00-0031345,Jimmy Garoppolo,QB,SF,2020,3,4,2,0,false,Ankle,false,202003,202004,1
1292,00-0031345,Jimmy Garoppolo,QB,SF,2020,9,17,8,8,true,Ankle,true,202009,202017,1
1293,00-0031345,Jimmy Garoppolo,QB,SF,2021,5,5,1,0,false,Calf,false,202105,202105,1
1294,00-0031345,Jimmy Garoppolo,QB,SF,2022,14,18,5,0,false,Foot,true,202214,202218,1
1295,00-0031345,Jimmy Garoppolo,QB,LV,2023,7,7,1,0,false,Back,false,202307,202307,1
1296,00-0031345,Jimmy Garoppolo,QB,LA,2024,1,2,2,2,true,Unlabeled (IR),false,202401,202402,1
1297,00-0031359,Kelvin Benjamin,WR,BUF,2017,13,13,1,0,false,Knee,false,201713,201713,1
1298,00-0031373,Martavis Bryant,WR,OAK,2018,11,14,3,1,false,Knee,false,201811,201814,2
1299,00-0031375,Terrance West,RB,BAL,2017,6,9,4,0,false,Calf,false,201706,201709,1
1300,00-0031376,Jerick McKinnon,RB,MIN,2014,1,14,13,12,true,Back,false,201401,201414,1
1301,00-0031376,Jerick McKinnon,RB,MIN,2016,8,8,1,0,false,Ankle,false,201608,201608,1
1302,00-0031376,Jerick McKinnon,RB,SF,2018,1,17,32,32,true,Unlabeled (IR),true,201801,201917,2
1303,00-0031376,Jerick McKinnon,RB,KC,2021,13,16,4,4,true,Unlabeled (IR),false,202113,202116,1
1304,00-0031376,Jerick McKinnon,RB,KC,2023,12,12,1,0,false,Groin,false,202312,202312,1
1305,00-0031376,Jerick McKinnon,RB,KC,2023,16,18,3,3,true,Groin,true,202316,202318,1
1306,00-0031381,Davante Adams,WR,GB,2017,16,17,2,0,false,Concussion,true,201716,201717,1
1307,00-0031381,Davante Adams,WR,GB,2019,5,7,3,0,false,Toe,false,201905,201907,1
1308,00-0031381,Davante Adams,WR,GB,2021,8,8,1,1,true,Unlabeled (IR),false,202108,202108,1
1309,00-0031381,Davante Adams,WR,LV,2024,4,6,3,0,false,Hamstring,false,202404,202406,1
1310,00-0031382,Jarvis Landry,WR,CLE,2021,3,6,4,4,true,Unlabeled (IR),false,202103,202106,1
1311,00-0031382,Jarvis Landry,WR,CLE,2021,15,15,1,1,true,Knee,false,202115,202115,1
1312,00-0031382,Jarvis Landry,WR,NO,2022,6,8,3,0,false,Ankle,false,202206,202208,1
1313,00-0031382,Jarvis Landry,WR,NO,2022,16,18,3,3,true,Ankle,true,202216,202218,1
1314,00-0031384,Richard Rodgers,TE,GB,2017,17,10,10,9,false,Shoulder,false,201717,201810,2
1315,00-0031384,Richard Rodgers,TE,PHI,2019,1,1,1,1,true,Unlabeled (IR),false,201901,201901,1
1316,00-0031384,Richard Rodgers,TE,PHI,2020,16,17,2,0,false,Ankle,true,202016,202017,1
1317,00-0031384,Richard Rodgers,TE,LAC,2022,14,18,5,5,true,Knee,true,202214,202218,1
1318,00-0031387,Eric Ebron,TE,DET,2014,8,8,1,0,false,Hamstring,false,201408,201408,1
1319,00-0031387,Eric Ebron,TE,DET,2015,5,6,2,0,false,Knee,false,201505,201506,1
1320,00-0031387,Eric Ebron,TE,DET,2016,5,7,3,0,false,Ankle,false,201605,201607,1
1321,00-0031387,Eric Ebron,TE,IND,2019,13,17,5,5,true,Ankle,true,201913,201917,1
1322,00-0031387,Eric Ebron,TE,PIT,2020,17,17,1,1,true,Back,true,202017,202017,1
1323,00-0031387,Eric Ebron,TE,PIT,2021,8,9,2,0,false,Hamstring,false,202108,202109,1
1324,00-0031387,Eric Ebron,TE,PIT,2021,12,18,7,7,true,Knee,true,202112,202118,1
1325,00-0031390,Charles Sims,RB,TB,2016,5,13,8,8,true,Knee,false,201605,201613,1
1326,00-0031390,Charles Sims,RB,TB,2016,17,17,1,1,true,Unlabeled (IR),true,201617,201617,1
1327,00-0031392,Dri Archer,RB,PIT,2014,2,2,1,0,false,Ankle,false,201402,201402,1
1328,00-0031408,Mike Evans,WR,TB,2014,5,5,1,0,false,Groin,false,201405,201405,1
1329,00-0031408,Mike Evans,WR,TB,2019,15,17,3,2,false,Hamstring,true,201915,201917,1
1330,00-0031408,Mike Evans,WR,TB,2021,16,16,1,0,false,Hamstring,false,202116,202116,1
1331,00-0031408,Mike Evans,WR,TB,2022,3,3,1,1,true,Calf,false,202203,202203,1
1332,00-0031408,Mike Evans,WR,TB,2024,8,10,3,0,false,Hamstring,false,202408,202410,1
1333,00-0031408,Mike Evans,WR,TB,2025,4,6,3,0,false,Hamstring,false,202504,202506,1
1334,00-0031408,Mike Evans,WR,TB,2025,8,14,6,6,true,Collarbone,false,202508,202514,1
1335,00-0031409,Johnny Manziel,QB,CLE,2014,17,17,1,0,false,Hamstring,true,201417,201417,1
1336,00-0031409,Johnny Manziel,QB,CLE,2015,17,17,1,0,false,Concussion,true,201517,201517,1
1337,00-0031413,Bishop Sankey,RB,MIN,2017,1,17,16,16,true,Unlabeled (IR),true,201701,201717,1
1338,00-0031418,Austin Seferian-Jenkins,TE,TB,2014,1,15,14,14,true,Ankle,false,201401,201415,1
1339,00-0031418,Austin Seferian-Jenkins,TE,TB,2015,3,7,2,0,false,Shoulder,false,201503,201507,2
1340,00-0031418,Austin Seferian-Jenkins,TE,NYJ,2016,7,7,1,0,false,Ankle,false,201607,201607,1
1341,00-0031418,Austin Seferian-Jenkins,TE,NYJ,2016,17,17,1,0,false,Hamstring,true,201617,201617,1
1342,00-0031418,Austin Seferian-Jenkins,TE,JAX,2018,6,17,11,11,true,core muscle,true,201806,201817,1
1343,00-0031428,Allen Robinson,WR,JAX,2014,1,10,10,10,true,Hamstring,false,201401,201410,1
1344,00-0031428,Allen Robinson,WR,JAX,2017,2,17,15,15,true,Unlabeled (IR),true,201702,201717,1
1345,00-0031428,Allen Robinson,WR,CHI,2021,15,16,2,2,true,Hamstring,false,202115,202116,1
1346,00-0031428,Allen Robinson,WR,LA,2022,13,18,6,6,true,Ankle,true,202213,202218,1
1347,00-0031431,Marqise Lee,WR,JAX,2014,3,5,3,0,false,Hamstring,false,201403,201405,1
1348,00-0031431,Marqise Lee,WR,JAX,2015,4,7,4,0,false,Hamstring,false,201504,201507,1
1349,00-0031431,Marqise Lee,WR,JAX,2017,16,17,18,16,false,Ankle,true,201716,201817,2
1350,00-0031431,Marqise Lee,WR,JAX,2019,7,7,1,0,false,Ankle,false,201907,201907,1
1351,00-0031431,Marqise Lee,WR,JAX,2019,9,17,18,18,true,Ankle,true,201909,202017,2
1352,00-0031459,Glenn Winston,RB,CLE,2015,15,17,19,16,false,Concussion,true,201515,201617,2
1353,00-0031462,Jerome Cunningham,TE,NYG,2015,3,4,2,0,false,Knee,false,201503,201504,1
1354,00-0031462,Jerome Cunningham,TE,WAS,2019,7,17,10,10,true,Concussion,true,201907,201917,1
1355,00-0031484,Chris Manhertz,TE,CAR,2019,5,5,1,0,false,Concussion,false,201905,201905,1
1356,00-0031484,Chris Manhertz,TE,DEN,2023,18,18,1,0,false,Illness,true,202318,202318,1
1357,00-0031503,Jameis Winston,QB,TB,2017,10,12,3,0,false,right Shoulder,false,201710,201712,1
1358,00-0031503,Jameis Winston,QB,NO,2021,9,18,10,10,true,Knee,true,202109,202118,1
1359,00-0031511,DeAndrew White,WR,BAL,2020,1,17,16,16,true,Unlabeled (IR),true,202001,202017,1
1360,00-0031514,Quan Bray,WR,IND,2016,7,17,10,10,true,Shin,true,201607,201617,1
1361,00-0031514,Quan Bray,WR,IND,2017,10,16,6,6,true,Unlabeled (IR),false,201710,201716,1
1362,00-0031526,Tyler Varga,RB,IND,2015,1,5,5,5,true,Concussion,false,201501,201505,1
1363,00-0031533,Randall Telfer,TE,CLE,2016,5,6,2,0,false,Ankle,false,201605,201606,1
1364,00-0031544,Amari Cooper,WR,OAK,2017,13,13,1,0,false,Concussion,false,201713,201713,1
1365,00-0031544,Amari Cooper,WR,OAK,2017,15,15,1,0,false,Ankle,false,201715,201715,1
1366,00-0031544,Amari Cooper,WR,DAL,2021,11,12,2,2,true,Hamstring,false,202111,202112,1
1367,00-0031544,Amari Cooper,WR,CLE,2023,18,18,1,0,false,Not injury related - resting player,true,202318,202318,1
1368,00-0031545,Kevin White,WR,CHI,2016,5,17,12,12,true,Ankle,true,201605,201617,1
1369,00-0031545,Kevin White,WR,CHI,2017,2,17,15,15,true,Unlabeled (IR),true,201702,201717,1
1370,00-0031547,DeVante Parker,WR,MIA,2021,6,6,1,0,false,Shoulder,false,202106,202106,1
1371,00-0031547,DeVante Parker,WR,MIA,2021,9,12,4,4,true,Shoulder,false,202109,202112,1
1372,00-0031547,DeVante Parker,WR,NE,2022,9,9,1,0,false,Knee,false,202209,202209,1
1373,00-0031547,DeVante Parker,WR,NE,2022,15,17,3,0,false,Concussion,false,202215,202217,1
1374,00-0031547,DeVante Parker,WR,NE,2023,9,10,2,0,false,Concussion,false,202309,202310,1
1375,00-0031549,Nelson Agholor,WR,PHI,2015,6,7,2,0,false,Ankle,false,201506,201507,1
1376,00-0031549,Nelson Agholor,WR,PHI,2019,17,17,1,0,false,Knee,true,201917,201917,1
1377,00-0031549,Nelson Agholor,WR,NE,2021,16,17,2,0,false,Concussion,false,202116,202117,1
1378,00-0031549,Nelson Agholor,WR,BAL,2024,17,17,1,0,false,Concussion,false,202417,202417,1
1379,00-0031558,Maxx Williams,TE,BAL,2015,7,7,1,0,false,Knee,false,201507,201507,1
1380,00-0031558,Maxx Williams,TE,BAL,2015,13,13,1,0,false,Concussion,false,201513,201513,1
1381,00-0031558,Maxx Williams,TE,BAL,2016,5,17,12,12,true,Knee,true,201605,201617,1
1382,00-0031558,Maxx Williams,TE,BAL,2017,3,5,3,0,false,Ankle,false,201703,201705,1
1383,00-0031558,Maxx Williams,TE,BAL,2017,7,8,2,0,false,Ankle,false,201707,201708,1
1384,00-0031558,Maxx Williams,TE,ARI,2020,2,7,6,5,false,Ankle,false,202002,202007,1
1385,00-0031558,Maxx Williams,TE,ARI,2021,6,18,12,12,true,Shoulder,true,202106,202118,1
1386,00-0031560,Jaelen Strong,WR,HOU,2016,10,17,8,4,false,Ankle,true,201610,201617,1
1387,00-0031560,Jaelen Strong,WR,JAX,2017,3,4,2,0,false,Hamstring,false,201703,201704,1
1388,00-0031560,Jaelen Strong,WR,JAX,2017,17,17,1,1,true,Unlabeled (IR),true,201717,201717,1
1389,00-0031568,Bryce Petty,QB,NYJ,2016,1,5,5,0,false,right Shoulder,false,201601,201605,1
1390,00-0031568,Bryce Petty,QB,NYJ,2016,17,17,1,1,true,Chest,true,201617,201617,1
1391,00-0031568,Bryce Petty,QB,MIA,2018,1,3,3,3,true,Unlabeled (IR),false,201801,201803,1
1392,00-0031577,Javorius Allen,RB,NO,2019,1,6,6,6,true,Unlabeled (IR),false,201901,201906,1
1393,00-0031585,MyCole Pruitt,TE,MIN,2016,1,2,2,0,false,Knee,false,201601,201602,1
1394,00-0031585,MyCole Pruitt,TE,MIN,2016,7,7,1,0,false,Knee,false,201607,201607,1
1395,00-0031585,MyCole Pruitt,TE,HOU,2017,16,17,2,2,true,Calf,true,201716,201717,1
1396,00-0031585,MyCole Pruitt,TE,TEN,2020,10,12,3,0,false,Knee,false,202010,202012,1
1397,00-0031585,MyCole Pruitt,TE,TEN,2021,18,18,1,1,true,Unlabeled (IR),true,202118,202118,1
1398,00-0031585,MyCole Pruitt,TE,PIT,2024,3,6,4,0,false,Knee,false,202403,202406,1
1399,00-0031588,Stefon Diggs,WR,MIN,2017,6,7,2,0,false,Groin,false,201706,201707,1
1400,00-0031588,Stefon Diggs,WR,HOU,2024,9,18,9,9,true,Not injury related - resting player,true,202409,202418,1
1401,00-0031590,Jay Ajayi,RB,MIA,2016,1,1,1,0,false,Not Injury Related,false,201601,201601,1
1402,00-0031590,Jay Ajayi,RB,PHI,2018,3,3,1,0,false,Back,false,201803,201803,1
1403,00-0031590,Jay Ajayi,RB,PHI,2018,6,17,11,11,true,Unlabeled (IR),true,201806,201817,1
1404,00-0031595,Michael Burton,RB,NO,2020,17,17,1,1,true,Unlabeled (IR),true,202017,202017,1
1405,00-0031595,Michael Burton,RB,KC,2021,7,7,1,0,false,Pectoral,false,202107,202107,1
1406,00-0031595,Michael Burton,RB,DEN,2025,1,18,17,17,true,Unlabeled (IR),true,202501,202518,1
1407,00-0031598,Nick Boyle,TE,BAL,2020,11,9,15,15,true,Knee,false,202011,202109,2
1408,00-0031598,Nick Boyle,TE,BAL,2021,18,18,1,1,true,Not injury related - resting player,true,202118,202118,1
1409,00-0031609,A.J. Derby,TE,DEN,2016,16,17,2,0,false,Concussion,true,201616,201617,1
1410,00-0031609,A.J. Derby,TE,DEN,2017,11,12,2,1,false,Shoulder,false,201711,201712,1
1411,00-0031609,A.J. Derby,TE,MIA,2018,4,5,2,0,false,Foot,false,201804,201805,1
1412,00-0031609,A.J. Derby,TE,MIA,2018,14,17,4,4,true,Foot,true,201814,201817,1
1413,00-0031610,Darren Waller,TE,BAL,2015,6,1,2,1,false,Concussion,false,201506,201601,2
1414,00-0031610,Darren Waller,TE,LV,2021,14,17,3,1,false,Knee,false,202114,202117,2
1415,00-0031610,Darren Waller,TE,LV,2022,7,14,6,5,false,Hamstring,false,202207,202214,2
1416,00-0031610,Darren Waller,TE,NYG,2023,9,14,5,5,true,Hamstring,false,202309,202314,1
1417,00-0031610,Darren Waller,TE,MIA,2025,1,3,3,0,false,Hip,false,202501,202503,1
1418,00-0031610,Darren Waller,TE,MIA,2025,8,11,4,4,true,Hip,false,202508,202511,1
1419,00-0031610,Darren Waller,TE,MIA,2025,18,18,1,1,true,Not injury related - resting player,true,202518,202518,1
1420,00-0031665,Zach Zenner,RB,DET,2015,1,6,6,6,true,Unlabeled (IR),false,201501,201506,1
1421,00-0031665,Zach Zenner,RB,DET,2018,1,1,1,1,true,Unlabeled (IR),false,201801,201801,1
1422,00-0031682,Terron Ward,RB,ATL,2017,3,4,2,0,false,Neck,false,201703,201704,1
1423,00-0031684,Shane Wynn,WR,JAX,2017,1,17,16,16,true,Unlabeled (IR),true,201701,201717,1
1424,00-0031687,Raheem Mostert,RB,SF,2017,13,17,5,5,true,Shoulder,true,201713,201717,1
1425,00-0031687,Raheem Mostert,RB,SF,2018,10,17,7,7,true,Ankle,true,201810,201817,1
1426,00-0031687,Raheem Mostert,RB,SF,2020,3,4,2,0,false,Knee,false,202003,202004,1
1427,00-0031687,Raheem Mostert,RB,SF,2020,7,10,4,4,true,Ankle,false,202007,202010,1
1428,00-0031687,Raheem Mostert,RB,SF,2020,16,17,2,2,true,Ankle,true,202016,202017,1
1429,00-0031687,Raheem Mostert,RB,SF,2021,2,18,16,16,true,Unlabeled (IR),true,202102,202118,1
1430,00-0031687,Raheem Mostert,RB,MIA,2024,2,2,1,0,false,Chest,false,202402,202402,1
1431,00-0031690,Eric Tomlinson,TE,NYJ,2017,2,3,2,0,false,Elbow,false,201702,201703,1
1432,00-0031690,Eric Tomlinson,TE,NYJ,2018,17,17,1,1,true,Achilles,true,201817,201817,1
1433,00-0031697,Jordan Taylor,WR,DEN,2018,1,17,16,16,true,Unlabeled (IR),true,201801,201817,1
1434,00-0031711,Gannon Sinclair,TE,PHI,2018,1,1,1,1,true,Unlabeled (IR),false,201801,201801,1
1435,00-0031731,Corey Grant,RB,JAX,2015,1,6,6,6,true,Unlabeled (IR),false,201501,201506,1
1436,00-0031731,Corey Grant,RB,JAX,2018,6,17,11,11,true,Unlabeled (IR),true,201806,201817,1
1437,00-0031744,Matt LaCosse,TE,NYG,2016,1,17,16,16,true,Unlabeled (IR),true,201601,201617,1
1438,00-0031744,Matt LaCosse,TE,NE,2019,7,9,3,0,false,Knee,false,201907,201909,1
1439,00-0031744,Matt LaCosse,TE,NE,2020,8,17,10,10,true,Unlabeled (IR),true,202008,202017,1
1440,00-0031755,Jameill Showers,QB,DAL,2018,1,1,17,17,true,Unlabeled (IR),false,201801,201901,2
1441,00-0031757,Lucky Whitehead,WR,NYJ,2017,1,1,1,1,true,Unlabeled (IR),false,201701,201701,1
1442,00-0031763,DeAndre Carter,WR,CHI,2020,14,15,2,2,true,Unlabeled (IR),false,202014,202015,1
1443,00-0031763,DeAndre Carter,WR,CHI,2024,15,18,17,17,true,Unlabeled (IR),true,202415,202518,2
1444,00-0031782,Eli Rogers,WR,PIT,2016,4,5,2,0,false,Toe,false,201604,201605,1
1445,00-0031782,Eli Rogers,WR,PIT,2018,2,14,12,12,true,Unlabeled (IR),false,201802,201814,1
1446,00-0031787,Jake Kumerow,WR,CIN,2017,1,12,13,13,true,Unlabeled (IR),false,201701,201812,2
1447,00-0031787,Jake Kumerow,WR,BUF,2021,10,10,1,1,true,Unlabeled (IR),false,202110,202110,1
1448,00-0031787,Jake Kumerow,WR,BUF,2022,4,6,3,0,false,Ankle,false,202204,202206,1
1449,00-0031787,Jake Kumerow,WR,BUF,2022,11,18,7,7,true,Ankle,true,202211,202218,1
1450,00-0031788,Matt Lengel,TE,NE,2017,1,3,3,3,true,Unlabeled (IR),false,201701,201703,1
1451,00-0031800,Taylor Heinicke,QB,MIN,2017,1,1,1,1,true,Unlabeled (IR),false,201701,201701,1
1452,00-0031800,Taylor Heinicke,QB,CAR,2018,17,17,1,1,true,Unlabeled (IR),true,201817,201817,1
1453,00-0031800,Taylor Heinicke,QB,WAS,2021,15,15,1,1,true,right Elbow,false,202115,202115,1
1454,00-0031801,Jordan Leslie,WR,CLE,2017,5,5,1,1,true,Unlabeled (IR),false,201705,201705,1
1455,00-0031806,Malcolm Brown,RB,LA,2017,10,12,3,0,false,Knee,false,201710,201712,1
1456,00-0031806,Malcolm Brown,RB,LA,2018,14,17,4,3,false,Shoulder,true,201814,201817,1
1457,00-0031806,Malcolm Brown,RB,LA,2019,8,8,1,0,false,Ankle,false,201908,201908,1
1458,00-0031806,Malcolm Brown,RB,MIA,2021,8,18,10,10,true,Ribs,true,202108,202118,1
1459,00-0031806,Malcolm Brown,RB,LA,2022,10,10,1,0,false,Hamstring,false,202210,202210,1
1460,00-0031813,Zach Laskey,RB,LA,2016,1,17,32,32,true,Unlabeled (IR),true,201601,201717,2
1461,00-0031818,Bradley Marquez,WR,LA,2016,16,9,10,10,true,Knee,false,201616,201709,2
1462,00-0031819,Tyler Slavin,WR,SEA,2016,1,17,16,16,true,Unlabeled (IR),true,201601,201617,1
1463,00-0031826,John Crockett,RB,GB,2016,1,17,16,16,true,Unlabeled (IR),true,201601,201617,1
1464,00-0031834,Larry Pinkard,WR,JAX,2017,15,17,3,2,false,Concussion,true,201715,201717,1
1465,00-0031846,Rannell Hall,WR,CLE,2016,1,17,16,16,true,Unlabeled (IR),true,201601,201617,1
1466,00-0031868,Damiere Byrd,WR,CAR,2017,5,12,7,7,true,Unlabeled (IR),false,201705,201712,1
1467,00-0031868,Damiere Byrd,WR,CAR,2017,17,2,2,1,true,Knee,false,201717,201802,2
1468,00-0031868,Damiere Byrd,WR,CAR,2018,6,6,1,0,false,Ankle,false,201806,201806,1
1469,00-0031868,Damiere Byrd,WR,CAR,2018,13,17,5,5,true,Unlabeled (IR),true,201813,201817,1
1470,00-0031868,Damiere Byrd,WR,ARI,2019,4,4,1,0,false,Hamstring,false,201904,201904,1
1471,00-0031884,Gabe Holmes,TE,OAK,2016,1,17,16,16,true,Unlabeled (IR),true,201601,201617,1
1472,00-0031897,Thomas Rawls,RB,SEA,2015,1,14,13,13,true,Calf,false,201501,201514,1
1473,00-0031897,Thomas Rawls,RB,SEA,2016,4,10,6,0,false,Fibula,false,201604,201610,1
1474,00-0031897,Thomas Rawls,RB,SEA,2016,15,15,1,1,true,Unlabeled (IR),false,201615,201615,1
1475,00-0031900,Rod Smith,RB,NYG,2019,1,1,1,1,true,Unlabeled (IR),false,201901,201901,1
1476,00-0031912,Cameron Meredith,WR,CHI,2017,1,17,16,16,true,Unlabeled (IR),true,201701,201717,1
1477,00-0031912,Cameron Meredith,WR,NO,2018,10,4,12,12,true,Knee,false,201810,201904,2
1478,00-0031924,Mike McFarland,TE,IND,2016,1,13,12,12,true,Unlabeled (IR),false,201601,201613,1
1479,00-0031934,Devin Smith,WR,NYJ,2015,1,9,23,22,true,Knee,false,201501,201609,2
1480,00-0031934,Devin Smith,WR,NYJ,2017,1,17,16,16,true,Unlabeled (IR),true,201701,201717,1
1481,00-0031939,Matt Jones,RB,WAS,2016,8,8,1,0,false,Knee,false,201608,201608,1
1482,00-0031939,Matt Jones,RB,IND,2017,9,9,1,0,false,Ankle,false,201709,201709,1
1483,00-0031941,Jamison Crowder,WR,WAS,2018,7,11,4,0,false,Ankle,false,201807,201811,2
1484,00-0031941,Jamison Crowder,WR,NYJ,2020,2,3,2,0,false,Hamstring,false,202002,202003,1
1485,00-0031941,Jamison Crowder,WR,NYJ,2021,1,1,1,1,true,Unlabeled (IR),false,202101,202101,1
1486,00-0031941,Jamison Crowder,WR,BUF,2022,5,18,12,12,true,Ankle,true,202205,202218,1
1487,00-0031941,Jamison Crowder,WR,WAS,2024,4,13,10,9,false,Calf,false,202404,202413,1
1488,00-0031951,James O'Shaughnessy,TE,KC,2015,1,10,9,9,true,Foot,false,201501,201510,1
1489,00-0031951,James O'Shaughnessy,TE,JAX,2018,7,8,2,0,false,Hip,false,201807,201808,1
1490,00-0031951,James O'Shaughnessy,TE,JAX,2019,6,17,11,11,true,Unlabeled (IR),true,201906,201917,1
1491,00-0031951,James O'Shaughnessy,TE,JAX,2020,11,11,1,0,false,Knee,false,202011,202011,1
1492,00-0031951,James O'Shaughnessy,TE,JAX,2021,3,11,8,8,true,Unlabeled (IR),false,202103,202111,1
1493,00-0031951,James O'Shaughnessy,TE,JAX,2021,17,18,2,0,false,Hip,true,202117,202118,1
1494,00-0031953,Geremy Davis,WR,LAC,2019,13,17,5,5,true,Hamstring,true,201913,201917,1
1495,00-0031959,Marcus Murphy,RB,NO,2015,1,14,13,13,true,Unlabeled (IR),false,201501,201514,1
1496,00-0031959,Marcus Murphy,RB,NYJ,2017,15,16,2,2,true,Unlabeled (IR),false,201715,201716,1
1497,00-0031959,Marcus Murphy,RB,BUF,2018,16,17,2,2,true,Unlabeled (IR),true,201816,201817,1
1498,00-0031992,Kenny Cook,WR,KC,2016,1,17,16,16,true,Unlabeled (IR),true,201601,201617,1
1499,00-0031996,Manasseh Garner,TE,WAS,2018,1,17,16,16,true,Unlabeled (IR),true,201801,201817,1
1500,00-0032001,Ben Edwards,WR,NYG,2016,1,17,16,16,true,Unlabeled (IR),true,201601,201617,1
1501,00-0032008,Donteea Dye,WR,TB,2016,16,17,2,2,true,Unlabeled (IR),true,201616,201617,1
1502,00-0032009,Adam Humphries,WR,TB,2016,14,14,1,0,false,Concussion,false,201614,201614,1
1503,00-0032009,Adam Humphries,WR,TEN,2019,14,17,4,0,false,Ankle,true,201914,201917,1
1504,00-0032009,Adam Humphries,WR,TEN,2020,9,12,4,0,false,Concussion,false,202009,202012,1
1505,00-0032009,Adam Humphries,WR,TEN,2020,14,17,4,4,true,Concussion,true,202014,202017,1
1506,00-0032054,Breshad Perriman,WR,BAL,2015,1,10,9,0,false,Knee,false,201501,201510,1
1507,00-0032054,Breshad Perriman,WR,BAL,2017,7,7,1,0,false,Concussion,false,201707,201707,1
1508,00-0032054,Breshad Perriman,WR,TB,2019,5,6,2,0,false,Hamstring,false,201905,201906,1
1509,00-0032054,Breshad Perriman,WR,NYJ,2020,3,4,2,0,false,Ankle,false,202003,202004,1
1510,00-0032054,Breshad Perriman,WR,NYJ,2020,8,8,1,0,false,Concussion,false,202008,202008,1
1511,00-0032054,Breshad Perriman,WR,TB,2021,15,16,2,2,true,Unlabeled (IR),false,202115,202116,1
1512,00-0032055,Devin Funchess,TE,CAR,2016,17,17,1,1,true,Knee,true,201617,201617,1
1513,00-0032055,Devin Funchess,TE,IND,2019,2,17,25,25,true,Back,true,201902,202017,2
1514,00-0032058,Tevin Coleman,RB,ATL,2015,3,4,2,0,false,Ribs,false,201503,201504,1
1515,00-0032058,Tevin Coleman,RB,ATL,2015,16,17,2,0,false,Concussion,true,201516,201517,1
1516,00-0032058,Tevin Coleman,RB,ATL,2016,8,10,3,0,false,Hamstring,false,201608,201610,1
1517,00-0032058,Tevin Coleman,RB,ATL,2017,15,15,1,0,false,Concussion,false,201715,201715,1
1518,00-0032058,Tevin Coleman,RB,SF,2019,2,3,2,0,false,Ankle,false,201902,201903,1
1519,00-0032058,Tevin Coleman,RB,SF,2020,3,7,5,5,true,Knee,false,202003,202007,1
1520,00-0032058,Tevin Coleman,RB,SF,2020,9,12,3,0,false,Knee,false,202009,202012,1
1521,00-0032058,Tevin Coleman,RB,NYJ,2021,3,3,1,0,false,Illness,false,202103,202103,1
1522,00-0032058,Tevin Coleman,RB,NYJ,2021,8,9,2,0,false,Hamstring,false,202108,202109,1
1523,00-0032058,Tevin Coleman,RB,NYJ,2021,14,14,1,0,false,Concussion,false,202114,202114,1
1524,00-0032058,Tevin Coleman,RB,NYJ,2021,17,17,1,1,true,Unlabeled (IR),false,202117,202117,1
1525,00-0032062,Blake Bell,TE,SF,2016,16,17,2,2,true,Unlabeled (IR),true,201616,201617,1
1526,00-0032062,Blake Bell,TE,MIN,2017,15,17,3,3,true,Shoulder,true,201715,201717,1
1527,00-0032062,Blake Bell,TE,KC,2019,11,11,1,0,false,Ankle,false,201911,201911,1
1528,00-0032062,Blake Bell,TE,KC,2021,6,6,1,0,false,Back,false,202106,202106,1
1529,00-0032062,Blake Bell,TE,KC,2022,1,15,14,14,true,Unlabeled (IR),false,202201,202215,1
1530,00-0032063,Mike Davis,RB,SF,2015,9,9,1,0,false,Hand,false,201509,201509,1
1531,00-0032068,Malcolm Johnson,RB,GB,2019,1,17,16,16,true,Unlabeled (IR),true,201901,201917,1
1532,00-0032095,Brandon Cottom,TE,SEA,2016,1,17,16,16,true,Unlabeled (IR),true,201601,201617,1
1533,00-0032104,Ameer Abdullah,RB,DET,2016,3,17,14,14,true,Unlabeled (IR),true,201603,201617,1
1534,00-0032104,Ameer Abdullah,RB,LV,2024,18,18,1,0,false,Foot,true,202418,202418,1
1535,00-0032112,J.J. Nelson,WR,ARI,2015,3,4,2,0,false,Shoulder,false,201503,201504,1
1536,00-0032112,J.J. Nelson,WR,OAK,2019,2,2,1,0,false,Ankle,false,201902,201902,1
1537,00-0032112,J.J. Nelson,WR,IND,2021,1,8,8,8,true,Unlabeled (IR),false,202101,202108,1
1538,00-0032115,Kaelin Clay,WR,BAL,2016,1,10,9,9,true,Unlabeled (IR),false,201601,201610,1
1539,00-0032115,Kaelin Clay,WR,NYG,2018,4,4,1,1,true,Ankle,false,201804,201804,1
1540,00-0032117,Nick O'Leary,TE,LV,2020,8,17,10,10,true,Unlabeled (IR),true,202008,202017,1
1541,00-0032120,Neal Sterling,TE,JAX,2016,16,16,1,0,false,Concussion,false,201616,201616,1
1542,00-0032120,Neal Sterling,TE,NYJ,2018,3,5,3,0,false,Concussion,false,201803,201805,1
1543,00-0032120,Neal Sterling,TE,NYJ,2018,9,17,8,7,false,Concussion,true,201809,201817,1
1544,00-0032128,Chris Conley,WR,KC,2017,6,17,11,11,true,Achilles,true,201706,201717,1
1545,00-0032128,Chris Conley,WR,JAX,2020,12,12,1,0,false,Hip,false,202012,202012,1
1546,00-0032128,Chris Conley,WR,SF,2024,10,10,1,0,false,Hamstring,false,202410,202410,1
1547,00-0032134,C.J. Uzomah,TE,CIN,2016,14,14,1,0,false,Calf,false,201614,201614,1
1548,00-0032134,C.J. Uzomah,TE,CIN,2017,1,1,1,0,false,Ankle,false,201701,201701,1
1549,00-0032134,C.J. Uzomah,TE,CIN,2020,3,17,14,14,true,Unlabeled (IR),true,202003,202017,1
1550,00-0032134,C.J. Uzomah,TE,NYJ,2023,14,18,5,5,true,Unlabeled (IR),true,202314,202318,1
1551,00-0032134,C.J. Uzomah,TE,PHI,2024,18,18,1,1,true,Unlabeled (IR),true,202418,202418,1
1552,00-0032135,Jesse James,TE,CHI,2021,5,5,1,0,false,Not injury related - personal matter,false,202105,202105,1
1553,00-0032135,Jesse James,TE,CHI,2021,15,16,2,2,true,Unlabeled (IR),false,202115,202116,1
1554,00-0032135,Jesse James,TE,CLE,2022,3,18,15,15,true,Biceps,true,202203,202218,1
1555,00-0032139,Ben Koyack,TE,JAX,2016,3,4,2,0,false,Knee,false,201603,201604,1
1556,00-0032141,Geoff Swaim,TE,DAL,2016,11,17,7,7,true,Unlabeled (IR),true,201611,201617,1
1557,00-0032141,Geoff Swaim,TE,DAL,2018,12,17,6,2,false,Wrist,true,201812,201817,1
1558,00-0032141,Geoff Swaim,TE,JAX,2019,7,17,10,9,false,Concussion,true,201907,201917,1
1559,00-0032141,Geoff Swaim,TE,TEN,2021,11,11,1,0,false,Concussion,false,202111,202111,1
1560,00-0032141,Geoff Swaim,TE,ARI,2023,16,18,3,3,true,Back,true,202316,202318,1
1561,00-0032141,Geoff Swaim,TE,CLE,2024,12,18,7,6,false,Concussion,true,202412,202418,1
1562,00-0032144,Melvin Gordon,RB,SD,2015,1,15,14,14,true,Ankle,false,201501,201515,1
1563,00-0032144,Melvin Gordon,RB,SD,2016,15,17,3,0,false,Hip,true,201615,201617,1
1564,00-0032144,Melvin Gordon,RB,LAC,2018,13,14,2,0,false,Knee,false,201813,201814,1
1565,00-0032152,Karlos Williams,RB,BUF,2015,5,7,3,0,false,Concussion,false,201505,201507,1
1566,00-0032152,Karlos Williams,RB,BUF,2015,13,14,2,0,false,Shoulder,false,201513,201514,1
1567,00-0032156,Trevor Siemian,QB,DEN,2016,13,13,1,0,false,Foot,false,201613,201613,1
1568,00-0032156,Trevor Siemian,QB,DEN,2017,16,17,2,2,true,Low Back,true,201716,201717,1
1569,00-0032156,Trevor Siemian,QB,NYJ,2019,3,17,14,14,true,Unlabeled (IR),true,201903,201917,1
1570,00-0032156,Trevor Siemian,QB,NO,2021,16,16,1,1,true,Unlabeled (IR),false,202116,202116,1
1571,00-0032156,Trevor Siemian,QB,CHI,2022,13,18,5,5,true,Oblique,true,202213,202218,1
1572,00-0032160,Tyrell Williams,WR,OAK,2019,7,7,1,0,false,Foot,false,201907,201907,1
1573,00-0032160,Tyrell Williams,WR,LV,2020,1,17,16,16,true,Unlabeled (IR),true,202001,202017,1
1574,00-0032160,Tyrell Williams,WR,DET,2021,2,8,7,6,false,Concussion,false,202102,202108,1
1575,00-0032166,Sammie Coates,WR,CLE,2017,12,13,2,0,false,Knee,false,201712,201713,1
1576,00-0032170,Rashad Greene,WR,JAX,2016,13,17,21,21,true,Achilles,true,201613,201717,2
1577,00-0032178,Kyle Prater,WR,NO,2016,1,3,3,3,true,Unlabeled (IR),false,201601,201603,1
1578,00-0032187,David Johnson,RB,ARI,2017,2,17,15,15,true,Unlabeled (IR),true,201702,201717,1
1579,00-0032187,David Johnson,RB,HOU,2020,10,12,3,3,true,Concussion,false,202010,202012,1
1580,00-0032187,David Johnson,RB,HOU,2020,14,14,1,1,true,Not Injury Related,false,202014,202014,1
1581,00-0032187,David Johnson,RB,HOU,2021,14,14,1,1,true,Illness,false,202114,202114,1
1582,00-0032187,David Johnson,RB,HOU,2021,17,17,1,1,true,Quadricep,false,202117,202117,1
1583,00-0032188,Vince Mayle,WR,LAC,2019,1,1,1,1,true,Unlabeled (IR),false,201901,201901,1
1584,00-0032200,Ty Montgomery,WR,GB,2015,1,15,14,14,true,Ankle,false,201501,201515,1
1585,00-0032200,Ty Montgomery,WR,GB,2017,11,17,6,5,false,Ribs,true,201711,201717,2
1586,00-0032200,Ty Montgomery,WR,NO,2020,3,8,4,4,true,Hamstring,false,202003,202008,2
1587,00-0032200,Ty Montgomery,WR,NO,2020,12,13,2,0,false,Hamstring,false,202012,202013,1
1588,00-0032200,Ty Montgomery,WR,NO,2021,9,9,1,0,false,Hamstring,false,202109,202109,1
1589,00-0032200,Ty Montgomery,WR,NO,2021,11,11,1,0,false,Hand,false,202111,202111,1
1590,00-0032200,Ty Montgomery,WR,NO,2021,14,14,1,1,true,Unlabeled (IR),false,202114,202114,1
1591,00-0032200,Ty Montgomery,WR,NE,2022,2,18,16,16,true,Knee,true,202202,202218,1
1592,00-0032208,Phillip Dorsett,WR,IND,2015,8,13,5,0,false,Ankle,false,201508,201513,1
1593,00-0032208,Phillip Dorsett,WR,IND,2016,7,7,1,0,false,Foot,false,201607,201607,1
1594,00-0032208,Phillip Dorsett,WR,NE,2019,6,6,1,0,false,Hamstring,false,201906,201906,1
1595,00-0032208,Phillip Dorsett,WR,SEA,2020,3,17,14,14,true,Foot,true,202003,202017,1
1596,00-0032208,Phillip Dorsett,WR,HOU,2021,17,18,2,2,true,Unlabeled (IR),true,202117,202118,1
1597,00-0032208,Phillip Dorsett,WR,HOU,2022,18,18,1,0,false,Hamstring,true,202218,202218,1
1598,00-0032209,T.J. Yeldon,RB,JAX,2015,17,17,1,0,false,Knee,true,201517,201517,1
1599,00-0032209,T.J. Yeldon,RB,JAX,2016,17,17,1,1,true,Unlabeled (IR),true,201617,201617,1
1600,00-0032209,T.J. Yeldon,RB,BUF,2020,9,17,2,1,false,Back,true,202009,202017,2
1601,00-0032211,Tyler Lockett,WR,SEA,2016,17,17,1,1,true,Unlabeled (IR),true,201617,201617,1
1602,00-0032211,Tyler Lockett,WR,SEA,2021,15,15,1,1,true,Unlabeled (IR),false,202115,202115,1
1603,00-0032211,Tyler Lockett,WR,SEA,2022,16,16,1,0,false,Hand,false,202216,202216,1
1604,00-0032214,Tyler Kroft,TE,CIN,2016,16,16,1,0,false,Knee,false,201616,201616,1
1605,00-0032214,Tyler Kroft,TE,CIN,2018,6,5,14,7,false,Foot,false,201806,201905,2
1606,00-0032214,Tyler Kroft,TE,BUF,2020,10,10,1,1,true,Unlabeled (IR),false,202010,202010,1
1607,00-0032214,Tyler Kroft,TE,BUF,2020,17,17,1,1,true,Unlabeled (IR),true,202017,202017,1
1608,00-0032214,Tyler Kroft,TE,NYJ,2021,5,7,2,0,false,Back,false,202105,202107,1
1609,00-0032214,Tyler Kroft,TE,NYJ,2021,10,14,5,5,true,Unlabeled (IR),false,202110,202114,1
1610,00-0032214,Tyler Kroft,TE,NYJ,2021,17,17,1,1,true,Unlabeled (IR),false,202117,202117,1
1611,00-0032214,Tyler Kroft,TE,SF,2022,3,5,3,0,false,Knee,false,202203,202205,1
1612,00-0032227,Jeff Heuerman,TE,DEN,2017,11,11,1,0,false,Knee,false,201711,201711,1
1613,00-0032227,Jeff Heuerman,TE,DEN,2018,13,17,5,5,true,Unlabeled (IR),true,201813,201817,1
1614,00-0032227,Jeff Heuerman,TE,DEN,2019,9,9,1,0,false,Knee,false,201909,201909,1
1615,00-0032241,Todd Gurley,RB,STL,2015,1,1,1,0,false,Knee,false,201501,201501,1
1616,00-0032241,Todd Gurley,RB,LA,2018,17,17,1,0,false,Knee,true,201817,201817,1
1617,00-0032241,Todd Gurley,RB,ATL,2020,12,12,1,0,false,Knee,false,202012,202012,1
1618,00-0032245,Sean Mannion,QB,MIN,2021,16,16,1,1,true,Unlabeled (IR),false,202116,202116,1
1619,00-0032256,Clive Walford,TE,OAK,2017,15,17,3,2,false,Concussion,true,201715,201717,1
1620,00-0032256,Clive Walford,TE,MIA,2019,17,17,1,0,false,Not Injury Related,true,201917,201917,1
1621,00-0032257,Duke Johnson,RB,HOU,2020,16,16,1,0,false,Neck,false,202016,202016,1
1622,00-0032268,Marcus Mariota,QB,TEN,2015,7,8,2,0,false,Knee,false,201507,201508,1
1623,00-0032268,Marcus Mariota,QB,TEN,2015,16,17,2,0,false,Knee,true,201516,201517,1
1624,00-0032268,Marcus Mariota,QB,TEN,2016,17,17,1,1,true,Unlabeled (IR),true,201617,201617,1
1625,00-0032268,Marcus Mariota,QB,LV,2020,1,3,3,3,true,Unlabeled (IR),false,202001,202003,1
1626,00-0032268,Marcus Mariota,QB,LV,2021,2,5,4,4,true,Quadricep,false,202102,202105,1
1627,00-0032268,Marcus Mariota,QB,LV,2021,16,16,1,1,true,Unlabeled (IR),false,202116,202116,1
1628,00-0032268,Marcus Mariota,QB,ATL,2022,15,18,4,4,true,Unlabeled (IR),true,202215,202218,1
1629,00-0032268,Marcus Mariota,QB,WAS,2024,1,4,4,4,true,Chest,false,202401,202404,1
1630,00-0032268,Marcus Mariota,QB,WAS,2025,17,18,2,0,false,Hand,true,202517,202518,1
1631,00-0032319,Ross Travis,TE,IND,2018,1,17,16,16,true,Unlabeled (IR),true,201801,201817,1
1632,00-0032328,Ronnie Shields,TE,SEA,2016,1,17,16,16,true,Unlabeled (IR),true,201601,201617,1
1633,00-0032355,Chester Rogers,WR,IND,2016,8,8,1,0,false,Hamstring,false,201608,201608,1
1634,00-0032355,Chester Rogers,WR,IND,2017,1,4,3,0,false,Hamstring,false,201701,201704,2
1635,00-0032355,Chester Rogers,WR,IND,2019,14,17,4,4,true,Unlabeled (IR),true,201914,201917,1
1636,00-0032355,Chester Rogers,WR,TEN,2021,7,7,1,0,false,Groin,false,202107,202107,1
1637,00-0032362,Maurice Harris,WR,WAS,2017,14,14,1,0,false,Concussion,false,201714,201714,1
1638,00-0032362,Maurice Harris,WR,WAS,2018,1,1,1,0,false,Concussion,false,201801,201801,1
1639,00-0032362,Maurice Harris,WR,WAS,2018,17,17,1,1,true,Concussion,true,201817,201817,1
1640,00-0032370,Reggie Diggs,WR,WAS,2016,1,17,16,16,true,Unlabeled (IR),true,201601,201617,1
1641,00-0032371,Rob Kelley,RB,WAS,2017,11,17,7,7,true,Unlabeled (IR),true,201711,201717,1
1642,00-0032371,Rob Kelley,RB,WAS,2018,3,17,14,14,true,Unlabeled (IR),true,201803,201817,1
1643,00-0032375,Joe Kerridge,RB,CLE,2019,1,6,6,6,true,Unlabeled (IR),false,201901,201906,1
1644,00-0032377,Josh Ferguson,RB,IND,2018,1,2,2,2,true,Unlabeled (IR),false,201801,201802,1
1645,00-0032385,Sterling Shepard,WR,NYG,2017,6,6,1,0,false,Ankle,false,201706,201706,1
1646,00-0032385,Sterling Shepard,WR,NYG,2017,17,17,1,0,false,Neck,true,201717,201717,1
1647,00-0032385,Sterling Shepard,WR,NYG,2019,2,2,1,0,false,Concussion,false,201902,201902,1
1648,00-0032385,Sterling Shepard,WR,NYG,2019,6,10,4,0,false,Concussion,false,201906,201910,2
1649,00-0032385,Sterling Shepard,WR,NYG,2020,3,6,4,4,true,Unlabeled (IR),false,202003,202006,1
1650,00-0032385,Sterling Shepard,WR,NYG,2021,4,5,2,0,false,Hamstring,false,202104,202105,1
1651,00-0032385,Sterling Shepard,WR,NYG,2021,9,12,3,0,false,Quadricep,false,202109,202112,1
1652,00-0032385,Sterling Shepard,WR,NYG,2021,16,18,3,3,true,Calf,true,202116,202118,1
1653,00-0032385,Sterling Shepard,WR,NYG,2022,4,18,14,14,true,Knee,true,202204,202218,1
1654,00-0032385,Sterling Shepard,WR,TB,2024,17,17,1,0,false,Hamstring,false,202417,202417,1
1655,00-0032392,Austin Hooper,TE,ATL,2016,16,17,2,0,false,Knee,true,201616,201617,1
1656,00-0032392,Austin Hooper,TE,ATL,2019,11,13,3,0,false,Knee,false,201911,201913,1
1657,00-0032392,Austin Hooper,TE,CLE,2020,7,8,2,0,false,Illness,false,202007,202008,1
1658,00-0032392,Austin Hooper,TE,CLE,2021,15,15,1,1,true,Unlabeled (IR),false,202115,202115,1
1659,00-0032392,Austin Hooper,TE,NE,2025,11,11,1,0,false,Concussion,false,202511,202511,1
1660,00-0032393,C.J. Prosise,RB,SEA,2016,12,17,6,0,false,Shoulder,true,201612,201617,1
1661,00-0032393,C.J. Prosise,RB,SEA,2017,11,17,7,7,true,Ankle,true,201711,201717,1
1662,00-0032393,C.J. Prosise,RB,SEA,2018,13,17,5,5,true,Abdomen,true,201813,201817,1
1663,00-0032393,C.J. Prosise,RB,SEA,2019,17,17,1,1,true,Unlabeled (IR),true,201917,201917,1
1664,00-0032393,C.J. Prosise,RB,HOU,2020,13,13,1,0,false,Illness,false,202013,202013,1
1665,00-0032394,Nick Vannett,TE,SEA,2016,1,2,2,0,false,Ankle,false,201601,201602,1
1666,00-0032394,Nick Vannett,TE,NO,2021,1,9,8,8,true,Unlabeled (IR),false,202101,202109,1
1667,00-0032394,Nick Vannett,TE,NO,2021,17,17,1,1,true,Ankle,false,202117,202117,1
1668,00-0032394,Nick Vannett,TE,LAC,2023,12,13,2,0,false,Concussion,false,202312,202313,1
1669,00-0032398,Chris Moore,WR,BAL,2020,1,15,9,7,false,Finger,false,202001,202015,2
1670,00-0032398,Chris Moore,WR,HOU,2021,17,17,1,1,true,Unlabeled (IR),false,202117,202117,1
1671,00-0032398,Chris Moore,WR,HOU,2022,5,5,1,0,false,Hip,false,202205,202205,1
1672,00-0032400,Malcolm Mitchell,WR,NE,2017,2,17,15,15,true,Knee,true,201702,201717,1
1673,00-0032404,Tyler Ervin,RB,HOU,2016,12,14,3,0,false,Ribs,false,201612,201614,1
1674,00-0032404,Tyler Ervin,RB,HOU,2017,5,17,12,12,true,Shoulder,true,201705,201717,1
1675,00-0032404,Tyler Ervin,RB,GB,2020,6,7,2,0,false,Wrist,false,202006,202007,1
1676,00-0032404,Tyler Ervin,RB,GB,2020,11,11,1,0,false,Wrist,false,202011,202011,1
1677,00-0032404,Tyler Ervin,RB,GB,2020,14,17,4,4,true,Ribs,true,202014,202017,1
1678,00-0032411,Kenneth Dixon,RB,BAL,2016,1,3,3,0,false,Knee,false,201601,201603,1
1679,00-0032411,Kenneth Dixon,RB,BAL,2017,7,17,10,10,true,Unlabeled (IR),true,201707,201717,1
1680,00-0032411,Kenneth Dixon,RB,BAL,2018,2,12,10,10,true,Knee,false,201802,201812,1
1681,00-0032411,Kenneth Dixon,RB,BAL,2019,1,1,1,1,true,Unlabeled (IR),false,201901,201901,1
1682,00-0032417,Paul Perkins,RB,NYG,2017,5,7,3,0,false,Ribs,false,201705,201707,1
1683,00-0032423,Trevor Davis,WR,GB,2018,2,17,13,13,true,Hamstring,true,201802,201817,2
1684,00-0032423,Trevor Davis,WR,MIA,2019,14,14,1,0,false,Not Injury Related,false,201914,201914,1
1685,00-0032426,Alex Collins,RB,BAL,2018,13,17,5,5,true,Foot,true,201813,201817,1
1686,00-0032426,Alex Collins,RB,SEA,2021,15,18,2,2,true,Abdomen,true,202115,202118,2
1687,00-0032430,David Morgan,TE,MIN,2016,5,5,1,0,false,Knee,false,201605,201605,1
1688,00-0032430,David Morgan,TE,MIN,2017,14,14,1,0,false,Concussion,false,201714,201714,1
1689,00-0032430,David Morgan,TE,MIN,2018,3,3,1,0,false,Knee,false,201803,201803,1
1690,00-0032430,David Morgan,TE,MIN,2018,11,14,4,0,false,Knee,false,201811,201814,1
1691,00-0032430,David Morgan,TE,MIN,2019,1,17,16,16,true,Unlabeled (IR),true,201901,201917,1
1692,00-0032434,Brandon Allen,QB,LA,2017,16,17,2,2,true,Back,true,201716,201717,1
1693,00-0032434,Brandon Allen,QB,CIN,2020,15,15,1,0,false,Knee,false,202015,202015,1
1694,00-0032436,Jeff Driskel,QB,CIN,2017,1,17,16,16,true,Unlabeled (IR),true,201701,201717,1
1695,00-0032436,Jeff Driskel,QB,CIN,2019,1,1,1,1,true,Unlabeled (IR),false,201901,201901,1
1696,00-0032436,Jeff Driskel,QB,DET,2019,14,17,4,4,true,Hamstring,true,201914,201917,1
1697,00-0032436,Jeff Driskel,QB,DEN,2020,12,18,6,6,true,Unlabeled (IR),true,202012,202118,2
1698,00-0032441,Aaron Burbridge,WR,SF,2017,1,1,17,17,true,Unlabeled (IR),false,201701,201801,2
1699,00-0032450,Dwayne Washington,RB,DET,2017,3,5,3,0,false,Quadricep,false,201703,201705,1
1700,00-0032450,Dwayne Washington,RB,DET,2017,11,12,2,0,false,Hip,false,201711,201712,1
1701,00-0032450,Dwayne Washington,RB,NO,2020,11,11,1,0,false,Back,false,202011,202011,1
1702,00-0032450,Dwayne Washington,RB,NO,2020,17,17,1,1,true,Unlabeled (IR),true,202017,202017,1
1703,00-0032450,Dwayne Washington,RB,NO,2021,7,8,2,0,false,Neck,false,202107,202108,1
1704,00-0032450,Dwayne Washington,RB,NO,2021,16,1,2,1,true,Hamstring,false,202116,202201,2
1705,00-0032450,Dwayne Washington,RB,NO,2022,16,18,3,1,false,Illness,true,202216,202218,1
1706,00-0032450,Dwayne Washington,RB,DEN,2023,17,18,2,2,true,Illness,true,202317,202318,1
1707,00-0032451,Devin Fuller,WR,ATL,2016,1,17,32,32,true,Unlabeled (IR),true,201601,201717,2
1708,00-0032464,Kalif Raymond,WR,TEN,2019,17,17,1,0,false,Concussion,true,201917,201917,1
1709,00-0032464,Kalif Raymond,WR,TEN,2020,15,15,1,1,true,Unlabeled (IR),false,202015,202015,1
1710,00-0032464,Kalif Raymond,WR,DET,2021,17,17,1,1,true,Shoulder,false,202117,202117,1
1711,00-0032464,Kalif Raymond,WR,DET,2024,13,17,5,5,true,Foot,false,202413,202417,1
1712,00-0032464,Kalif Raymond,WR,DET,2025,13,14,2,0,false,Ankle,false,202513,202514,1
1713,00-0032466,George Fant,TE,SEA,2017,1,17,16,16,true,Unlabeled (IR),true,201701,201717,1
1714,00-0032466,George Fant,TE,NYJ,2020,3,3,1,0,false,Concussion,false,202003,202003,1
1715,00-0032466,George Fant,TE,NYJ,2021,18,18,1,1,true,Unlabeled (IR),true,202118,202118,1
1716,00-0032466,George Fant,TE,NYJ,2022,4,12,8,8,true,Knee,false,202204,202212,1
1717,00-0032466,George Fant,TE,NYJ,2022,18,18,1,1,true,Knee,true,202218,202218,1
1718,00-0032466,George Fant,TE,SEA,2024,3,8,6,6,true,Knee,false,202403,202408,1
1719,00-0032466,George Fant,TE,SEA,2024,11,14,9,8,true,Knee,false,202411,202514,2
1720,00-0032472,Tre Madden,RB,SEA,2016,1,17,16,16,true,Unlabeled (IR),true,201601,201617,1
1721,00-0032472,Tre Madden,RB,SEA,2017,10,17,8,8,true,Calf,true,201710,201717,1
1722,00-0032515,Braedon Bowman,TE,NYJ,2016,5,17,11,10,false,Knee,true,201605,201617,2
1723,00-0032537,Canaan Severin,WR,PIT,2016,1,17,16,16,true,Unlabeled (IR),true,201601,201617,1
1724,00-0032540,Tra Carson,RB,CIN,2017,1,17,16,16,true,Unlabeled (IR),true,201701,201717,1
1725,00-0032540,Tra Carson,RB,CIN,2018,3,17,6,5,true,Rib,true,201803,201817,2
1726,00-0032540,Tra Carson,RB,DET,2019,9,9,1,1,true,Hamstring,false,201909,201909,1
1727,00-0032562,Cole Wick,TE,DET,2016,9,17,8,8,true,Knee,true,201609,201617,1
1728,00-0032562,Cole Wick,TE,TEN,2018,15,17,13,11,false,Shoulder,true,201815,202017,2
1729,00-0032577,D.J. Foster,RB,ARI,2018,1,17,26,24,true,Hamstring,true,201801,201917,2
1730,00-0032593,Brandon Wilds,RB,CLE,2017,1,1,1,1,true,Unlabeled (IR),false,201701,201701,1
1731,00-0032599,Joshua Perkins,TE,PHI,2018,11,17,7,7,true,Knee,true,201811,201817,1
1732,00-0032599,Joshua Perkins,TE,PHI,2020,1,17,16,16,true,Unlabeled (IR),true,202001,202017,1
1733,00-0032602,J.D. McKissic,RB,SEA,2018,1,12,11,11,true,Unlabeled (IR),false,201801,201812,1
1734,00-0032602,J.D. McKissic,RB,WAS,2021,13,18,5,4,false,Concussion,true,202113,202118,2
1735,00-0032602,J.D. McKissic,RB,WAS,2022,9,18,9,7,false,Neck,true,202209,202218,1
1736,00-0032621,Rashawn Scott,WR,MIA,2017,2,8,7,7,true,Unlabeled (IR),false,201702,201708,1
1737,00-0032626,Geronimo Allison,WR,GB,2018,10,17,8,8,true,Hamstring,true,201810,201817,1
1738,00-0032626,Geronimo Allison,WR,DET,2020,8,17,10,10,true,Unlabeled (IR),true,202008,202017,1
1739,00-0032636,Don Jackson,RB,GB,2016,11,17,7,7,true,Unlabeled (IR),true,201611,201617,1
1740,00-0032645,Dennis Parks,WR,CLE,2016,1,17,16,16,true,Unlabeled (IR),true,201601,201617,1
1741,00-0032650,Ryan Malleck,TE,PIT,2018,1,11,10,10,true,Unlabeled (IR),false,201801,201811,1
1742,00-0032652,Herb Waters,WR,GB,2017,1,17,16,16,true,Unlabeled (IR),true,201701,201717,1
1743,00-0032656,Darius Powe,WR,NYG,2017,15,17,3,3,true,Unlabeled (IR),true,201715,201717,1
1744,00-0032658,Josh Woodrum,QB,WAS,2019,1,17,16,16,true,Unlabeled (IR),true,201901,201917,1
1745,00-0032661,Ben Braunecker,TE,CHI,2018,9,9,1,0,false,Concussion,false,201809,201809,1
1746,00-0032661,Ben Braunecker,TE,CHI,2019,13,17,5,3,false,Concussion,true,201913,201917,1
1747,00-0032668,Joe Sommers,TE,SEA,2016,1,17,16,16,true,Unlabeled (IR),true,201601,201617,1
1748,00-0032681,Marquez North,WR,LA,2016,1,17,16,16,true,Unlabeled (IR),true,201601,201617,1
1749,00-0032685,Nelson Spruce,WR,LA,2016,1,17,11,7,false,Knee,true,201601,201617,2
1750,00-0032688,Robbie Chosen,WR,ARI,2022,18,18,1,0,false,Back,true,202218,202218,1
1751,00-0032689,Jason Vander Laan,TE,IND,2017,16,17,2,0,false,Concussion,true,201716,201717,1
1752,00-0032689,Jason Vander Laan,TE,NO,2019,14,17,14,14,true,Head,true,201914,202017,2
1753,00-0032694,Jalin Marshall,WR,NYJ,2016,4,4,1,0,false,Shoulder,false,201604,201604,1
1754,00-0032694,Jalin Marshall,WR,NYJ,2016,13,14,2,0,false,Concussion,false,201613,201614,1
1755,00-0032702,Chris Brown,WR,DAL,2016,1,17,16,16,true,Unlabeled (IR),true,201601,201617,1
1756,00-0032707,Andy Jones,WR,DET,2018,1,8,7,7,true,Unlabeled (IR),false,201801,201808,1
1757,00-0032724,Bryce Treggs,WR,PHI,2016,1,1,1,0,false,Knee,false,201601,201601,1
1758,00-0032725,Stephen Anderson,TE,HOU,2016,4,6,3,0,false,Hamstring,false,201604,201606,1
1759,00-0032725,Stephen Anderson,TE,HOU,2017,2,2,1,0,false,Concussion,false,201702,201702,1
1760,00-0032737,Soma Vainuku,RB,HOU,2016,1,1,1,1,true,Unlabeled (IR),false,201601,201601,1
1761,00-0032740,Lawrence Thomas,RB,NYJ,2016,4,17,13,13,true,Shoulder,true,201604,201617,1
1762,00-0032740,Lawrence Thomas,RB,NYJ,2017,9,9,1,0,false,Concussion,false,201709,201709,1
1763,00-0032743,Kivon Cartwright,TE,TB,2016,1,1,1,1,true,Unlabeled (IR),false,201601,201601,1
1764,00-0032745,Alan Cross,TE,TB,2018,16,17,2,2,true,Unlabeled (IR),true,201816,201817,1
1765,00-0032760,Josh Doctson,WR,WAS,2016,4,17,13,10,false,Achilles,true,201604,201617,1
1766,00-0032760,Josh Doctson,WR,MIN,2019,2,10,9,9,true,Hamstring,false,201902,201910,1
1767,00-0032760,Josh Doctson,WR,NYJ,2020,8,17,9,9,true,Unlabeled (IR),true,202008,202017,1
1768,00-0032764,Derrick Henry,RB,TEN,2021,9,18,9,9,true,Not injury related - resting player,true,202109,202118,1
1769,00-0032765,Michael Thomas,WR,NO,2020,2,8,5,0,false,Ankle,false,202002,202008,2
1770,00-0032765,Michael Thomas,WR,NO,2020,15,18,20,20,true,Ankle,true,202015,202118,2
1771,00-0032765,Michael Thomas,WR,NO,2022,4,18,14,9,false,Foot,true,202204,202218,1
1772,00-0032765,Michael Thomas,WR,NO,2023,12,18,7,7,true,Unlabeled (IR),true,202312,202318,1
1773,00-0032775,Demarcus Robinson,WR,SF,2025,1,3,3,3,true,Unlabeled (IR),false,202501,202503,1
1774,00-0032778,Tajae Sharpe,WR,TEN,2017,1,17,16,16,true,Unlabeled (IR),true,201701,201717,1
1775,00-0032778,Tajae Sharpe,WR,ATL,2021,17,17,1,1,true,Foot,false,202117,202117,1
1776,00-0032778,Tajae Sharpe,WR,CHI,2022,1,1,1,1,true,Unlabeled (IR),false,202201,202201,1
1777,00-0032780,Jordan Howard,RB,PHI,2021,12,13,2,0,false,Knee,false,202112,202113,1
1778,00-0032780,Jordan Howard,RB,PHI,2021,18,18,1,1,true,Stinger,true,202118,202118,1
1779,00-0032782,Wendell Smallwood,RB,PHI,2016,15,17,3,3,true,Unlabeled (IR),true,201615,201617,1
1780,00-0032791,Jakeem Grant,WR,MIA,2018,12,17,6,5,false,Achilles,true,201812,201817,1
1781,00-0032791,Jakeem Grant,WR,MIA,2019,13,17,5,5,true,Achilles,true,201913,201917,1
1782,00-0032791,Jakeem Grant,WR,CHI,2021,16,16,1,0,false,Concussion,false,202116,202116,1
1783,00-0032791,Jakeem Grant,WR,CHI,2021,18,18,35,35,true,Concussion,true,202118,202318,3
1784,00-0032792,Nate Sudfeld,QB,PHI,2019,1,1,1,0,false,left Wrist,false,201901,201901,1
1785,00-0032792,Nate Sudfeld,QB,DET,2023,1,18,17,17,true,Unlabeled (IR),true,202301,202318,1
1786,00-0032794,Dan Vitale,RB,CLE,2017,17,5,6,5,false,Groin,false,201717,201805,2
1787,00-0032794,Dan Vitale,RB,NE,2020,8,17,10,10,true,Unlabeled (IR),true,202008,202017,1
1788,00-0032795,Cody Core,WR,CIN,2017,8,8,1,0,false,Concussion,false,201708,201708,1
1789,00-0032795,Cody Core,WR,NYG,2020,1,17,16,16,true,Unlabeled (IR),true,202001,202017,1
1790,00-0032804,Daniel Lasco,RB,NO,2016,7,7,1,0,false,Hamstring,false,201607,201607,1
1791,00-0032804,Daniel Lasco,RB,NO,2016,9,17,27,23,false,Hamstring,true,201609,201817,4
1792,00-0032806,Keith Marshall,RB,WAS,2016,1,17,32,32,true,Unlabeled (IR),true,201601,201717,2
1793,00-0032813,Elijhaa Penny,RB,NYG,2020,17,17,1,1,true,Illness,true,202017,202017,1
1794,00-0032864,Alex Ellis,TE,KC,2018,5,17,12,12,true,Unlabeled (IR),true,201805,201817,1
1795,00-0032864,Alex Ellis,TE,PHI,2019,5,1,3,2,false,Knee,false,201905,202201,2
1796,00-0032881,Tommylee Lewis,WR,NO,2018,3,11,8,8,true,Knee,false,201803,201811,1
1797,00-0032897,Derek Watt,RB,PIT,2020,5,5,1,0,false,Hamstring,false,202005,202005,1
1798,00-0032897,Derek Watt,RB,PIT,2020,7,7,1,0,false,Hamstring,false,202007,202007,1
1799,00-0032902,Kenneth Farrow,RB,SD,2016,17,17,17,17,true,Unlabeled (IR),true,201617,201717,2
1800,00-0032915,Dom Williams,WR,PHI,2017,1,17,16,16,true,Unlabeled (IR),true,201701,201717,1
1801,00-0032918,C.J. Ham,RB,MIN,2018,17,17,1,0,false,Elbow,true,201817,201817,1
1802,00-0032918,C.J. Ham,RB,MIN,2025,1,4,4,4,true,Unlabeled (IR),false,202501,202504,1
1803,00-0032918,C.J. Ham,RB,MIN,2025,8,9,2,0,false,Hand,false,202508,202509,1
1804,00-0032926,K.J. Brent,WR,TB,2019,1,5,5,5,true,Unlabeled (IR),false,201901,201905,1
1805,00-0032940,DeAndre Washington,RB,OAK,2018,1,1,1,0,false,Knee,false,201801,201801,1
1806,00-0032950,Carson Wentz,QB,PHI,2017,15,2,5,3,true,Knee,false,201715,201802,2
1807,00-0032950,Carson Wentz,QB,PHI,2018,16,17,2,0,false,Back,true,201816,201817,1
1808,00-0032950,Carson Wentz,QB,WAS,2022,7,13,7,7,true,right Finger,false,202207,202213,1
1809,00-0032950,Carson Wentz,QB,MIN,2025,9,18,10,10,true,Shoulder,true,202509,202518,1
1810,00-0032951,Laquon Treadwell,WR,MIN,2016,15,16,2,0,false,Ankle,false,201615,201616,1
1811,00-0032956,Andy Janovich,RB,DEN,2016,13,17,5,5,true,Ankle,true,201613,201617,1
1812,00-0032956,Andy Janovich,RB,DEN,2019,1,3,3,0,false,Pectoral,false,201901,201903,1
1813,00-0032956,Andy Janovich,RB,DEN,2019,12,17,6,6,true,Unlabeled (IR),true,201912,201917,1
1814,00-0032956,Andy Janovich,RB,CLE,2020,11,12,2,2,true,Unlabeled (IR),false,202011,202012,1
1815,00-0032956,Andy Janovich,RB,CLE,2021,6,8,3,3,true,Unlabeled (IR),false,202106,202108,1
1816,00-0032959,Charone Peake,WR,NYJ,2017,4,17,13,13,true,Unlabeled (IR),true,201704,201717,1
1817,00-0032959,Charone Peake,WR,NYJ,2018,4,6,3,0,false,Hamstring,false,201804,201806,1
1818,00-0032963,Cayleb Jones,WR,PHI,2016,1,1,1,1,true,Unlabeled (IR),false,201601,201601,1
1819,00-0032964,Byron Marshall,RB,WAS,2017,15,10,12,12,true,Unlabeled (IR),false,201715,201810,2
1820,00-0032966,Corey Coleman,WR,CLE,2016,3,8,6,0,false,Hand,false,201603,201608,1
1821,00-0032966,Corey Coleman,WR,CLE,2017,3,10,7,7,true,Unlabeled (IR),false,201703,201710,1
1822,00-0032966,Corey Coleman,WR,NYG,2019,1,17,16,16,true,Unlabeled (IR),true,201901,201917,1
1823,00-0032972,Devontae Booker,RB,DEN,2017,1,2,2,0,false,Wrist,false,201701,201702,1
1824,00-0032975,Jonathan Williams,RB,IND,2019,1,2,2,0,false,Rib,false,201901,201902,1
1825,00-0032975,Jonathan Williams,RB,WAS,2022,6,7,2,0,false,Knee,false,202206,202207,1
1826,00-0032975,Jonathan Williams,RB,WAS,2023,1,1,1,1,true,Unlabeled (IR),false,202301,202301,1
1827,00-0032977,Rashard Higgins,WR,CLE,2018,6,8,3,0,false,Knee,false,201806,201808,1
1828,00-0032977,Rashard Higgins,WR,CAR,2022,9,10,2,0,false,Illness,false,202209,202210,1
1829,00-0032980,Marcus Johnson,WR,IND,2018,7,1,11,11,true,Unlabeled (IR),false,201807,201901,2
1830,00-0032980,Marcus Johnson,WR,IND,2020,16,4,5,4,false,Quadricep,false,202016,202104,2
1831,00-0032980,Marcus Johnson,WR,TEN,2021,12,18,6,6,true,Unlabeled (IR),true,202112,202118,1
1832,00-0032986,J.P. Holtz,TE,CHI,2021,5,6,2,0,false,Quadricep,false,202105,202106,1
1833,00-0032986,J.P. Holtz,TE,CHI,2021,9,9,1,0,false,Concussion,false,202109,202109,1
1834,00-0032996,Devon Johnson,RB,CAR,2016,1,17,16,16,true,Unlabeled (IR),true,201601,201617,1
1835,00-0032997,Jake McGee,TE,PIT,2018,1,17,16,16,true,Unlabeled (IR),true,201801,201817,1
1836,00-0033006,Jaydon Mickens,WR,JAX,2018,7,17,10,10,true,Unlabeled (IR),true,201807,201817,1
1837,00-0033006,Jaydon Mickens,WR,TB,2020,10,12,3,3,true,Not Injury Related,false,202010,202012,1
1838,00-0033006,Jaydon Mickens,WR,TB,2021,3,3,1,0,false,Abdomen,false,202103,202103,1
1839,00-0033006,Jaydon Mickens,WR,JAX,2021,17,17,1,1,true,Unlabeled (IR),false,202117,202117,1
1840,00-0033009,Tyler Boyd,WR,CIN,2017,7,9,3,0,false,Knee,false,201707,201709,1
1841,00-0033009,Tyler Boyd,WR,CIN,2018,16,17,2,1,false,Knee,true,201816,201817,1
1842,00-0033009,Tyler Boyd,WR,CIN,2020,16,16,1,0,false,Concussion,false,202016,202016,1
1843,00-0033009,Tyler Boyd,WR,TEN,2024,18,18,1,0,false,Foot,true,202418,202418,1
1844,00-0033021,Jake Lampman,WR,NO,2016,8,8,1,0,false,Knee,false,201608,201608,1
1845,00-0033025,Jalen Richard,RB,LV,2020,17,4,5,5,true,Chest,false,202017,202104,2
1846,00-0033025,Jalen Richard,RB,LV,2021,14,14,1,1,true,Not injury related - personal matter,false,202114,202114,1
1847,00-0033040,Tyreek Hill,WR,KC,2017,17,17,1,0,false,Not Injury Related,true,201717,201717,1
1848,00-0033040,Tyreek Hill,WR,KC,2019,2,5,4,0,false,Shoulder,false,201902,201905,1
1849,00-0033040,Tyreek Hill,WR,KC,2020,17,17,1,0,false,Hamstring,true,202017,202017,1
1850,00-0033040,Tyreek Hill,WR,MIA,2025,5,18,13,13,true,Not injury related - personal matter,true,202505,202518,1
1851,00-0033042,M.J. McFarland,TE,PHI,2016,1,1,1,1,true,Unlabeled (IR),false,201601,201601,1
1852,00-0033049,Darius Jackson,RB,CLE,2017,1,17,16,16,true,Unlabeled (IR),true,201701,201717,1
1853,00-0033054,Rico Gathers,TE,DAL,2017,1,17,16,16,true,Unlabeled (IR),true,201701,201717,1
1854,00-0033062,Romar Morris,RB,NYJ,2016,1,17,16,16,true,Unlabeled (IR),true,201601,201617,1
1855,00-0033069,Braxton Miller,WR,HOU,2016,3,4,2,0,false,Hamstring,false,201603,201604,1
1856,00-0033069,Braxton Miller,WR,HOU,2016,14,17,4,3,false,Shoulder,true,201614,201617,1
1857,00-0033069,Braxton Miller,WR,HOU,2017,14,15,2,0,false,Concussion,false,201714,201715,1
1858,00-0033077,Dak Prescott,QB,DAL,2020,7,17,10,10,true,Unlabeled (IR),true,202007,202017,1
1859,00-0033077,Dak Prescott,QB,DAL,2022,2,5,4,0,false,right Thumb,false,202202,202205,1
1860,00-0033077,Dak Prescott,QB,DAL,2024,10,18,9,8,false,Hamstring,true,202410,202418,1
1861,00-0033079,Ricardo Louis,WR,CLE,2018,1,17,32,32,true,Unlabeled (IR),true,201801,201917,2
1862,00-0033080,Seth DeValve,TE,CLE,2016,4,7,4,0,false,Knee,false,201604,201607,1
1863,00-0033080,Seth DeValve,TE,CLE,2018,2,3,2,0,false,Hamstring,false,201802,201803,1
1864,00-0033080,Seth DeValve,TE,JAX,2019,12,13,2,0,false,Oblique,false,201912,201913,1
1865,00-0033090,Hunter Henry,TE,SD,2016,9,9,1,0,false,Knee,false,201609,201609,1
1866,00-0033090,Hunter Henry,TE,LAC,2017,16,17,18,18,true,Calf,true,201716,201817,2
1867,00-0033090,Hunter Henry,TE,LAC,2019,2,5,4,0,false,Knee,false,201902,201905,1
1868,00-0033090,Hunter Henry,TE,LAC,2020,16,17,2,2,true,Hip,true,202016,202017,1
1869,00-0033090,Hunter Henry,TE,NE,2023,18,18,1,1,true,Knee,true,202318,202318,1
1870,00-0033094,Marvin Hall,WR,DET,2019,13,17,5,5,true,Foot,true,201913,201917,1
1871,00-0033095,Garrett Griffin,TE,NO,2017,16,16,1,0,false,Foot,false,201716,201716,1
1872,00-0033095,Garrett Griffin,TE,NO,2019,1,17,16,16,true,Unlabeled (IR),true,201901,201917,1
1873,00-0033095,Garrett Griffin,TE,NO,2021,15,18,4,4,true,Knee,true,202115,202118,1
1874,00-0033104,Cody Kessler,QB,CLE,2016,8,8,1,0,false,Concussion,false,201608,201608,1
1875,00-0033104,Cody Kessler,QB,CLE,2016,12,12,1,0,false,Concussion,false,201612,201612,1
1876,00-0033106,Jared Goff,QB,LA,2020,17,17,1,0,false,Thumb,true,202017,202017,1
1877,00-0033106,Jared Goff,QB,DET,2021,16,16,1,1,true,Unlabeled (IR),false,202116,202116,1
1878,00-0033108,Paxton Lynch,QB,DEN,2017,1,7,6,0,false,right Shoulder,false,201701,201707,1
1879,00-0033108,Paxton Lynch,QB,DEN,2017,13,15,3,0,false,Ankle,false,201713,201715,1
1880,00-0033110,Tyler Higbee,TE,LA,2019,3,3,1,0,false,Chest,false,201903,201903,1
1881,00-0033110,Tyler Higbee,TE,LA,2021,14,15,2,2,true,Unlabeled (IR),false,202114,202115,1
1882,00-0033110,Tyler Higbee,TE,LA,2024,1,15,14,14,true,Knee,false,202401,202415,1
1883,00-0033110,Tyler Higbee,TE,LA,2025,12,17,6,6,true,Not injury related - resting player,false,202512,202517,1
1884,00-0033111,Pharoh Cooper,WR,LA,2016,1,1,1,0,false,Shoulder,false,201601,201601,1
1885,00-0033111,Pharoh Cooper,WR,LA,2018,2,10,9,9,true,Unlabeled (IR),false,201802,201810,1
1886,00-0033112,Temarrick Hemingway,TE,LA,2017,1,17,16,16,true,Unlabeled (IR),true,201701,201717,1
1887,00-0033112,Temarrick Hemingway,TE,WAS,2020,14,17,4,4,true,Unlabeled (IR),true,202014,202017,1
1888,00-0033114,Mike Thomas,WR,LA,2018,2,17,15,14,false,Hip,true,201802,201817,1
1889,00-0033114,Mike Thomas,WR,CIN,2021,16,16,1,1,true,Unlabeled (IR),false,202116,202116,1
1890,00-0033117,Bronson Kaufusi,TE,BAL,2016,1,17,16,16,true,Unlabeled (IR),true,201601,201617,1
1891,00-0033118,Kenyan Drake,RB,MIA,2019,8,8,1,0,false,Not Injury Related,false,201908,201908,1
1892,00-0033118,Kenyan Drake,RB,ARI,2020,9,9,1,0,false,Ankle,false,202009,202009,1
1893,00-0033118,Kenyan Drake,RB,LV,2021,14,18,5,5,true,Ankle,true,202114,202118,1
1894,00-0033119,Jacoby Brissett,QB,NE,2016,5,15,10,10,true,right Thumb,false,201605,201615,1
1895,00-0033127,Will Fuller,WR,HOU,2017,1,3,3,0,false,Shoulder,false,201701,201703,1
1896,00-0033127,Will Fuller,WR,HOU,2017,11,13,3,0,false,Ribs,false,201711,201713,1
1897,00-0033127,Will Fuller,WR,HOU,2018,9,17,8,8,true,Hip,true,201809,201817,1
1898,00-0033127,Will Fuller,WR,HOU,2019,8,9,2,0,false,Hamstring,false,201908,201909,1
1899,00-0033127,Will Fuller,WR,HOU,2019,17,17,1,0,false,Groin,true,201917,201917,1
1900,00-0033127,Will Fuller,WR,HOU,2020,13,2,7,6,true,Not injury related - personal matter,false,202013,202102,2
1901,00-0033127,Will Fuller,WR,MIA,2021,5,18,13,13,true,Chest,true,202105,202118,1
1902,00-0033143,Kendal Thompson,WR,LA,2018,1,13,12,12,true,Unlabeled (IR),false,201801,201813,1
1903,00-0033164,Troymaine Pope,RB,SEA,2016,12,12,1,0,false,Ankle,false,201612,201612,1
1904,00-0033164,Troymaine Pope,RB,SEA,2016,15,17,3,3,true,Ankle,true,201615,201617,1
1905,00-0033217,Mo Alie-Cox,TE,IND,2018,13,14,2,0,false,Calf,false,201813,201814,1
1906,00-0033217,Mo Alie-Cox,TE,IND,2020,6,6,1,0,false,Knee,false,202006,202006,1
1907,00-0033222,Deante Burton,WR,DAL,2020,15,17,3,3,true,Shoulder,true,202015,202017,1
1908,00-0033246,Johnny Mundt,TE,LA,2021,7,18,11,11,true,Unlabeled (IR),true,202107,202118,1
1909,00-0033251,Zach Pascal,WR,ARI,2023,11,11,1,0,false,Hamstring,false,202311,202311,1
1910,00-0033258,Darrell Daniels,TE,IND,2017,12,15,4,0,false,Hamstring,false,201712,201715,1
1911,00-0033258,Darrell Daniels,TE,ARI,2019,17,17,1,1,true,Biceps,true,201917,201917,1
1912,00-0033258,Darrell Daniels,TE,ARI,2020,12,14,3,3,true,Ankle,false,202012,202014,1
1913,00-0033258,Darrell Daniels,TE,ARI,2021,5,5,1,1,true,Unlabeled (IR),false,202105,202105,1
1914,00-0033258,Darrell Daniels,TE,ARI,2021,7,7,1,0,false,Hamstring,false,202107,202107,1
1915,00-0033266,JoJo Natson,WR,LA,2018,4,17,5,4,false,Hand,true,201804,201917,2
1916,00-0033266,JoJo Natson,WR,CLE,2020,4,17,13,13,true,Unlabeled (IR),true,202004,202017,1
1917,00-0033275,PJ Walker,QB,CAR,2021,17,17,1,1,true,Unlabeled (IR),false,202117,202117,1
1918,00-0033275,PJ Walker,QB,CAR,2022,11,11,1,0,false,Ankle,false,202211,202211,1
1919,00-0033280,Christian McCaffrey,RB,CAR,2020,3,8,6,6,true,Unlabeled (IR),false,202003,202008,1
1920,00-0033280,Christian McCaffrey,RB,CAR,2020,10,11,2,0,false,Shoulder,false,202010,202011,1
1921,00-0033280,Christian McCaffrey,RB,CAR,2021,4,8,4,3,false,Hamstring,false,202104,202108,2
1922,00-0033280,Christian McCaffrey,RB,CAR,2021,14,18,5,5,true,Unlabeled (IR),true,202114,202118,1
1923,00-0033280,Christian McCaffrey,RB,SF,2023,18,8,8,7,false,Calf,false,202318,202408,2
1924,00-0033280,Christian McCaffrey,RB,SF,2024,14,18,5,5,true,Not injury related - resting player,true,202414,202418,1
1925,00-0033282,Curtis Samuel,WR,CAR,2017,4,4,1,0,false,Back,false,201704,201704,1
1926,00-0033282,Curtis Samuel,WR,CAR,2017,12,3,9,6,true,Medical Illness,false,201712,201803,2
1927,00-0033282,Curtis Samuel,WR,WAS,2021,1,3,3,3,true,Groin,false,202101,202103,1
1928,00-0033282,Curtis Samuel,WR,WAS,2021,6,10,4,0,false,Groin,false,202106,202110,1
1929,00-0033282,Curtis Samuel,WR,WAS,2021,18,18,1,0,false,Hamstring,true,202118,202118,1
1930,00-0033282,Curtis Samuel,WR,WAS,2023,9,9,1,0,false,Toe,false,202309,202309,1
1931,00-0033282,Curtis Samuel,WR,BUF,2024,8,8,1,0,false,Pectoral,false,202408,202408,1
1932,00-0033282,Curtis Samuel,WR,BUF,2025,12,18,7,6,false,Elbow,true,202512,202518,1
1933,00-0033286,Joe Williams,RB,SF,2017,1,17,16,16,true,Unlabeled (IR),true,201701,201717,1
1934,00-0033288,George Kittle,TE,SF,2017,10,10,1,0,false,Ankle,false,201710,201710,1
1935,00-0033288,George Kittle,TE,SF,2020,2,3,2,0,false,Knee,false,202002,202003,1
1936,00-0033288,George Kittle,TE,SF,2020,9,15,6,6,true,Foot,false,202009,202015,1
1937,00-0033288,George Kittle,TE,SF,2021,5,8,3,3,true,Calf,false,202105,202108,1
1938,00-0033288,George Kittle,TE,SF,2025,2,6,5,5,true,Unlabeled (IR),false,202502,202506,1
1939,00-0033292,Trent Taylor,WR,SF,2017,10,10,1,0,false,Ribs,false,201710,201710,1
1940,00-0033292,Trent Taylor,WR,SF,2019,1,17,16,14,false,Foot,true,201901,201917,1
1941,00-0033292,Trent Taylor,WR,SF,2020,16,17,2,2,true,Unlabeled (IR),true,202016,202017,1
1942,00-0033292,Trent Taylor,WR,SF,2025,1,18,17,17,true,Unlabeled (IR),true,202501,202518,1
1943,00-0033293,Aaron Jones,RB,GB,2017,11,12,2,0,false,Knee,false,201711,201712,1
1944,00-0033293,Aaron Jones,RB,GB,2017,17,17,1,0,false,Knee,true,201717,201717,1
1945,00-0033293,Aaron Jones,RB,GB,2018,16,17,2,2,true,Unlabeled (IR),true,201816,201817,1
1946,00-0033293,Aaron Jones,RB,GB,2020,8,8,1,0,false,Calf,false,202008,202008,1
1947,00-0033293,Aaron Jones,RB,GB,2021,11,11,1,0,false,Knee,false,202111,202111,1
1948,00-0033293,Aaron Jones,RB,GB,2023,12,13,2,0,false,Knee,false,202312,202313,1
1949,00-0033293,Aaron Jones,RB,MIN,2025,3,7,4,4,true,Unlabeled (IR),false,202503,202507,1
1950,00-0033293,Aaron Jones,RB,MIN,2025,18,18,1,0,false,Hip,true,202518,202518,1
1951,00-0033295,Elijah McGuire,RB,NYJ,2018,1,8,8,8,true,Unlabeled (IR),false,201801,201808,1
1952,00-0033296,Alex Armah,RB,WAS,2023,11,12,2,0,false,Hamstring,false,202311,202312,1
1953,00-0033304,Devante Mays,RB,GB,2018,1,17,17,17,true,Unlabeled (IR),true,201801,201917,2
1954,00-0033306,Victor Bolden,WR,SF,2017,15,17,3,3,true,Unlabeled (IR),true,201715,201717,1
1955,00-0033307,Kendrick Bourne,WR,SF,2020,9,9,1,1,true,Unlabeled (IR),false,202009,202009,1
1956,00-0033307,Kendrick Bourne,WR,NE,2023,9,4,13,13,true,Unlabeled (IR),false,202309,202404,2
1957,00-0033308,Matt Breida,RB,SF,2018,14,14,1,0,false,Ankle,false,201814,201814,1
1958,00-0033308,Matt Breida,RB,SF,2018,17,17,1,1,true,Ankle,true,201817,201817,1
1959,00-0033308,Matt Breida,RB,MIA,2020,9,9,1,0,false,Hamstring,false,202009,202009,1
1960,00-0033308,Matt Breida,RB,MIA,2020,13,14,2,2,true,Unlabeled (IR),false,202013,202014,1
1961,00-0033315,Cole Hikutini,TE,SF,2017,10,17,7,7,true,Unlabeled (IR),true,201710,201717,1
1962,00-0033319,Nick Mullens,QB,SF,2020,16,17,2,2,true,right Elbow,true,202016,202017,1
1963,00-0033319,Nick Mullens,QB,MIN,2023,6,10,5,5,true,Back,false,202306,202310,1
1964,00-0033332,Josiah Price,TE,MIN,2018,1,17,16,16,true,Unlabeled (IR),true,201801,201817,1
1965,00-0033334,R.J. Shelton,WR,MIN,2017,1,8,8,8,true,Unlabeled (IR),false,201701,201708,1
1966,00-0033338,Cethan Carter,TE,CIN,2018,1,17,16,16,true,Unlabeled (IR),true,201801,201817,1
1967,00-0033338,Cethan Carter,TE,CIN,2019,13,13,1,0,false,Concussion,false,201913,201913,1
1968,00-0033338,Cethan Carter,TE,MIA,2021,16,16,1,1,true,Thumb,false,202116,202116,1
1969,00-0033338,Cethan Carter,TE,MIA,2022,2,18,16,13,false,Concussion,true,202202,202218,1
1970,00-0033357,Taysom Hill,QB,NO,2021,7,8,2,0,false,Concussion,false,202107,202108,1
1971,00-0033357,Taysom Hill,QB,NO,2021,16,16,1,1,true,right Finger,false,202116,202116,1
1972,00-0033357,Taysom Hill,QB,NO,2024,5,6,2,0,false,Rib,false,202405,202406,1
1973,00-0033357,Taysom Hill,QB,NO,2024,14,4,9,9,true,Knee,false,202414,202504,2
1974,00-0033366,Quincy Adeboyejo,WR,BAL,2018,1,17,32,32,true,Unlabeled (IR),true,201801,202017,2
1975,00-0033367,C.J. Board,WR,CLE,2018,1,1,1,1,true,Unlabeled (IR),false,201801,201801,1
1976,00-0033367,C.J. Board,WR,NYG,2020,7,7,1,0,false,Concussion,false,202007,202007,1
1977,00-0033367,C.J. Board,WR,NYG,2021,7,18,11,11,true,Unlabeled (IR),true,202107,202118,1
1978,00-0033367,C.J. Board,WR,TEN,2022,14,18,5,4,false,Rib,true,202214,202218,1
1979,00-0033375,Tim Patrick,WR,DEN,2019,2,9,8,8,true,Unlabeled (IR),false,201902,201909,1
1980,00-0033375,Tim Patrick,WR,DEN,2021,17,17,1,1,true,Unlabeled (IR),false,202117,202117,1
1981,00-0033375,Tim Patrick,WR,DEN,2022,1,18,34,34,true,Unlabeled (IR),true,202201,202318,2
1982,00-0033375,Tim Patrick,WR,JAX,2025,9,9,1,0,false,Groin,false,202509,202509,1
1983,00-0033375,Tim Patrick,WR,NYJ,2026,1,2,2,2,true,Groin,false,202601,202602,1
1984,00-0033376,Patrick Ricard,RB,BAL,2020,12,12,1,1,true,Unlabeled (IR),false,202012,202012,1
1985,00-0033376,Patrick Ricard,RB,BAL,2021,18,18,1,1,true,Knee,true,202118,202118,1
1986,00-0033376,Patrick Ricard,RB,BAL,2025,1,6,6,0,false,Calf,false,202501,202506,1
1987,00-0033379,Tim White,WR,BAL,2017,1,17,16,16,true,Unlabeled (IR),true,201701,201717,1
1988,00-0033382,Austin Carr,WR,NO,2019,12,17,6,6,true,Ankle,true,201912,201917,1
1989,00-0033384,LeShun Daniels,RB,WAS,2017,16,17,2,2,true,Hand,true,201716,201717,1
1990,00-0033386,Cody Hollister,WR,TEN,2022,13,18,6,5,false,Neck,true,202213,202218,1
1991,00-0033387,Jacob Hollister,TE,NE,2018,3,3,1,0,false,Chest,false,201803,201803,1
1992,00-0033387,Jacob Hollister,TE,NE,2018,8,8,1,0,false,Hamstring,false,201808,201808,1
1993,00-0033387,Jacob Hollister,TE,NE,2018,17,17,1,0,false,Hamstring,true,201817,201817,1
1994,00-0033387,Jacob Hollister,TE,JAX,2021,17,17,1,1,true,Unlabeled (IR),false,202117,202117,1
1995,00-0033387,Jacob Hollister,TE,LV,2022,1,1,1,1,true,Unlabeled (IR),false,202201,202201,1
1996,00-0033412,Fred Ross,WR,CAR,2017,1,3,19,19,true,Unlabeled (IR),false,201701,201803,2
1997,00-0033421,Antony Auclair,TE,TB,2019,10,6,13,13,true,Calf,false,201910,202006,2
1998,00-0033421,Antony Auclair,TE,HOU,2021,17,17,1,1,true,Illness,false,202117,202117,1
1999,00-0033439,Pharaoh Brown,TE,CLE,2018,14,17,4,4,true,Shoulder,true,201814,201817,1
2000,00-0033439,Pharaoh Brown,TE,CLE,2019,9,9,1,0,false,Concussion,false,201909,201909,1
2001,00-0033439,Pharaoh Brown,TE,HOU,2020,14,14,1,0,false,Concussion,false,202014,202014,1
2002,00-0033439,Pharaoh Brown,TE,HOU,2021,9,9,1,0,false,Thigh,false,202109,202109,1
2003,00-0033439,Pharaoh Brown,TE,SEA,2024,1,2,2,0,false,Foot,false,202401,202402,1
2004,00-0033449,Isaac Whitney,WR,HOU,2019,1,17,16,16,true,Unlabeled (IR),true,201901,201917,1
2005,00-0033454,Brisly Estime,WR,NYJ,2017,1,17,16,16,true,Unlabeled (IR),true,201701,201717,1
2006,00-0033455,Anthony Firkser,TE,TEN,2021,3,3,1,0,false,Knee,false,202103,202103,1
2007,00-0033460,John Ross,WR,CIN,2017,3,5,3,0,false,Knee,false,201703,201705,1
2008,00-0033460,John Ross,WR,CIN,2017,14,17,4,4,true,Shoulder,true,201714,201717,1
2009,00-0033460,John Ross,WR,CIN,2018,5,5,1,0,false,Groin,false,201805,201805,1
2010,00-0033460,John Ross,WR,CIN,2018,8,8,1,0,false,Groin,false,201808,201808,1
2011,00-0033460,John Ross,WR,CIN,2019,5,13,8,8,true,Sternoclavicular,false,201905,201913,1
2012,00-0033460,John Ross,WR,CIN,2020,10,3,11,11,true,Foot,false,202010,202103,2
2013,00-0033460,John Ross,WR,NYG,2021,15,18,4,2,true,Knee,true,202115,202118,1
2014,00-0033466,Isaiah McKenzie,WR,DEN,2017,7,7,1,0,false,Ankle,false,201707,201707,1
2015,00-0033466,Isaiah McKenzie,WR,IND,2023,16,1,4,4,true,Unlabeled (IR),false,202316,202401,2
2016,00-0033471,Isaiah Ford,WR,MIA,2017,2,17,16,16,true,Unlabeled (IR),true,201702,201717,1
2017,00-0033471,Isaiah Ford,WR,CHI,2023,1,1,1,1,true,Unlabeled (IR),false,202301,202301,1
2018,00-0033474,Gehrig Dieter,WR,KC,2019,1,1,1,1,true,Unlabeled (IR),false,201901,201901,1
2019,00-0033481,Marcus Kemp,WR,KC,2019,1,17,16,16,true,Unlabeled (IR),true,201901,201917,1
2020,00-0033481,Marcus Kemp,WR,KC,2021,11,11,1,1,true,Unlabeled (IR),false,202111,202111,1
2021,00-0033496,B.J. Johnson,WR,SF,2017,1,3,3,3,true,Unlabeled (IR),false,201701,201703,1
2022,00-0033517,Travin Dural,WR,NO,2018,1,17,16,16,true,Unlabeled (IR),true,201801,201817,1
2023,00-0033526,Samaje Perine,RB,WAS,2018,11,11,1,0,false,Knee,false,201811,201811,1
2024,00-0033526,Samaje Perine,RB,CIN,2021,6,6,1,1,true,Unlabeled (IR),false,202106,202106,1
2025,00-0033526,Samaje Perine,RB,CIN,2025,11,11,1,0,false,Ankle,false,202511,202511,1
2026,00-0033530,Robert Davis,WR,WAS,2018,1,17,16,16,true,Unlabeled (IR),true,201801,201817,1
2027,00-0033536,Mike Williams,WR,LAC,2017,1,5,5,0,false,Back,false,201701,201705,1
2028,00-0033536,Mike Williams,WR,LAC,2017,13,13,1,0,false,Back,false,201713,201713,1
2029,00-0033536,Mike Williams,WR,LAC,2019,4,4,1,0,false,Back,false,201904,201904,1
2030,00-0033536,Mike Williams,WR,LAC,2020,4,4,1,0,false,Hamstring,false,202004,202004,1
2031,00-0033536,Mike Williams,WR,LAC,2021,16,16,1,1,true,Heel,false,202116,202116,1
2032,00-0033536,Mike Williams,WR,LAC,2022,9,10,2,0,false,Ankle,false,202209,202210,1
2033,00-0033536,Mike Williams,WR,LAC,2022,12,13,2,0,false,Ankle,false,202212,202213,1
2034,00-0033536,Mike Williams,WR,LAC,2023,4,18,14,14,true,Ankle,true,202304,202318,1
2035,00-0033536,Mike Williams,WR,LAC,2025,1,18,17,17,true,Unlabeled (IR),true,202501,202518,1
2036,00-0033537,Deshaun Watson,QB,HOU,2017,9,17,9,9,true,Knee,true,201709,201717,1
2037,00-0033537,Deshaun Watson,QB,HOU,2021,1,12,28,11,false,Not injury related - personal matter,false,202101,202212,2
2038,00-0033537,Deshaun Watson,QB,CLE,2023,6,6,1,0,false,right Shoulder,false,202306,202306,1
2039,00-0033537,Deshaun Watson,QB,CLE,2023,8,8,1,0,false,right Shoulder,false,202308,202308,1
2040,00-0033537,Deshaun Watson,QB,CLE,2023,11,18,8,8,true,right Shoulder,true,202311,202318,1
2041,00-0033537,Deshaun Watson,QB,CLE,2024,8,18,27,27,true,Achilles,true,202408,202518,2
2042,00-0033552,Brendan Langley,WR,DEN,2017,2,16,3,0,false,Knee,false,201702,201816,2
2043,00-0033553,James Conner,RB,PIT,2017,16,17,2,2,true,Unlabeled (IR),true,201716,201717,1
2044,00-0033553,James Conner,RB,PIT,2018,14,16,2,0,false,Ankle,false,201814,201816,2
2045,00-0033553,James Conner,RB,PIT,2019,10,10,1,0,false,Shoulder,false,201910,201910,1
2046,00-0033553,James Conner,RB,PIT,2019,12,14,2,0,false,Shoulder,false,201912,201914,2
2047,00-0033553,James Conner,RB,PIT,2019,17,17,1,0,false,Quadricep,true,201917,201917,1
2048,00-0033553,James Conner,RB,PIT,2020,12,13,2,2,true,Unlabeled (IR),false,202012,202013,1
2049,00-0033553,James Conner,RB,ARI,2022,6,8,2,0,false,Ribs,false,202206,202208,2
2050,00-0033553,James Conner,RB,ARI,2022,18,18,1,0,false,Knee,true,202218,202218,1
2051,00-0033553,James Conner,RB,ARI,2023,6,9,4,4,true,Unlabeled (IR),false,202306,202309,1
2052,00-0033553,James Conner,RB,ARI,2024,18,18,1,1,true,Knee,true,202418,202418,1
2053,00-0033553,James Conner,RB,ARI,2025,4,2,16,16,true,Foot,false,202504,202602,2
2054,00-0033555,Mack Hollins,WR,PHI,2018,1,17,16,15,false,Groin,true,201801,201817,1
2055,00-0033555,Mack Hollins,WR,ATL,2023,10,12,2,0,false,Ankle,false,202310,202312,1
2056,00-0033555,Mack Hollins,WR,NE,2025,17,18,2,2,true,Abdomen,true,202517,202518,1
2057,00-0033556,Tarik Cohen,RB,CHI,2020,4,18,30,30,true,Unlabeled (IR),true,202004,202118,2
2058,00-0033559,Michael Roberts,TE,DET,2018,4,5,2,0,false,Knee,false,201804,201805,1
2059,00-0033559,Michael Roberts,TE,DET,2018,11,11,1,0,false,Shoulder,false,201811,201811,1
2060,00-0033559,Michael Roberts,TE,DET,2018,15,17,3,3,true,Shoulder,true,201815,201817,1
2061,00-0033561,Donnel Pumphrey,RB,PHI,2017,2,17,15,15,true,Hamstring,true,201702,201717,1
2062,00-0033562,Ryan Switzer,WR,PIT,2019,11,18,24,24,true,Back,true,201911,202118,2
2063,00-0033564,Jake Butt,TE,DEN,2018,4,17,29,29,true,Knee,true,201804,201917,2
2064,00-0033564,Jake Butt,TE,DEN,2020,9,16,8,8,true,Hamstring,false,202009,202016,1
2065,00-0033567,Brian Hill,RB,ATL,2017,1,1,1,0,false,Ankle,false,201701,201701,1
2066,00-0033572,Jamal Agnew,WR,DET,2017,12,13,2,0,false,Knee,false,201712,201713,1
2067,00-0033572,Jamal Agnew,WR,DET,2018,7,15,9,9,true,Unlabeled (IR),false,201807,201815,1
2068,00-0033572,Jamal Agnew,WR,DET,2019,12,13,2,0,false,Ankle,false,201912,201913,1
2069,00-0033572,Jamal Agnew,WR,DET,2020,9,9,1,0,false,Ribs,false,202009,202009,1
2070,00-0033572,Jamal Agnew,WR,JAX,2021,12,18,7,7,true,Unlabeled (IR),true,202112,202118,1
2071,00-0033572,Jamal Agnew,WR,JAX,2022,7,7,1,0,false,Knee,false,202207,202207,1
2072,00-0033572,Jamal Agnew,WR,JAX,2023,11,14,4,4,true,Shoulder,false,202311,202314,1
2073,00-0033572,Jamal Agnew,WR,JAX,2023,18,3,3,1,true,Groin,false,202318,202503,2
2074,00-0033576,Eric Saubert,TE,ATL,2017,14,14,1,0,false,Back,false,201714,201714,1
2075,00-0033576,Eric Saubert,TE,MIA,2023,1,1,1,1,true,Unlabeled (IR),false,202301,202301,1
2076,00-0033576,Eric Saubert,TE,SEA,2025,9,14,6,6,true,Calf,false,202509,202514,1
2077,00-0033585,Brad Kaaya,QB,IND,2018,1,17,16,16,true,Unlabeled (IR),true,201801,201817,1
2078,00-0033589,David Moore,WR,SEA,2019,1,2,2,0,false,Shoulder,false,201901,201902,1
2079,00-0033589,David Moore,WR,CHI,2022,1,1,1,1,true,Unlabeled (IR),false,202201,202201,1
2080,00-0033589,David Moore,WR,CAR,2025,5,18,13,13,true,Elbow,true,202505,202518,1
2081,00-0033591,Noah Brown,WR,DAL,2018,1,9,8,8,true,Unlabeled (IR),false,201801,201809,1
2082,00-0033591,Noah Brown,WR,DAL,2019,1,17,16,16,true,Unlabeled (IR),true,201901,201917,1
2083,00-0033591,Noah Brown,WR,DAL,2021,14,16,3,3,true,Groin,false,202114,202116,1
2084,00-0033591,Noah Brown,WR,HOU,2023,2,5,4,4,true,Unlabeled (IR),false,202302,202305,1
2085,00-0033591,Noah Brown,WR,HOU,2023,12,12,1,0,false,Knee,false,202312,202312,1
2086,00-0033591,Noah Brown,WR,HOU,2023,18,18,1,0,false,Back,true,202318,202318,1
2087,00-0033591,Noah Brown,WR,WAS,2024,5,5,1,0,false,Groin,false,202405,202405,1
2088,00-0033591,Noah Brown,WR,WAS,2024,15,18,4,4,true,kidney,true,202415,202418,1
2089,00-0033591,Noah Brown,WR,WAS,2025,3,13,10,6,false,Groin,false,202503,202513,1
2090,00-0033591,Noah Brown,WR,WAS,2025,16,18,3,3,true,Groin,true,202516,202518,1
2091,00-0033594,Chris Carson,RB,SEA,2017,5,17,12,12,true,Unlabeled (IR),true,201705,201717,1
2092,00-0033594,Chris Carson,RB,SEA,2019,17,17,1,1,true,Unlabeled (IR),true,201917,201917,1
2093,00-0033594,Chris Carson,RB,SEA,2020,9,9,1,0,false,Foot,false,202009,202009,1
2094,00-0033594,Chris Carson,RB,SEA,2021,6,18,12,12,true,Neck,true,202106,202118,1
2095,00-0033596,Matt Dayes,RB,NO,2019,1,1,1,1,true,Unlabeled (IR),false,201901,201901,1
2096,00-0033604,Krishawn Hogan,WR,IND,2017,6,17,11,11,true,Unlabeled (IR),true,201706,201717,1
2097,00-0033604,Krishawn Hogan,WR,NO,2019,17,17,1,1,true,Hamstring,true,201917,201917,1
2098,00-0033611,Ricky Seals-Jones,TE,ARI,2018,17,17,1,0,false,Shoulder,true,201817,201817,1
2099,00-0033611,Ricky Seals-Jones,TE,WAS,2021,11,11,1,0,false,Hip,false,202111,202111,1
2100,00-0033611,Ricky Seals-Jones,TE,WAS,2021,18,1,3,3,true,Concussion,false,202118,202301,3
2101,00-0033623,Keith Towbridge,TE,BUF,2017,1,17,16,16,true,Unlabeled (IR),true,201701,201717,1
2102,00-0033627,Jason Croom,TE,BUF,2019,1,17,16,16,true,Unlabeled (IR),true,201901,201917,1
2103,00-0033627,Jason Croom,TE,PHI,2021,1,18,17,17,true,Unlabeled (IR),true,202101,202118,1
2104,00-0033639,Jhajuan Seales,WR,TB,2017,2,7,6,6,true,Unlabeled (IR),false,201702,201707,1
2105,00-0033658,Blake Jarwin,TE,DAL,2020,2,17,15,15,true,Unlabeled (IR),true,202002,202017,1
2106,00-0033658,Blake Jarwin,TE,DAL,2021,9,17,9,9,true,Hip,false,202109,202117,1
2107,00-0033681,Keelan Cole,WR,NYJ,2021,13,13,1,1,true,Unlabeled (IR),false,202113,202113,1
2108,00-0033687,Amba Etta-Tawo,WR,NYG,2019,1,17,16,16,true,Unlabeled (IR),true,201901,201917,1
2109,00-0033691,I'Tavius Mathers,RB,JAX,2017,1,17,16,16,true,Unlabeled (IR),true,201701,201717,1
2110,00-0033696,Sean Culkin,TE,LAC,2018,15,16,2,0,false,Back,false,201815,201816,1
2111,00-0033696,Sean Culkin,TE,LAC,2019,5,17,12,12,true,Unlabeled (IR),true,201905,201917,1
2112,00-0033699,Austin Ekeler,RB,LAC,2018,15,15,1,0,false,Neck,false,201815,201815,1
2113,00-0033699,Austin Ekeler,RB,LAC,2020,5,11,6,6,true,Hamstring,false,202005,202011,1
2114,00-0033699,Austin Ekeler,RB,LAC,2021,16,16,1,1,true,Ankle,false,202116,202116,1
2115,00-0033699,Austin Ekeler,RB,LAC,2023,3,3,1,0,false,Ankle,false,202303,202303,1
2116,00-0033699,Austin Ekeler,RB,WAS,2024,4,4,1,0,false,Concussion,false,202404,202404,1
2117,00-0033699,Austin Ekeler,RB,WAS,2024,13,17,4,4,true,Concussion,false,202413,202417,1
2118,00-0033699,Austin Ekeler,RB,WAS,2025,3,18,15,15,true,Shoulder,true,202503,202518,1
2119,00-0033706,Artavis Scott,WR,LAC,2018,1,17,16,16,true,Unlabeled (IR),true,201801,201817,1
2120,00-0033714,Keeon Johnson,WR,NYG,2017,1,17,16,16,true,Unlabeled (IR),true,201701,201717,1
2121,00-0033725,Corey Clement,RB,PHI,2018,15,17,3,3,true,Unlabeled (IR),true,201815,201817,1
2122,00-0033725,Corey Clement,RB,PHI,2019,3,17,12,11,false,Shoulder,true,201903,201917,2
2123,00-0033725,Corey Clement,RB,PHI,2020,11,11,1,1,true,Illness,false,202011,202011,1
2124,00-0033733,Greg Ward,WR,PHI,2022,1,1,1,1,true,Unlabeled (IR),false,202201,202201,1
2125,00-0033735,Billy Brown,TE,IND,2019,1,17,16,16,true,Unlabeled (IR),true,201901,201917,1
2126,00-0033742,Tyrone Swoopes,TE,WAS,2021,1,18,17,17,true,Unlabeled (IR),true,202101,202118,1
2127,00-0033757,Robert Tonyan,TE,GB,2019,6,6,1,0,false,Hip,false,201906,201906,1
2128,00-0033757,Robert Tonyan,TE,GB,2021,9,18,9,9,true,Unlabeled (IR),true,202109,202118,1
2129,00-0033762,Lenard Tillery,RB,LA,2017,1,17,16,16,true,Unlabeled (IR),true,201701,201717,1
2130,00-0033769,Deante' Gray,WR,HOU,2017,1,17,16,16,true,Unlabeled (IR),true,201701,201717,1
2131,00-0033789,T.J. Logan,RB,ARI,2017,1,17,16,16,true,Unlabeled (IR),true,201701,201717,1
2132,00-0033789,T.J. Logan,RB,TB,2019,14,17,20,19,false,Thumb,true,201914,202017,2
2133,00-0033796,Marquez Williams,RB,JAX,2017,1,5,5,5,true,Unlabeled (IR),false,201701,201705,1
2134,00-0033798,Mason Schreck,TE,CIN,2017,1,17,16,16,true,Unlabeled (IR),true,201701,201717,1
2135,00-0033798,Mason Schreck,TE,CIN,2018,8,17,9,9,true,Unlabeled (IR),true,201808,201817,1
2136,00-0033800,Akeem Judd,RB,TEN,2017,1,17,6,6,true,Ankle,true,201701,201717,2
2137,00-0033838,Trey Edmunds,RB,PIT,2020,11,17,7,6,false,Hamstring,true,202011,202017,1
2138,00-0033839,Dede Westbrook,WR,JAX,2017,1,10,9,9,true,Core Muscle Injury,false,201701,201710,1
2139,00-0033839,Dede Westbrook,WR,JAX,2020,9,17,9,9,true,Unlabeled (IR),true,202009,202017,1
2140,00-0033839,Dede Westbrook,WR,MIN,2021,15,15,1,1,true,Unlabeled (IR),false,202115,202115,1
2141,00-0033855,Chris Thompson,WR,SF,2020,1,17,16,16,true,Unlabeled (IR),true,202001,202017,1
2142,00-0033856,Leonard Fournette,RB,JAX,2018,5,8,4,0,false,Hamstring,false,201805,201808,1
2143,00-0033856,Leonard Fournette,RB,TB,2020,4,4,1,0,false,Ankle,false,202004,202004,1
2144,00-0033856,Leonard Fournette,RB,TB,2021,16,18,3,3,true,Hamstring,true,202116,202118,1
2145,00-0033857,JuJu Smith-Schuster,WR,PIT,2017,12,12,1,0,false,Hamstring,false,201712,201712,1
2146,00-0033857,JuJu Smith-Schuster,WR,PIT,2019,12,15,4,0,false,Knee,false,201912,201915,1
2147,00-0033857,JuJu Smith-Schuster,WR,PIT,2021,6,18,12,12,true,Shoulder,true,202106,202118,1
2148,00-0033857,JuJu Smith-Schuster,WR,KC,2022,11,11,1,0,false,Concussion,false,202211,202211,1
2149,00-0033857,JuJu Smith-Schuster,WR,NE,2023,6,6,1,0,false,Concussion,false,202306,202306,1
2150,00-0033857,JuJu Smith-Schuster,WR,NE,2023,16,18,3,2,false,Ankle,true,202316,202318,1
2151,00-0033857,JuJu Smith-Schuster,WR,KC,2024,8,10,3,0,false,Hamstring,false,202408,202410,1
2152,00-0033858,Jonnu Smith,TE,TEN,2018,15,17,3,3,true,Unlabeled (IR),true,201815,201817,1
2153,00-0033858,Jonnu Smith,TE,TEN,2020,13,13,1,0,false,Knee,false,202013,202013,1
2154,00-0033858,Jonnu Smith,TE,NE,2022,17,17,1,0,false,Concussion,false,202217,202217,1
2155,00-0033859,Josh Malone,WR,CIN,2018,10,13,4,0,false,Hamstring,false,201810,201813,1
2156,00-0033869,Mitchell Trubisky,QB,CHI,2019,5,5,1,0,false,left Shoulder,false,201905,201905,1
2157,00-0033869,Mitchell Trubisky,QB,CHI,2020,9,10,2,0,false,right Shoulder,false,202009,202010,1
2158,00-0033869,Mitchell Trubisky,QB,BUF,2021,9,10,2,2,true,Unlabeled (IR),false,202109,202110,1
2159,00-0033871,Corey Davis,WR,TEN,2017,3,7,5,0,false,Hamstring,false,201703,201707,1
2160,00-0033871,Corey Davis,WR,NYJ,2021,14,18,5,5,true,Groin,true,202114,202118,1
2161,00-0033871,Corey Davis,WR,NYJ,2022,8,11,3,0,false,Knee,false,202208,202211,1
2162,00-0033871,Corey Davis,WR,NYJ,2022,15,15,1,0,false,Concussion,false,202215,202215,1
2163,00-0033873,Patrick Mahomes,QB,KC,2019,8,8,1,0,false,Knee,false,201908,201908,1
2164,00-0033873,Patrick Mahomes,QB,KC,2025,16,18,3,3,true,Knee,true,202516,202518,1
2165,00-0033879,O.J. Howard,TE,TB,2017,16,17,2,2,true,Unlabeled (IR),true,201716,201717,1
2166,00-0033879,O.J. Howard,TE,TB,2018,12,17,6,6,true,Unlabeled (IR),true,201812,201817,1
2167,00-0033879,O.J. Howard,TE,TB,2019,8,9,2,0,false,Hamstring,false,201908,201909,1
2168,00-0033879,O.J. Howard,TE,TB,2020,5,17,12,12,true,Achilles,true,202005,202017,1
2169,00-0033881,Evan Engram,TE,NYG,2017,17,17,1,0,false,Rib,true,201717,201717,1
2170,00-0033881,Evan Engram,TE,NYG,2018,4,6,3,0,false,Knee,false,201804,201806,1
2171,00-0033881,Evan Engram,TE,NYG,2018,13,13,1,0,false,Hamstring,false,201813,201813,1
2172,00-0033881,Evan Engram,TE,NYG,2019,6,6,1,0,false,Knee,false,201906,201906,1
2173,00-0033881,Evan Engram,TE,NYG,2019,10,17,7,2,false,Foot,true,201910,201917,1
2174,00-0033881,Evan Engram,TE,NYG,2021,1,2,2,0,false,Calf,false,202101,202102,1
2175,00-0033881,Evan Engram,TE,JAX,2024,3,4,2,0,false,Hamstring,false,202403,202404,1
2176,00-0033881,Evan Engram,TE,JAX,2024,15,18,4,4,true,Unlabeled (IR),true,202415,202418,1
2177,00-0033881,Evan Engram,TE,DEN,2025,3,3,1,0,false,Back,false,202503,202503,1
2178,00-0033885,David Njoku,TE,CLE,2019,3,13,10,10,true,Concussion,false,201903,201913,1
2179,00-0033885,David Njoku,TE,CLE,2020,2,4,3,3,true,Unlabeled (IR),false,202002,202004,1
2180,00-0033885,David Njoku,TE,CLE,2021,14,14,1,1,true,Unlabeled (IR),false,202114,202114,1
2181,00-0033885,David Njoku,TE,CLE,2022,8,10,2,0,false,Ankle,false,202208,202210,1
2182,00-0033885,David Njoku,TE,CLE,2022,13,13,1,0,false,Knee,false,202213,202213,1
2183,00-0033885,David Njoku,TE,CLE,2024,2,4,3,0,false,Ankle,false,202402,202404,1
2184,00-0033885,David Njoku,TE,CLE,2024,17,18,2,1,false,Knee,true,202417,202418,1
2185,00-0033885,David Njoku,TE,CLE,2025,7,7,1,0,false,Knee,false,202507,202507,1
2186,00-0033885,David Njoku,TE,CLE,2025,15,18,4,0,false,Knee,true,202515,202518,1
2187,00-0033891,Zay Jones,WR,BUF,2017,10,10,1,0,false,Ankle,false,201710,201710,1
2188,00-0033891,Zay Jones,WR,JAX,2023,3,4,2,0,false,Knee,false,202303,202304,1
2189,00-0033891,Zay Jones,WR,JAX,2023,6,10,4,0,false,Knee,false,202306,202310,1
2190,00-0033891,Zay Jones,WR,ARI,2024,1,6,6,5,true,Not injury related - other,false,202401,202406,1
2191,00-0033891,Zay Jones,WR,ARI,2025,4,4,1,0,false,Concussion,false,202504,202504,1
2192,00-0033891,Zay Jones,WR,ARI,2025,11,18,8,8,true,Knee,true,202511,202518,1
2193,00-0033893,Dalvin Cook,RB,MIN,2017,5,17,12,12,true,Unlabeled (IR),true,201705,201717,1
2194,00-0033893,Dalvin Cook,RB,MIN,2018,3,3,1,0,false,Hamstring,false,201803,201803,1
2195,00-0033893,Dalvin Cook,RB,MIN,2018,7,8,2,0,false,Hamstring,false,201807,201808,1
2196,00-0033893,Dalvin Cook,RB,MIN,2019,16,17,2,0,false,Shoulder,true,201916,201917,1
2197,00-0033893,Dalvin Cook,RB,MIN,2020,6,6,1,0,false,Groin,false,202006,202006,1
2198,00-0033893,Dalvin Cook,RB,MIN,2020,17,17,1,0,false,Not Injury Related,true,202017,202017,1
2199,00-0033893,Dalvin Cook,RB,MIN,2021,13,13,1,0,false,Shoulder,false,202113,202113,1
2200,00-0033893,Dalvin Cook,RB,MIN,2021,16,16,1,1,true,Shoulder,false,202116,202116,1
2201,00-0033895,Gerald Everett,TE,LA,2019,13,15,3,0,false,Knee,false,201913,201915,1
2202,00-0033895,Gerald Everett,TE,SEA,2021,4,5,2,2,true,Unlabeled (IR),false,202104,202105,1
2203,00-0033895,Gerald Everett,TE,LAC,2023,11,11,1,0,false,Chest,false,202311,202311,1
2204,00-0033896,Adam Shaheen,TE,CHI,2018,1,10,9,9,true,Unlabeled (IR),false,201801,201810,1
2205,00-0033896,Adam Shaheen,TE,CHI,2018,12,12,1,0,false,Concussion,false,201812,201812,1
2206,00-0033896,Adam Shaheen,TE,CHI,2019,11,17,7,4,false,Foot,true,201911,201917,1
2207,00-0033896,Adam Shaheen,TE,MIA,2021,1,1,1,1,true,Unlabeled (IR),false,202101,202101,1
2208,00-0033896,Adam Shaheen,TE,MIA,2021,12,12,1,0,false,Knee,false,202112,202112,1
2209,00-0033896,Adam Shaheen,TE,MIA,2022,1,18,17,17,true,Unlabeled (IR),true,202201,202218,1
2210,00-0033897,Joe Mixon,RB,CIN,2017,14,14,1,0,false,Concussion,false,201714,201714,1
2211,00-0033897,Joe Mixon,RB,CIN,2018,3,4,2,0,false,Knee,false,201803,201804,1
2212,00-0033897,Joe Mixon,RB,CIN,2020,7,17,9,7,false,Foot,true,202007,202017,2
2213,00-0033897,Joe Mixon,RB,CIN,2021,18,18,1,1,true,Unlabeled (IR),true,202118,202118,1
2214,00-0033897,Joe Mixon,RB,CIN,2022,12,12,1,0,false,Concussion,false,202212,202212,1
2215,00-0033897,Joe Mixon,RB,HOU,2024,5,5,1,0,false,Ankle,false,202405,202405,1
2216,00-0033897,Joe Mixon,RB,HOU,2025,1,18,17,17,true,Unlabeled (IR),true,202501,202518,1
2217,00-0033906,Alvin Kamara,RB,NO,2019,7,7,1,0,false,Ankle,false,201907,201907,1
2218,00-0033906,Alvin Kamara,RB,NO,2020,17,17,1,1,true,Unlabeled (IR),true,202017,202017,1
2219,00-0033906,Alvin Kamara,RB,NO,2021,10,12,3,0,false,Knee,false,202110,202112,1
2220,00-0033906,Alvin Kamara,RB,NO,2023,1,3,3,3,true,Unlabeled (IR),false,202301,202303,1
2221,00-0033906,Alvin Kamara,RB,NO,2024,16,17,2,0,false,Groin,false,202416,202417,1
2222,00-0033906,Alvin Kamara,RB,NO,2025,13,18,6,0,false,Knee,true,202513,202518,1
2223,00-0033908,Cooper Kupp,WR,LA,2018,7,7,1,0,false,Knee,false,201807,201807,1
2224,00-0033908,Cooper Kupp,WR,LA,2018,11,17,6,5,false,Knee,true,201811,201817,1
2225,00-0033908,Cooper Kupp,WR,LA,2020,17,17,1,1,true,Unlabeled (IR),true,202017,202017,1
2226,00-0033908,Cooper Kupp,WR,LA,2022,11,4,12,12,true,Hamstring,false,202211,202304,2
2227,00-0033908,Cooper Kupp,WR,LA,2024,3,5,3,0,false,Ankle,false,202403,202405,1
2228,00-0033911,Taywan Taylor,WR,CLE,2020,13,1,6,5,false,Neck,false,202013,202101,2
2229,00-0033919,Carlos Henderson,WR,DEN,2017,1,17,16,16,true,Unlabeled (IR),true,201701,201717,1
2230,00-0033921,Chris Godwin Jr.,WR,TB,2019,16,17,2,0,false,Hamstring,true,201916,201917,1
2231,00-0033921,Chris Godwin Jr.,WR,TB,2020,4,5,2,0,false,Hamstring,false,202004,202005,1
2232,00-0033921,Chris Godwin Jr.,WR,TB,2020,8,8,1,0,false,Finger,false,202008,202008,1
2233,00-0033921,Chris Godwin Jr.,WR,TB,2021,16,18,3,3,true,Unlabeled (IR),true,202116,202118,1
2234,00-0033921,Chris Godwin Jr.,WR,TB,2022,2,3,2,0,false,Hamstring,false,202202,202203,1
2235,00-0033921,Chris Godwin Jr.,WR,TB,2024,8,3,13,10,true,Ankle,false,202408,202503,2
2236,00-0033921,Chris Godwin Jr.,WR,TB,2025,6,11,5,0,false,Fibula,false,202506,202511,1
2237,00-0033923,Kareem Hunt,RB,CLE,2021,7,11,5,5,true,Calf,false,202107,202111,1
2238,00-0033923,Kareem Hunt,RB,CLE,2021,15,16,2,2,true,Ankle,false,202115,202116,1
2239,00-0033925,D'Onta Foreman,RB,HOU,2017,12,13,18,18,true,Unlabeled (IR),false,201712,201813,2
2240,00-0033932,Kenny Golladay,WR,DET,2017,5,8,2,0,false,Hamstring,false,201705,201708,2
2241,00-0033932,Kenny Golladay,WR,DET,2020,2,2,1,0,false,Hamstring,false,202002,202002,1
2242,00-0033932,Kenny Golladay,WR,DET,2020,9,17,9,0,false,Hip,true,202009,202017,1
2243,00-0033932,Kenny Golladay,WR,NYG,2021,6,8,3,0,false,Knee,false,202106,202108,1
2244,00-0033932,Kenny Golladay,WR,NYG,2022,5,8,4,0,false,Knee,false,202205,202208,1
2245,00-0033933,Chad Williams,WR,ARI,2018,10,12,3,0,false,Ankle,false,201810,201812,1
2246,00-0033936,C.J. Beathard,QB,JAX,2021,18,18,1,1,true,Unlabeled (IR),true,202118,202118,1
2247,00-0033937,Amara Darboh,WR,SEA,2018,2,17,15,15,true,Unlabeled (IR),true,201802,201817,1
2248,00-0033943,Josh Reynolds,WR,DET,2021,17,17,1,1,true,Thigh,false,202117,202117,1
2249,00-0033943,Josh Reynolds,WR,DET,2022,10,10,1,0,false,Back,false,202210,202210,1
2250,00-0033943,Josh Reynolds,WR,DEN,2024,6,13,8,8,true,Hand,false,202406,202413,1
2251,00-0033943,Josh Reynolds,WR,NYJ,2025,2,3,2,0,false,Hamstring,false,202502,202503,1
2252,00-0033943,Josh Reynolds,WR,NYJ,2025,8,18,10,10,true,Hip,true,202508,202518,1
2253,00-0033948,Jamaal Williams,RB,GB,2019,5,5,1,0,false,Concussion,false,201905,201905,1
2254,00-0033948,Jamaal Williams,RB,GB,2020,9,9,1,1,true,Not Injury Related,false,202009,202009,1
2255,00-0033948,Jamaal Williams,RB,DET,2021,10,10,1,0,false,Thigh,false,202110,202110,1
2256,00-0033948,Jamaal Williams,RB,DET,2021,14,15,2,2,true,Unlabeled (IR),false,202114,202115,1
2257,00-0033948,Jamaal Williams,RB,NO,2023,3,6,4,4,true,Hamstring,false,202303,202306,1
2258,00-0033948,Jamaal Williams,RB,NO,2024,11,11,1,0,false,Groin,false,202411,202411,1
2259,00-0033949,Joshua Dobbs,QB,PIT,2021,1,18,17,17,true,Unlabeled (IR),true,202101,202118,1
2260,00-0033950,Wayne Gallman,RB,NYG,2019,6,6,1,0,false,Concussion,false,201906,201906,1
2261,00-0033951,Marlon Mack,RB,IND,2017,3,4,2,0,false,Shoulder,false,201703,201704,1
2262,00-0033951,Marlon Mack,RB,IND,2018,3,5,2,0,false,Foot,false,201803,201805,2
2263,00-0033951,Marlon Mack,RB,IND,2019,12,13,2,0,false,Hand,false,201912,201913,1
2264,00-0033951,Marlon Mack,RB,IND,2020,2,17,15,15,true,Unlabeled (IR),true,202002,202017,1
2265,00-0033951,Marlon Mack,RB,DEN,2022,18,18,18,18,true,Unlabeled (IR),true,202218,202318,2
2266,00-0033953,Jordan Leggett,TE,NYJ,2017,1,17,13,8,false,Knee,true,201701,201717,3
2267,00-0033955,Jeremy McNichols,RB,TEN,2021,11,12,2,0,false,Concussion,false,202111,202112,1
2268,00-0033955,Jeremy McNichols,RB,PIT,2022,1,18,17,17,true,Unlabeled (IR),true,202201,202218,1
2269,00-0033955,Jeremy McNichols,RB,WAS,2026,1,2,2,2,true,Unlabeled (IR),false,202601,202602,1
2270,00-0033957,Rodney Adams,WR,NYJ,2022,1,18,17,17,true,Unlabeled (IR),true,202201,202218,1
2271,00-0033958,Nathan Peterman,QB,BUF,2017,15,15,1,0,false,Concussion,false,201715,201715,1
2272,00-0033958,Nathan Peterman,QB,OAK,2019,1,17,16,16,true,Unlabeled (IR),true,201901,201917,1
2273,00-0033966,Temuchin Hodges,TE,MIN,2017,1,1,1,1,true,Unlabeled (IR),false,201701,201701,1
2274,00-0033968,Stacy Coley,WR,NYG,2018,5,6,2,2,true,Hamstring,false,201805,201806,1
2275,00-0033975,Elijah Hood,RB,CAR,2018,1,17,16,16,true,Unlabeled (IR),true,201801,201817,1
2276,00-0033980,Joe Bacci,RB,TEN,2017,1,1,1,1,true,Unlabeled (IR),false,201701,201701,1
2277,00-0033992,Lance Lenoir,WR,DAL,2019,1,17,16,16,true,Unlabeled (IR),true,201901,201917,1
2278,00-0034010,Alex Gray,TE,ATL,2019,1,17,16,16,true,Unlabeled (IR),true,201901,201917,1
2279,00-0034011,Dan Arnold,TE,NO,2017,1,17,16,16,true,Unlabeled (IR),true,201701,201717,1
2280,00-0034011,Dan Arnold,TE,JAX,2021,13,18,6,6,true,Unlabeled (IR),true,202113,202118,1
2281,00-0034052,Brandon Zylstra,WR,CAR,2021,7,9,3,3,true,Unlabeled (IR),false,202107,202109,1
2282,00-0034052,Brandon Zylstra,WR,CAR,2021,16,16,1,1,true,Unlabeled (IR),false,202116,202116,1
2283,00-0034054,River Cracraft,WR,MIA,2022,8,9,2,0,false,Neck,false,202208,202209,1
2284,00-0034054,River Cracraft,WR,MIA,2023,4,9,6,6,true,Shoulder,false,202304,202309,1
2285,00-0034054,River Cracraft,WR,MIA,2024,1,9,8,8,true,Shoulder,false,202401,202409,1
2286,00-0034057,Jevoni Robinson,TE,HOU,2018,1,1,1,1,true,Unlabeled (IR),false,201801,201801,1
2287,00-0034073,Ross Dwelley,TE,SF,2023,14,18,5,1,false,Ankle,true,202314,202318,1
2288,00-0034087,Steve Ishmael,WR,IND,2019,1,17,16,16,true,Unlabeled (IR),true,201901,201917,1
2289,00-0034101,Matt Flanagan,TE,WAS,2019,1,1,1,1,true,Unlabeled (IR),false,201901,201901,1
2290,00-0034104,Cam Sims,WR,WAS,2018,2,17,15,15,true,Unlabeled (IR),true,201802,201817,1
2291,00-0034104,Cam Sims,WR,WAS,2021,5,7,3,0,false,Hamstring,false,202105,202107,1
2292,00-0034104,Cam Sims,WR,CAR,2024,1,1,1,1,true,Unlabeled (IR),false,202401,202401,1
2293,00-0034109,Phillip Lindsay,RB,DEN,2018,17,17,1,1,true,Wrist,true,201817,201817,1
2294,00-0034109,Phillip Lindsay,RB,DEN,2020,2,2,1,0,false,Foot,false,202002,202002,1
2295,00-0034109,Phillip Lindsay,RB,DEN,2020,16,17,2,2,true,Hip,true,202016,202017,1
2296,00-0034109,Phillip Lindsay,RB,MIA,2021,15,15,1,1,true,Unlabeled (IR),false,202115,202115,1
2297,00-0034115,Jeff Wilson,RB,SF,2020,8,10,3,3,true,Ankle,false,202008,202010,1
2298,00-0034115,Jeff Wilson,RB,SF,2021,1,8,7,7,true,Unlabeled (IR),false,202101,202108,1
2299,00-0034115,Jeff Wilson,RB,MIA,2023,1,6,6,6,true,Ribs,false,202301,202306,1
2300,00-0034128,Nate Wozniak,TE,NYG,2020,8,17,9,9,true,Unlabeled (IR),true,202008,202017,1
2301,00-0034131,Kurt Benkert,QB,ATL,2019,1,17,16,16,true,Unlabeled (IR),true,201901,201917,1
2302,00-0034159,Will Dissly,TE,SEA,2018,5,17,12,12,true,Unlabeled (IR),true,201805,201817,1
2303,00-0034159,Will Dissly,TE,SEA,2019,7,17,10,10,true,Achilles,true,201907,201917,1
2304,00-0034159,Will Dissly,TE,SEA,2021,16,16,1,1,true,Unlabeled (IR),false,202116,202116,1
2305,00-0034159,Will Dissly,TE,SEA,2022,17,18,2,2,true,Unlabeled (IR),true,202217,202218,1
2306,00-0034159,Will Dissly,TE,LAC,2024,15,16,2,0,false,Shoulder,false,202415,202416,1
2307,00-0034159,Will Dissly,TE,LAC,2025,3,4,2,0,false,Knee,false,202503,202504,1
2308,00-0034164,Trenton Cannon,RB,NYJ,2019,8,17,10,9,false,Foot,true,201908,201917,1
2309,00-0034164,Trenton Cannon,RB,SF,2021,14,18,20,20,true,Concussion,true,202114,202218,2
2310,00-0034169,Marcus Baugh,TE,CAR,2019,1,17,16,16,true,Unlabeled (IR),true,201901,201917,1
2311,00-0034169,Marcus Baugh,TE,WAS,2020,5,5,1,0,false,Not Injury Related,false,202005,202005,1
2312,00-0034171,Jason Cabinda,RB,DET,2021,17,9,10,8,false,Knee,false,202117,202209,2
2313,00-0034171,Jason Cabinda,RB,DET,2022,16,16,1,0,false,Illness,false,202216,202216,1
2314,00-0034171,Jason Cabinda,RB,DET,2023,4,16,12,11,false,Knee,false,202304,202316,1
2315,00-0034177,Tim Boyle,QB,DET,2021,1,10,9,9,true,Unlabeled (IR),false,202101,202110,1
2316,00-0034184,Gus Edwards,RB,BAL,2021,1,6,23,23,true,Knee,false,202101,202206,2
2317,00-0034184,Gus Edwards,RB,LAC,2024,6,9,4,4,true,Ankle,false,202406,202409,1
2318,00-0034184,Gus Edwards,RB,LAC,2024,17,18,2,0,false,Ankle,true,202417,202418,1
2319,00-0034201,De'Lance Turner,RB,BAL,2018,6,17,11,11,true,Hamstring,true,201806,201817,1
2320,00-0034206,Quadree Henderson,WR,NYG,2018,13,17,5,5,true,Unlabeled (IR),true,201813,201817,1
2321,00-0034208,Mike Boone,RB,DEN,2021,1,5,5,5,true,Unlabeled (IR),false,202101,202105,1
2322,00-0034208,Mike Boone,RB,DEN,2021,14,15,2,2,true,Unlabeled (IR),false,202114,202115,1
2323,00-0034208,Mike Boone,RB,DEN,2022,8,12,4,4,true,Unlabeled (IR),false,202208,202212,1
2324,00-0034208,Mike Boone,RB,DEN,2022,15,18,4,4,true,Unlabeled (IR),true,202215,202218,1
2325,00-0034221,Roc Thomas,RB,MIN,2018,1,1,1,0,false,Ankle,false,201801,201801,1
2326,00-0034221,Roc Thomas,RB,MIN,2018,9,9,1,0,false,Hamstring,false,201809,201809,1
2327,00-0034237,Khalid Hill,RB,SEA,2018,1,4,4,4,true,Unlabeled (IR),false,201801,201804,1
2328,00-0034253,Dontrell Hilliard,RB,CLE,2019,2,2,1,0,false,Concussion,false,201902,201902,1
2329,00-0034253,Dontrell Hilliard,RB,CLE,2019,17,17,1,1,true,Neck,true,201917,201917,1
2330,00-0034253,Dontrell Hilliard,RB,TEN,2022,2,2,1,0,false,Hamstring,false,202202,202202,1
2331,00-0034253,Dontrell Hilliard,RB,TEN,2022,15,18,4,4,true,Neck,true,202215,202218,1
2332,00-0034256,Da'Mari Scott,WR,NYG,2020,8,17,9,9,true,Unlabeled (IR),true,202008,202017,1
2333,00-0034258,Derrick Willies,WR,CLE,2018,6,17,11,11,true,Shoulder,true,201806,201817,1
2334,00-0034267,Jaleel Scott,WR,BAL,2018,1,17,16,16,true,Unlabeled (IR),true,201801,201817,1
2335,00-0034270,Tyler Conklin,TE,NYJ,2024,15,15,1,0,false,Not injury related - personal matter,false,202415,202415,1
2336,00-0034272,Marquez Valdes-Scantling,WR,GB,2021,4,8,5,5,true,Hamstring,false,202104,202108,1
2337,00-0034272,Marquez Valdes-Scantling,WR,GB,2021,16,16,1,1,true,Back,false,202116,202116,1
2338,00-0034279,Equanimeous St. Brown,WR,GB,2019,1,4,19,19,true,Knee,false,201901,202004,2
2339,00-0034279,Equanimeous St. Brown,WR,CHI,2022,16,16,1,0,false,Concussion,false,202216,202216,1
2340,00-0034279,Equanimeous St. Brown,WR,CHI,2023,6,9,4,4,true,Hamstring,false,202306,202309,1
2341,00-0034279,Equanimeous St. Brown,WR,CHI,2023,14,16,3,0,false,Pectoral,false,202314,202316,1
2342,00-0034286,Richie James,WR,SF,2020,2,4,3,3,true,Hamstring,false,202002,202004,1
2343,00-0034286,Richie James,WR,SF,2021,1,18,17,17,true,Unlabeled (IR),true,202101,202118,1
2344,00-0034286,Richie James,WR,KC,2023,3,9,7,7,true,Knee,false,202303,202309,1
2345,00-0034294,J.D. Moore,RB,KC,2018,1,17,16,16,true,Unlabeled (IR),true,201801,201817,1
2346,00-0034297,Byron Pringle,WR,KC,2018,1,17,16,16,true,Unlabeled (IR),true,201801,201817,1
2347,00-0034297,Byron Pringle,WR,KC,2020,12,14,3,3,true,Unlabeled (IR),false,202012,202014,1
2348,00-0034297,Byron Pringle,WR,CHI,2022,4,9,6,6,true,Unlabeled (IR),false,202204,202209,1
2349,00-0034301,Darrel Williams,RB,KC,2019,14,17,4,4,true,Hamstring,true,201914,201917,1
2350,00-0034301,Darrel Williams,RB,ARI,2022,6,7,2,0,false,Knee,false,202206,202207,1
2351,00-0034301,Darrel Williams,RB,ARI,2022,9,18,9,9,true,Hip,true,202209,202218,1
2352,00-0034309,Chad Beebe,WR,MIN,2018,12,15,4,0,false,Hamstring,false,201812,201815,1
2353,00-0034309,Chad Beebe,WR,MIN,2018,17,17,1,0,false,Hamstring,true,201817,201817,1
2354,00-0034309,Chad Beebe,WR,MIN,2019,4,17,13,13,true,Unlabeled (IR),true,201904,201917,1
2355,00-0034309,Chad Beebe,WR,MIN,2021,1,18,17,17,true,Unlabeled (IR),true,202101,202118,1
2356,00-0034311,Johnny Stanton,RB,MIN,2018,1,17,16,16,true,Unlabeled (IR),true,201801,201817,1
2357,00-0034313,Paul Butler,TE,OAK,2019,1,1,1,1,true,Unlabeled (IR),false,201901,201901,1
2358,00-0034315,Chris Warren,RB,OAK,2018,1,17,16,16,true,Unlabeled (IR),true,201801,201817,1
2359,00-0034317,Keith Kirkwood,WR,NO,2019,3,3,17,17,true,Unlabeled (IR),false,201903,202003,2
2360,00-0034317,Keith Kirkwood,WR,CAR,2020,7,17,10,10,true,Unlabeled (IR),true,202007,202017,1
2361,00-0034331,Jaylen Samuels,RB,PIT,2019,6,6,1,0,false,Knee,false,201906,201906,1
2362,00-0034331,Jaylen Samuels,RB,PIT,2020,11,12,2,0,false,Quadricep,false,202011,202012,1
2363,00-0034339,Trey Quinn,WR,WAS,2018,2,10,8,8,true,Unlabeled (IR),false,201802,201810,1
2364,00-0034339,Trey Quinn,WR,WAS,2018,14,17,4,4,true,Ankle,true,201814,201817,1
2365,00-0034339,Trey Quinn,WR,WAS,2019,14,17,4,2,false,Concussion,true,201914,201917,1
2366,00-0034348,Courtland Sutton,WR,DEN,2020,3,17,14,14,true,Shoulder,true,202003,202017,1
2367,00-0034348,Courtland Sutton,WR,DEN,2022,14,15,2,0,false,Hamstring,false,202214,202215,1
2368,00-0034348,Courtland Sutton,WR,DEN,2023,17,17,1,0,false,Concussion,false,202317,202317,1
2369,00-0034349,Kerryon Johnson,RB,DET,2018,12,17,6,2,false,Knee,true,201812,201817,1
2370,00-0034349,Kerryon Johnson,RB,DET,2019,8,15,8,8,true,Unlabeled (IR),false,201908,201915,1
2371,00-0034351,Dallas Goedert,TE,PHI,2020,4,7,4,4,true,Unlabeled (IR),false,202004,202007,1
2372,00-0034351,Dallas Goedert,TE,PHI,2020,17,17,1,0,false,Calf,true,202017,202017,1
2373,00-0034351,Dallas Goedert,TE,PHI,2021,6,6,1,1,true,Illness,false,202106,202106,1
2374,00-0034351,Dallas Goedert,TE,PHI,2021,18,18,1,1,true,Unlabeled (IR),true,202118,202118,1
2375,00-0034351,Dallas Goedert,TE,PHI,2022,11,15,5,5,true,Unlabeled (IR),false,202211,202215,1
2376,00-0034351,Dallas Goedert,TE,PHI,2023,11,12,2,0,false,Forearm,false,202311,202312,1
2377,00-0034351,Dallas Goedert,TE,PHI,2024,7,9,3,0,false,Hamstring,false,202407,202409,1
2378,00-0034351,Dallas Goedert,TE,PHI,2024,14,17,4,4,true,Knee,false,202414,202417,1
2379,00-0034351,Dallas Goedert,TE,PHI,2025,2,2,1,0,false,Knee,false,202502,202502,1
2380,00-0034351,Dallas Goedert,TE,PHI,2025,18,18,1,0,false,Knee,true,202518,202518,1
2381,00-0034353,Anthony Miller,WR,CHI,2018,4,4,1,0,false,Shoulder,false,201804,201804,1
2382,00-0034353,Anthony Miller,WR,PIT,2022,1,18,17,17,true,Unlabeled (IR),true,202201,202218,1
2383,00-0034358,Derrius Guice,RB,WAS,2018,1,17,16,16,true,Unlabeled (IR),true,201801,201817,1
2384,00-0034358,Derrius Guice,RB,WAS,2019,2,9,8,8,true,Knee,false,201902,201909,1
2385,00-0034358,Derrius Guice,RB,WAS,2019,15,17,3,3,true,Unlabeled (IR),true,201915,201917,1
2386,00-0034365,Ian Thomas,TE,CAR,2023,6,10,4,4,true,Calf,false,202306,202310,1
2387,00-0034365,Ian Thomas,TE,CAR,2023,15,15,1,0,false,Ankle,false,202315,202315,1
2388,00-0034365,Ian Thomas,TE,CAR,2024,1,5,5,5,true,Calf,false,202401,202405,1
2389,00-0034365,Ian Thomas,TE,CAR,2024,12,18,7,7,true,Unlabeled (IR),true,202412,202418,1
2390,00-0034366,Keke Coutee,WR,HOU,2018,8,8,1,0,false,Hamstring,false,201808,201808,1
2391,00-0034366,Keke Coutee,WR,IND,2022,7,7,1,0,false,Concussion,false,202207,202207,1
2392,00-0034367,Nyheim Hines,RB,BUF,2023,1,18,34,34,true,Knee,true,202301,202418,2
2393,00-0034370,DaeSean Hamilton,WR,DEN,2018,8,9,2,0,false,Knee,false,201808,201809,1
2394,00-0034370,DaeSean Hamilton,WR,DEN,2021,1,18,17,17,true,Unlabeled (IR),true,202101,202118,1
2395,00-0034378,Ito Smith,RB,ATL,2018,16,17,2,2,true,Back,true,201816,201817,1
2396,00-0034378,Ito Smith,RB,ATL,2019,8,17,9,8,false,Concussion,true,201908,201917,1
2397,00-0034383,Dalton Schultz,TE,HOU,2023,13,14,2,0,false,Hamstring,false,202313,202314,1
2398,00-0034386,Justin Watson,WR,TB,2020,3,3,1,0,false,Shoulder,false,202003,202003,1
2399,00-0034386,Justin Watson,WR,TB,2020,5,5,1,0,false,Chest,false,202005,202005,1
2400,00-0034386,Justin Watson,WR,TB,2021,1,18,15,14,true,Quadricep,true,202101,202118,2
2401,00-0034386,Justin Watson,WR,KC,2023,7,7,1,0,false,Elbow,false,202307,202307,1
2402,00-0034386,Justin Watson,WR,HOU,2025,3,17,14,14,true,Calf,false,202503,202517,1
2403,00-0034393,Troy Fumagalli,TE,DEN,2018,1,17,16,16,true,Unlabeled (IR),true,201801,201817,1
2404,00-0034393,Troy Fumagalli,TE,NE,2021,1,18,17,17,true,Unlabeled (IR),true,202101,202118,1
2405,00-0034395,Daurice Fountain,WR,IND,2018,17,17,17,16,false,Ankle,true,201817,201917,2
2406,00-0034400,Jordan Wilkins,RB,IND,2019,17,17,1,0,false,Ankle,true,201917,201917,1
2407,00-0034400,Jordan Wilkins,RB,IND,2020,17,17,1,1,true,Unlabeled (IR),true,202017,202017,1
2408,00-0034400,Jordan Wilkins,RB,IND,2021,5,7,3,0,false,Non-Football Illness,false,202105,202107,1
2409,00-0034401,Mike White,QB,NYJ,2021,12,15,4,4,true,Unlabeled (IR),false,202112,202115,1
2410,00-0034401,Mike White,QB,NYJ,2022,15,16,2,0,false,Rib,false,202215,202216,1
2411,00-0034406,Deon Cain,WR,IND,2018,1,17,16,16,true,Unlabeled (IR),true,201801,201817,1
2412,00-0034407,Ray-Ray McCloud,WR,BUF,2018,1,1,1,0,false,Knee,false,201801,201801,1
2413,00-0034407,Ray-Ray McCloud,WR,BUF,2018,7,7,1,0,false,Not Injury Related,false,201807,201807,1
2414,00-0034407,Ray-Ray McCloud,WR,PIT,2021,12,12,1,1,true,Unlabeled (IR),false,202112,202112,1
2415,00-0034407,Ray-Ray McCloud,WR,SF,2023,14,17,4,4,true,Rib,false,202314,202317,1
2416,00-0034407,Ray-Ray McCloud,WR,ATL,2025,7,7,1,0,false,Not injury related - other,false,202507,202507,1
2417,00-0034407,Ray-Ray McCloud,WR,CHI,2026,1,1,1,1,true,Unlabeled (IR),false,202601,202601,1
2418,00-0034409,Dylan Cantrell,TE,LAC,2019,1,18,33,33,true,Unlabeled (IR),true,201901,202118,2
2419,00-0034411,Russell Gage,WR,ATL,2018,2,2,1,0,false,Knee,false,201802,201802,1
2420,00-0034411,Russell Gage,WR,ATL,2021,3,5,3,0,false,Ankle,false,202103,202105,1
2421,00-0034411,Russell Gage,WR,TB,2022,8,12,4,0,false,Hamstring,false,202208,202212,1
2422,00-0034411,Russell Gage,WR,TB,2023,1,18,17,17,true,Unlabeled (IR),true,202301,202318,1
2423,00-0034412,Luke Falk,QB,MIA,2018,5,17,12,12,true,left Wrist,true,201805,201817,1
2424,00-0034414,Boston Scott,RB,PHI,2021,18,18,1,1,true,Unlabeled (IR),true,202118,202118,1
2425,00-0034414,Boston Scott,RB,PHI,2022,4,4,1,0,false,Rib,false,202204,202204,1
2426,00-0034414,Boston Scott,RB,PHI,2023,3,3,1,0,false,Concussion,false,202303,202303,1
2427,00-0034414,Boston Scott,RB,PHI,2023,9,9,1,0,false,Not injury related - personal matter,false,202309,202309,1
2428,00-0034418,Cedrick Wilson Jr.,WR,DAL,2018,1,17,16,16,true,Unlabeled (IR),true,201801,201817,1
2429,00-0034418,Cedrick Wilson Jr.,WR,DAL,2019,15,17,3,3,true,Unlabeled (IR),true,201915,201917,1
2430,00-0034418,Cedrick Wilson Jr.,WR,DAL,2021,13,13,1,0,false,Ankle,false,202113,202113,1
2431,00-0034418,Cedrick Wilson Jr.,WR,NO,2024,8,8,1,0,false,Hip,false,202408,202408,1
2432,00-0034418,Cedrick Wilson Jr.,WR,NO,2024,10,10,1,0,false,Shoulder,false,202410,202410,1
2433,00-0034418,Cedrick Wilson Jr.,WR,MIA,2025,5,5,1,0,false,Knee,false,202505,202505,1
2434,00-0034419,Braxton Berrios,WR,NE,2018,1,17,16,16,true,Unlabeled (IR),true,201801,201817,1
2435,00-0034419,Braxton Berrios,WR,NYJ,2021,18,18,1,1,true,Quadricep,true,202118,202118,1
2436,00-0034419,Braxton Berrios,WR,MIA,2024,8,2,13,11,true,Hamstring,false,202408,202502,2
2437,00-0034420,Jordan Thomas,TE,HOU,2019,1,11,10,10,true,Unlabeled (IR),false,201901,201911,1
2438,00-0034420,Jordan Thomas,TE,NE,2020,16,1,2,2,true,Not Injury Related,false,202016,202101,2
2439,00-0034426,Javon Wims,WR,CHI,2020,9,10,2,2,true,Unlabeled (IR),false,202009,202010,1
2440,00-0034432,Bo Scarbrough,RB,DET,2020,1,4,4,4,true,Unlabeled (IR),false,202001,202004,1
2441,00-0034433,Nick Bawden,RB,DET,2018,1,17,16,16,true,Unlabeled (IR),true,201801,201817,1
2442,00-0034433,Nick Bawden,RB,DET,2019,12,17,22,22,true,Foot,true,201912,202017,2
2443,00-0034433,Nick Bawden,RB,NYJ,2022,1,18,17,17,true,Unlabeled (IR),true,202201,202218,1
2444,00-0034438,Logan Woodside,QB,TEN,2021,12,12,1,1,true,Illness,false,202112,202112,1
2445,00-0034439,Ryan Izzo,TE,NE,2018,1,17,16,16,true,Unlabeled (IR),true,201801,201817,1
2446,00-0034439,Ryan Izzo,TE,NE,2019,7,13,3,0,false,Concussion,false,201907,201913,2
2447,00-0034439,Ryan Izzo,TE,NE,2020,14,17,4,4,true,Hamstring,true,202014,202017,1
2448,00-0034440,Justin Jackson,RB,LAC,2019,4,7,2,0,false,Calf,false,201904,201907,2
2449,00-0034440,Justin Jackson,RB,LAC,2020,10,13,4,4,true,Knee,false,202010,202013,1
2450,00-0034440,Justin Jackson,RB,LAC,2021,9,9,1,0,false,Quadricep,false,202109,202109,1
2451,00-0034449,Buddy Howell,RB,LA,2021,13,15,3,3,true,Thigh,false,202113,202115,1
2452,00-0034487,Trent Sherfield,WR,ARI,2020,12,12,1,1,true,Unlabeled (IR),false,202012,202012,1
2453,00-0034491,Andrew Vollert,TE,LAC,2019,1,17,16,16,true,Unlabeled (IR),true,201901,201917,1
2454,00-0034499,Jawill Davis,WR,NYG,2018,7,8,2,0,false,Concussion,false,201807,201808,1
2455,00-0034499,Jawill Davis,WR,NYG,2018,17,17,1,1,true,Hamstring,true,201817,201817,1
2456,00-0034510,Robert Foster,WR,WAS,2020,7,7,1,0,false,Not Injury Related,false,202007,202007,1
2457,00-0034521,Allen Lazard,WR,GB,2020,4,10,6,6,true,Core,false,202004,202010,1
2458,00-0034521,Allen Lazard,WR,GB,2021,8,8,1,1,true,Unlabeled (IR),false,202108,202108,1
2459,00-0034521,Allen Lazard,WR,GB,2022,8,8,1,0,false,Shoulder,false,202208,202208,1
2460,00-0034521,Allen Lazard,WR,NYJ,2024,9,13,4,4,true,Chest,false,202409,202413,1
2461,00-0034521,Allen Lazard,WR,NYJ,2025,6,6,1,0,false,Not injury related - personal matter,false,202506,202506,1
2462,00-0034575,David Wells,TE,KC,2019,1,17,16,16,true,Unlabeled (IR),true,201901,201917,1
2463,00-0034575,David Wells,TE,ARI,2021,10,15,5,5,true,Hand,false,202110,202115,1
2464,00-0034577,Kyle Allen,QB,WAS,2020,10,17,8,7,false,Ankle,true,202010,202017,1
2465,00-0034577,Kyle Allen,QB,WAS,2021,15,15,1,1,true,Unlabeled (IR),false,202115,202115,1
2466,00-0034578,Reggie Bonnafon,RB,CAR,2020,10,17,7,7,true,Ankle,true,202010,202017,1
2467,00-0034593,Chris Lacy,WR,LV,2023,1,1,1,1,true,Unlabeled (IR),false,202301,202301,1
2468,00-0034597,Ryan Nall,RB,CHI,2021,15,16,2,2,true,Unlabeled (IR),false,202115,202116,1
2469,00-0034609,Sergio Bailey,WR,TB,2018,1,17,16,16,true,Unlabeled (IR),true,201801,201817,1
2470,00-0034613,Tanner Hudson,TE,TB,2019,16,16,1,0,false,Concussion,false,201916,201916,1
2471,00-0034613,Tanner Hudson,TE,TB,2020,11,12,2,0,false,Not Injury Related,false,202011,202012,1
2472,00-0034613,Tanner Hudson,TE,CIN,2024,3,3,1,0,false,Knee,false,202403,202403,1
2473,00-0034613,Tanner Hudson,TE,CIN,2024,16,16,1,0,false,Knee,false,202416,202416,1
2474,00-0034613,Tanner Hudson,TE,CIN,2025,7,7,1,0,false,Concussion,false,202507,202507,1
2475,00-0034621,Shaun Wilson,RB,TB,2018,11,8,15,15,true,Unlabeled (IR),false,201811,201908,2
2476,00-0034631,Vyncint Smith,WR,NYJ,2020,1,4,4,4,true,Unlabeled (IR),false,202001,202004,1
2477,00-0034640,DeAndre Goolsby,TE,JAX,2018,1,12,11,11,true,Unlabeled (IR),false,201801,201812,1
2478,00-0034646,Brandon Powell,WR,DET,2018,13,13,1,0,false,Calf,false,201813,201813,1
2479,00-0034646,Brandon Powell,WR,ATL,2019,17,17,1,0,false,Wrist,true,201917,201917,1
2480,00-0034646,Brandon Powell,WR,ATL,2020,17,17,1,0,false,Foot,true,202017,202017,1
2481,00-0034652,Cameron Batson,WR,TEN,2019,1,17,16,16,true,Unlabeled (IR),true,201901,201917,1
2482,00-0034652,Cameron Batson,WR,TEN,2021,7,18,11,11,true,Unlabeled (IR),true,202107,202118,1
2483,00-0034669,Jordan Veasy,WR,WAS,2020,1,4,4,4,true,Unlabeled (IR),false,202001,202004,1
2484,00-0034676,James Washington,WR,PIT,2019,6,6,1,0,false,Shoulder,false,201906,201906,1
2485,00-0034676,James Washington,WR,PIT,2021,5,5,1,0,false,Groin,false,202105,202105,1
2486,00-0034676,James Washington,WR,PIT,2021,18,13,13,13,true,Unlabeled (IR),false,202118,202213,2
2487,00-0034681,Chase Edmonds,RB,ARI,2019,9,11,3,0,false,Hamstring,false,201909,201911,1
2488,00-0034681,Chase Edmonds,RB,ARI,2021,10,14,4,4,true,Ankle,false,202110,202114,1
2489,00-0034681,Chase Edmonds,RB,ARI,2021,18,18,1,0,false,Ribs,true,202118,202118,1
2490,00-0034681,Chase Edmonds,RB,DEN,2022,12,15,4,4,true,Unlabeled (IR),false,202212,202215,1
2491,00-0034681,Chase Edmonds,RB,TB,2023,3,7,4,4,true,Unlabeled (IR),false,202303,202307,1
2492,00-0034681,Chase Edmonds,RB,TB,2024,1,18,17,17,true,Unlabeled (IR),true,202401,202418,1
2493,00-0034686,Auden Tate,WR,CIN,2019,15,17,3,3,true,Unlabeled (IR),true,201915,201917,1
2494,00-0034686,Auden Tate,WR,CIN,2020,13,17,5,5,true,Shoulder,true,202013,202017,1
2495,00-0034686,Auden Tate,WR,CIN,2021,13,18,6,6,true,Calf,true,202113,202118,1
2496,00-0034705,John Franklin,WR,TB,2020,1,17,16,16,true,Unlabeled (IR),true,202001,202017,1
2497,00-0034748,Davon Grayson,WR,KC,2019,1,4,4,4,true,Unlabeled (IR),false,201901,201904,1
2498,00-0034750,Rashaad Penny,RB,SEA,2018,15,15,1,0,false,Knee,false,201815,201815,1
2499,00-0034750,Rashaad Penny,RB,SEA,2019,15,14,16,16,true,Knee,false,201915,202014,2
2500,00-0034750,Rashaad Penny,RB,SEA,2021,3,6,4,3,false,Calf,false,202103,202106,1
2501,00-0034750,Rashaad Penny,RB,SEA,2021,12,12,1,0,false,Hamstring,false,202112,202112,1
2502,00-0034750,Rashaad Penny,RB,SEA,2022,6,18,12,12,true,Shoulder,true,202206,202218,1
2503,00-0034753,Mark Andrews,TE,BAL,2020,12,13,2,2,true,Thigh,false,202012,202013,1
2504,00-0034753,Mark Andrews,TE,BAL,2023,12,18,6,6,true,Ankle,true,202312,202318,1
2505,00-0034764,Michael Gallup,WR,DAL,2019,3,4,2,0,false,Knee,false,201903,201904,1
2506,00-0034764,Michael Gallup,WR,DAL,2021,2,9,7,7,true,Unlabeled (IR),false,202102,202109,1
2507,00-0034764,Michael Gallup,WR,DAL,2021,18,2,3,1,true,Knee,false,202118,202202,2
2508,00-0034765,Tre'Quan Smith,WR,NO,2019,3,4,2,0,false,Ankle,false,201903,201904,1
2509,00-0034765,Tre'Quan Smith,WR,NO,2019,6,8,3,0,false,Ankle,false,201906,201908,1
2510,00-0034765,Tre'Quan Smith,WR,NO,2020,16,5,7,7,true,Ankle,false,202016,202105,2
2511,00-0034765,Tre'Quan Smith,WR,NO,2021,17,17,1,0,false,Chest,false,202117,202117,1
2512,00-0034765,Tre'Quan Smith,WR,NO,2022,1,1,1,0,false,Shoulder,false,202201,202201,1
2513,00-0034765,Tre'Quan Smith,WR,NO,2023,1,3,3,3,true,Groin,false,202301,202303,1
2514,00-0034765,Tre'Quan Smith,WR,DET,2024,1,7,6,6,true,Unlabeled (IR),false,202401,202407,1
2515,00-0034766,Christopher Herndon,TE,NYJ,2019,11,17,7,7,true,Hamstring,true,201911,201917,1
2516,00-0034766,Christopher Herndon,TE,MIN,2021,18,18,1,1,true,Unlabeled (IR),true,202118,202118,1
2517,00-0034771,Mason Rudolph,QB,PIT,2019,6,6,1,0,false,Concussion,false,201906,201906,1
2518,00-0034771,Mason Rudolph,QB,PIT,2019,17,17,1,1,true,Unlabeled (IR),true,201917,201917,1
2519,00-0034775,Christian Kirk,WR,ARI,2018,14,17,4,4,true,Unlabeled (IR),true,201814,201817,1
2520,00-0034775,Christian Kirk,WR,ARI,2019,5,5,1,0,false,Ankle,false,201905,201905,1
2521,00-0034775,Christian Kirk,WR,ARI,2020,3,3,1,0,false,Groin,false,202003,202003,1
2522,00-0034775,Christian Kirk,WR,ARI,2020,17,17,1,1,true,Unlabeled (IR),true,202017,202017,1
2523,00-0034775,Christian Kirk,WR,JAX,2023,14,17,4,4,true,Groin,false,202314,202317,1
2524,00-0034775,Christian Kirk,WR,JAX,2024,9,2,11,9,true,Collarbone,false,202409,202502,2
2525,00-0034775,Christian Kirk,WR,HOU,2025,7,8,2,0,false,Hamstring,false,202507,202508,1
2526,00-0034775,Christian Kirk,WR,SF,2026,1,2,2,2,true,Unlabeled (IR),false,202601,202602,1
2527,00-0034777,DJ Chark,WR,JAX,2018,12,16,5,0,false,Quadricep,false,201812,201816,1
2528,00-0034777,DJ Chark,WR,JAX,2019,15,15,1,0,false,Ankle,false,201915,201915,1
2529,00-0034777,DJ Chark,WR,JAX,2020,12,12,1,0,false,Ribs,false,202012,202012,1
2530,00-0034777,DJ Chark,WR,JAX,2020,17,17,1,0,false,Shin,true,202017,202017,1
2531,00-0034777,DJ Chark,WR,JAX,2021,5,18,13,13,true,Unlabeled (IR),true,202105,202118,1
2532,00-0034777,DJ Chark,WR,DET,2022,5,10,5,4,false,Ankle,false,202205,202210,1
2533,00-0034777,DJ Chark,WR,CAR,2023,1,1,1,0,false,Hamstring,false,202301,202301,1
2534,00-0034777,DJ Chark,WR,LAC,2024,1,8,7,7,true,Hip,false,202401,202408,1
2535,00-0034784,Austin Roberts,TE,LAC,2018,1,17,16,16,true,Unlabeled (IR),true,201801,201817,1
2536,00-0034788,Jaeden Graham,TE,ATL,2021,1,1,18,18,true,Unlabeled (IR),false,202101,202201,2
2537,00-0034791,Nick Chubb,RB,CLE,2020,5,8,4,4,true,Unlabeled (IR),false,202005,202008,1
2538,00-0034791,Nick Chubb,RB,CLE,2021,6,7,2,0,false,Calf,false,202106,202107,1
2539,00-0034791,Nick Chubb,RB,CLE,2021,10,10,1,1,true,Unlabeled (IR),false,202110,202110,1
2540,00-0034791,Nick Chubb,RB,CLE,2023,3,6,21,21,true,Knee,false,202303,202406,2
2541,00-0034791,Nick Chubb,RB,CLE,2024,16,18,3,3,true,Unlabeled (IR),true,202416,202418,1
2542,00-0034795,Garrett Dickerson,TE,NYG,2019,1,2,2,0,false,Quadricep,false,201901,201902,1
2543,00-0034796,Lamar Jackson,QB,BAL,2020,12,12,1,1,true,Unlabeled (IR),false,202012,202012,1
2544,00-0034796,Lamar Jackson,QB,BAL,2021,18,18,1,0,false,Ankle,true,202118,202118,1
2545,00-0034796,Lamar Jackson,QB,BAL,2022,15,18,4,0,false,Knee,true,202215,202218,1
2546,00-0034796,Lamar Jackson,QB,BAL,2023,18,18,1,0,false,Not injury related - resting player,true,202318,202318,1
2547,00-0034796,Lamar Jackson,QB,BAL,2025,5,8,3,0,false,Hamstring,false,202505,202508,1
2548,00-0034798,Durham Smythe,TE,MIA,2020,5,5,1,0,false,Knee,false,202005,202005,1
2549,00-0034799,Kalen Ballage,RB,MIA,2019,14,17,4,4,true,Achilles,true,201914,201917,1
2550,00-0034808,John Kelly,RB,CLE,2021,10,10,1,1,true,Unlabeled (IR),false,202110,202110,1
2551,00-0034816,Ronald Jones,RB,TB,2018,9,11,3,0,false,Hamstring,false,201809,201811,1
2552,00-0034816,Ronald Jones,RB,TB,2020,15,16,2,2,true,Finger,false,202015,202016,1
2553,00-0034816,Ronald Jones,RB,TB,2021,18,18,1,0,false,Ankle,true,202118,202118,1
2554,00-0034816,Ronald Jones,RB,DAL,2023,1,2,2,2,true,Unlabeled (IR),false,202301,202302,1
2555,00-0034827,DJ Moore,WR,CAR,2019,17,17,1,0,false,Concussion,true,201917,201917,1
2556,00-0034827,DJ Moore,WR,CAR,2020,14,14,1,1,true,Unlabeled (IR),false,202014,202014,1
2557,00-0034829,Mike Gesicki,TE,CIN,2025,7,11,4,4,true,Pectoral,false,202507,202511,1
2558,00-0034830,Hayden Hurst,TE,BAL,2018,1,3,3,0,false,Foot,false,201801,201803,1
2559,00-0034830,Hayden Hurst,TE,ATL,2021,11,13,3,3,true,Ankle,false,202111,202113,1
2560,00-0034830,Hayden Hurst,TE,ATL,2021,17,17,1,1,true,Unlabeled (IR),false,202117,202117,1
2561,00-0034830,Hayden Hurst,TE,CIN,2022,14,15,2,0,false,Calf,false,202214,202215,1
2562,00-0034830,Hayden Hurst,TE,CAR,2023,11,18,8,4,false,Concussion,true,202311,202318,1
2563,00-0034830,Hayden Hurst,TE,LAC,2024,12,15,4,4,true,Hip,false,202412,202415,1
2564,00-0034837,Calvin Ridley,WR,ATL,2019,15,17,3,3,true,Toe,true,201915,201917,1
2565,00-0034837,Calvin Ridley,WR,ATL,2021,5,5,1,0,false,Not injury related - personal matter,false,202105,202105,1
2566,00-0034837,Calvin Ridley,WR,ATL,2021,9,18,19,19,true,Not injury related - personal matter,true,202109,202218,2
2567,00-0034837,Calvin Ridley,WR,TEN,2025,7,9,3,0,false,Hamstring,false,202507,202509,1
2568,00-0034837,Calvin Ridley,WR,TEN,2025,12,18,7,7,true,Hamstring,true,202512,202518,1
2569,00-0034838,Royce Freeman,RB,DEN,2018,8,8,1,0,false,Ankle,false,201808,201808,1
2570,00-0034844,Saquon Barkley,RB,NYG,2019,4,6,3,0,false,Ankle,false,201904,201906,1
2571,00-0034844,Saquon Barkley,RB,NYG,2020,3,17,14,14,true,Unlabeled (IR),true,202003,202017,1
2572,00-0034844,Saquon Barkley,RB,NYG,2021,6,9,4,0,false,Ankle,false,202106,202109,1
2573,00-0034844,Saquon Barkley,RB,NYG,2023,3,3,1,0,false,Ankle,false,202303,202303,1
2574,00-0034845,Sony Michel,RB,NE,2020,4,10,4,4,true,Quadricep,false,202004,202010,2
2575,00-0034854,KhaDarel Hodge,WR,CLE,2020,5,7,3,3,true,Unlabeled (IR),false,202005,202007,1
2576,00-0034854,KhaDarel Hodge,WR,CLE,2020,13,14,2,0,false,Hamstring,false,202013,202014,1
2577,00-0034854,KhaDarel Hodge,WR,ATL,2025,4,4,1,0,false,Groin,false,202504,202504,1
2578,00-0034854,KhaDarel Hodge,WR,ATL,2025,16,18,3,3,true,Shoulder,true,202516,202518,1
2579,00-0034855,Baker Mayfield,QB,CLE,2021,7,7,1,0,false,left Shoulder,false,202107,202107,1
2580,00-0034855,Baker Mayfield,QB,CLE,2021,15,15,1,1,true,Foot,false,202115,202115,1
2581,00-0034855,Baker Mayfield,QB,CLE,2021,18,18,1,1,true,left Shoulder,true,202118,202118,1
2582,00-0034857,Josh Allen,QB,BUF,2018,7,9,3,0,false,right Elbow,false,201807,201809,1
2583,00-0034860,Dante Pettis,WR,SF,2018,5,7,3,0,false,Knee,false,201805,201807,1
2584,00-0034860,Dante Pettis,WR,SF,2018,17,17,1,1,true,Knee,true,201817,201817,1
2585,00-0034860,Dante Pettis,WR,SF,2019,13,13,1,0,false,Knee,false,201913,201913,1
2586,00-0034860,Dante Pettis,WR,NYG,2020,12,12,1,1,true,Unlabeled (IR),false,202012,202012,1
2587,00-0034860,Dante Pettis,WR,NYG,2021,9,18,9,9,true,Shoulder,true,202109,202118,1
2588,00-0034860,Dante Pettis,WR,CHI,2023,1,1,2,2,true,Unlabeled (IR),false,202301,202401,2
2589,00-0034867,Malik Turner,WR,SEA,2019,17,17,1,0,false,Concussion,true,201917,201917,1
2590,00-0034867,Malik Turner,WR,DAL,2021,1,3,3,3,true,Unlabeled (IR),false,202101,202103,1
2591,00-0034869,Sam Darnold,QB,NYJ,2018,12,12,1,0,false,Foot,false,201812,201812,1
2592,00-0034869,Sam Darnold,QB,NYJ,2019,2,5,3,0,false,Illness,false,201902,201905,1
2593,00-0034869,Sam Darnold,QB,NYJ,2020,5,5,1,0,false,right Shoulder,false,202005,202005,1
2594,00-0034869,Sam Darnold,QB,CAR,2021,10,15,5,5,true,right Shoulder,false,202110,202115,1
2595,00-0034869,Sam Darnold,QB,CAR,2022,1,9,9,9,true,Unlabeled (IR),false,202201,202209,1
2596,00-0034869,Sam Darnold,QB,SEA,2026,2,2,1,0,false,Glute,false,202602,202602,1
2597,00-0034899,John Wolford,QB,LA,2022,15,17,3,0,false,Neck,false,202215,202217,1
2598,00-0034901,Bryant Mitchell,WR,TB,2019,1,17,16,16,true,Unlabeled (IR),true,201901,201917,1
2599,00-0034922,Ishmael Hyman,WR,GB,2022,1,1,1,1,true,Unlabeled (IR),false,202201,202201,1
2600,00-0034928,Steven Sims,WR,WAS,2020,4,7,4,3,false,Toe,false,202004,202007,1
2601,00-0034928,Steven Sims,WR,PIT,2022,7,7,1,0,false,Hamstring,false,202207,202207,1
2602,00-0034930,Trinity Benson,WR,DET,2021,12,16,2,1,false,Knee,false,202112,202116,2
2603,00-0034930,Trinity Benson,WR,DET,2022,11,18,8,8,true,Knee,true,202211,202218,1
2604,00-0034932,Austin Fort,TE,DEN,2019,1,17,32,32,true,Unlabeled (IR),true,201901,202017,2
2605,00-0034959,Andrew Beck,RB,DEN,2020,8,12,5,5,true,Hamstring,false,202008,202012,1
2606,00-0034959,Andrew Beck,RB,DEN,2021,16,18,3,3,true,Elbow,true,202116,202118,1
2607,00-0034959,Andrew Beck,RB,DEN,2022,10,11,2,0,false,Hamstring,false,202210,202211,1
2608,00-0034959,Andrew Beck,RB,DEN,2022,13,14,2,0,false,Hamstring,false,202213,202214,1
2609,00-0034959,Andrew Beck,RB,HOU,2023,10,10,1,0,false,Ankle,false,202310,202310,1
2610,00-0034960,Jakobi Meyers,WR,NE,2022,14,14,1,0,false,Concussion,false,202214,202214,1
2611,00-0034960,Jakobi Meyers,WR,LV,2023,2,2,1,0,false,Concussion,false,202302,202302,1
2612,00-0034970,Irv Smith,TE,MIN,2020,10,10,1,0,false,Groin,false,202010,202010,1
2613,00-0034970,Irv Smith,TE,MIN,2020,13,13,1,0,false,Back,false,202013,202013,1
2614,00-0034970,Irv Smith,TE,MIN,2021,1,18,17,17,true,Unlabeled (IR),true,202101,202118,1
2615,00-0034970,Irv Smith,TE,MIN,2022,9,17,9,9,true,Unlabeled (IR),false,202209,202217,1
2616,00-0034970,Irv Smith,TE,CIN,2023,4,4,1,0,false,Hamstring,false,202304,202304,1
2617,00-0034970,Irv Smith,TE,HOU,2025,1,4,4,4,true,Unlabeled (IR),false,202501,202504,1
2618,00-0034971,Jalen Hurd,WR,SF,2019,1,9,40,37,false,Back,false,201901,202109,3
2619,00-0034972,Alexander Mattison,RB,MIN,2019,15,15,1,0,false,Ankle,false,201915,201915,1
2620,00-0034972,Alexander Mattison,RB,MIN,2020,13,14,2,0,false,Illness,false,202013,202014,1
2621,00-0034972,Alexander Mattison,RB,MIN,2020,16,16,1,0,false,Concussion,false,202016,202016,1
2622,00-0034972,Alexander Mattison,RB,MIN,2021,15,15,1,1,true,Unlabeled (IR),false,202115,202115,1
2623,00-0034972,Alexander Mattison,RB,MIN,2023,15,15,1,0,false,Ankle,false,202315,202315,1
2624,00-0034972,Alexander Mattison,RB,MIA,2025,1,18,17,17,true,Unlabeled (IR),true,202501,202518,1
2625,00-0034975,Justice Hill,RB,BAL,2020,1,1,1,0,false,Thigh,false,202001,202001,1
2626,00-0034975,Justice Hill,RB,BAL,2021,1,18,17,17,true,Unlabeled (IR),true,202101,202118,1
2627,00-0034975,Justice Hill,RB,BAL,2022,5,5,1,0,false,Hamstring,false,202205,202205,1
2628,00-0034975,Justice Hill,RB,BAL,2023,3,3,1,0,false,Foot,false,202303,202303,1
2629,00-0034975,Justice Hill,RB,BAL,2024,17,18,2,0,false,Concussion,true,202417,202418,1
2630,00-0034975,Justice Hill,RB,BAL,2025,11,11,1,0,false,Toe,false,202511,202511,1
2631,00-0034975,Justice Hill,RB,BAL,2025,13,18,6,6,true,Neck,true,202513,202518,1
2632,00-0034981,Foster Moreau,TE,OAK,2019,15,17,3,3,true,Unlabeled (IR),true,201915,201917,1
2633,00-0034981,Foster Moreau,TE,LV,2022,4,4,1,0,false,Knee,false,202204,202204,1
2634,00-0034981,Foster Moreau,TE,NO,2025,1,4,4,4,true,Unlabeled (IR),false,202501,202504,1
2635,00-0034981,Foster Moreau,TE,NO,2025,17,18,2,2,true,Ankle,true,202517,202518,1
2636,00-0034983,Hunter Renfrow,WR,OAK,2019,13,15,3,0,false,Rib,false,201913,201915,1
2637,00-0034983,Hunter Renfrow,WR,LV,2022,3,4,2,0,false,Concussion,false,202203,202204,1
2638,00-0034983,Hunter Renfrow,WR,LV,2022,10,14,5,5,true,Hamstring,false,202210,202214,1
2639,00-0034988,Kaden Smith,TE,NYG,2020,12,12,1,1,true,Unlabeled (IR),false,202012,202012,1
2640,00-0034988,Kaden Smith,TE,NYG,2021,12,6,13,12,false,Knee,false,202112,202306,2
2641,00-0034995,Dexter Williams,RB,CLE,2021,18,18,1,1,true,Unlabeled (IR),true,202118,202118,1
2642,00-0035006,Olabisi Johnson,WR,MIN,2021,1,18,34,34,true,Unlabeled (IR),true,202101,202218,2
2643,00-0035018,Alex Wesley,WR,NYG,2019,1,1,1,1,true,Unlabeled (IR),false,201901,201901,1
2644,00-0035021,Ashton Dulin,WR,IND,2020,9,11,3,3,true,Knee,false,202009,202011,1
2645,00-0035021,Ashton Dulin,WR,IND,2022,6,9,4,4,true,Unlabeled (IR),false,202206,202209,1
2646,00-0035021,Ashton Dulin,WR,IND,2022,17,17,1,0,false,Concussion,false,202217,202217,1
2647,00-0035021,Ashton Dulin,WR,IND,2023,1,18,17,17,true,Unlabeled (IR),true,202301,202318,1
2648,00-0035021,Ashton Dulin,WR,IND,2024,13,15,2,0,false,Ankle,false,202413,202415,1
2649,00-0035021,Ashton Dulin,WR,IND,2025,7,7,1,0,false,Chest,false,202507,202507,1
2650,00-0035021,Ashton Dulin,WR,IND,2025,13,16,4,4,true,Unlabeled (IR),false,202513,202516,1
2651,00-0035021,Ashton Dulin,WR,IND,2026,2,2,1,0,false,Ankle,false,202602,202602,1
2652,00-0035022,Penny Hart,WR,IND,2019,1,1,1,1,true,Unlabeled (IR),false,201901,201901,1
2653,00-0035022,Penny Hart,WR,SEA,2022,6,6,1,0,false,Hamstring,false,202206,202206,1
2654,00-0035022,Penny Hart,WR,ATL,2023,1,5,5,5,true,Unlabeled (IR),false,202301,202305,1
2655,00-0035035,Shawn Poindexter,WR,SF,2019,1,17,16,16,true,Unlabeled (IR),true,201901,201917,1
2656,00-0035039,Stephen Carlson,TE,CLE,2021,1,18,31,31,true,Collarbone,true,202101,202418,2
2657,00-0035045,D.J. Montgomery,WR,CLE,2019,1,17,16,16,true,Unlabeled (IR),true,201901,201917,1
2658,00-0035045,D.J. Montgomery,WR,IND,2025,1,2,19,19,true,Unlabeled (IR),false,202501,202602,2
2659,00-0035058,Dax Raymond,TE,CHI,2019,1,1,1,1,true,Unlabeled (IR),false,201901,201901,1
2660,00-0035067,Ian Bunting,TE,DAL,2022,1,18,17,17,true,Unlabeled (IR),true,202201,202218,1
2661,00-0035070,Emanuel Hall,WR,WAS,2020,9,17,9,9,true,Unlabeled (IR),true,202009,202017,1
2662,00-0035079,Kabion Ento,WR,GB,2020,1,17,16,16,true,Unlabeled (IR),true,202001,202017,1
2663,00-0035086,Adam Choice,RB,SEA,2019,1,17,16,16,true,Unlabeled (IR),true,201901,201917,1
2664,00-0035092,Justin Johnson,TE,SEA,2019,1,17,16,16,true,Unlabeled (IR),true,201901,201917,1
2665,00-0035099,Khari Blasingame,RB,TEN,2021,8,11,4,3,false,Knee,false,202108,202111,1
2666,00-0035099,Khari Blasingame,RB,CHI,2023,10,10,1,0,false,Concussion,false,202310,202310,1
2667,00-0035099,Khari Blasingame,RB,CHI,2024,2,3,2,0,false,Hand,false,202402,202403,1
2668,00-0035101,Davion Davis,WR,CLE,2021,1,2,2,2,true,Unlabeled (IR),false,202101,202102,1
2669,00-0035101,Davion Davis,WR,HOU,2021,15,18,4,4,true,Unlabeled (IR),true,202115,202118,1
2670,00-0035102,Brandon Dillon,TE,WAS,2023,1,18,17,17,true,Unlabeled (IR),true,202301,202318,1
2671,00-0035125,Alec Ingold,RB,LV,2021,11,18,8,8,true,Knee,true,202111,202118,1
2672,00-0035126,Antoine Wesley,WR,BAL,2020,1,2,18,18,true,Illness,false,202001,202102,2
2673,00-0035126,Antoine Wesley,WR,ARI,2022,1,18,17,17,true,Unlabeled (IR),true,202201,202218,1
2674,00-0035140,Mecole Hardman,WR,KC,2022,10,17,8,7,false,Abdomen,false,202210,202217,1
2675,00-0035140,Mecole Hardman,WR,KC,2023,12,16,5,5,true,Thumb,false,202312,202316,1
2676,00-0035140,Mecole Hardman,WR,KC,2024,14,18,5,5,true,Knee,true,202414,202418,1
2677,00-0035140,Mecole Hardman,WR,BUF,2025,12,15,4,4,true,Calf,false,202512,202515,1
2678,00-0035146,Trace McSorley,QB,BAL,2020,11,11,1,1,true,Not Injury Related,false,202011,202011,1
2679,00-0035146,Trace McSorley,QB,BAL,2020,15,17,3,3,true,Unlabeled (IR),true,202015,202017,1
2680,00-0035148,Darwin Thompson,RB,KC,2020,15,15,1,0,false,Illness,false,202015,202015,1
2681,00-0035154,Felton Davis,WR,KC,2019,1,17,16,16,true,Unlabeled (IR),true,201901,201917,1
2682,00-0035161,John Lovett,QB,KC,2019,1,18,41,41,true,Knee,true,201901,202218,3
2683,00-0035164,Cody Thompson,WR,SEA,2022,1,18,17,17,true,Unlabeled (IR),true,202201,202218,1
2684,00-0035181,Darrius Shepherd,WR,GB,2019,1,2,2,0,false,Hamstring,false,201901,201902,1
2685,00-0035181,Darrius Shepherd,WR,LAC,2023,1,1,1,1,true,Unlabeled (IR),false,202301,202301,1
2686,00-0035184,Devine Ozigbo,RB,JAX,2020,1,10,7,5,true,Hamstring,false,202001,202010,2
2687,00-0035187,Austin Walter,RB,SF,2020,15,16,2,2,true,Unlabeled (IR),false,202015,202016,1
2688,00-0035187,Austin Walter,RB,LV,2023,1,18,17,17,true,Unlabeled (IR),true,202301,202318,1
2689,00-0035208,Olamide Zaccheaus,WR,ATL,2020,13,17,5,5,true,Unlabeled (IR),true,202013,202017,1
2690,00-0035215,Deonte Harty,WR,NO,2019,11,12,2,0,false,Hamstring,false,201911,201912,1
2691,00-0035215,Deonte Harty,WR,NO,2020,5,5,1,0,false,Hamstring,false,202005,202005,1
2692,00-0035215,Deonte Harty,WR,NO,2020,15,17,3,3,true,Neck,true,202015,202017,1
2693,00-0035215,Deonte Harty,WR,NO,2021,7,7,1,0,false,Hamstring,false,202107,202107,1
2694,00-0035215,Deonte Harty,WR,NO,2021,14,16,3,3,true,Unlabeled (IR),false,202114,202116,1
2695,00-0035215,Deonte Harty,WR,NO,2022,6,18,12,12,true,Foot,true,202206,202218,1
2696,00-0035215,Deonte Harty,WR,BAL,2024,7,18,11,11,true,Knee,true,202407,202418,1
2697,00-0035216,Diontae Johnson,WR,PIT,2020,6,6,1,0,false,Back,false,202006,202006,1
2698,00-0035216,Diontae Johnson,WR,PIT,2021,3,3,1,0,false,Knee,false,202103,202103,1
2699,00-0035216,Diontae Johnson,WR,PIT,2023,2,5,4,4,true,Hamstring,false,202302,202305,1
2700,00-0035216,Diontae Johnson,WR,CAR,2024,8,8,1,0,false,Rib,false,202408,202408,1
2701,00-0035216,Diontae Johnson,WR,BAL,2024,15,16,2,1,true,Not injury related - personal matter,false,202415,202416,1
2702,00-0035217,Benny Snell,RB,PIT,2019,9,11,3,0,false,Knee,false,201909,201911,1
2703,00-0035222,Zach Gentry,TE,PIT,2020,12,17,6,6,true,Unlabeled (IR),true,202012,202017,1
2704,00-0035228,Kyler Murray,QB,ARI,2022,15,9,13,13,true,Knee,false,202215,202309,2
2705,00-0035228,Kyler Murray,QB,ARI,2025,10,18,9,9,true,Foot,true,202510,202518,1
2706,00-0035228,Kyler Murray,QB,MIN,2026,2,2,1,0,false,Concussion,false,202602,202602,1
2707,00-0035229,T.J. Hockenson,TE,DET,2019,14,17,4,4,true,Shoulder,true,201914,201917,1
2708,00-0035229,T.J. Hockenson,TE,DET,2021,15,18,4,4,true,Hand,true,202115,202118,1
2709,00-0035229,T.J. Hockenson,TE,MIN,2023,17,8,9,9,true,Knee,false,202317,202408,2
2710,00-0035229,T.J. Hockenson,TE,MIN,2025,17,18,2,0,false,Shoulder,true,202517,202518,1
2711,00-0035232,Dwayne Haskins,QB,WAS,2019,17,17,1,0,false,Ankle,true,201917,201917,1
2712,00-0035243,Miles Sanders,RB,PHI,2020,1,1,1,0,false,Hamstring,false,202001,202001,1
2713,00-0035243,Miles Sanders,RB,PHI,2020,7,8,2,0,false,Knee,false,202007,202008,1
2714,00-0035243,Miles Sanders,RB,PHI,2020,17,17,1,0,false,Knee,true,202017,202017,1
2715,00-0035243,Miles Sanders,RB,PHI,2021,8,10,3,3,true,Ankle,false,202108,202110,1
2716,00-0035243,Miles Sanders,RB,PHI,2021,17,18,2,0,false,Hand,true,202117,202118,1
2717,00-0035243,Miles Sanders,RB,CAR,2023,6,6,1,0,false,Shoulder,false,202306,202306,1
2718,00-0035243,Miles Sanders,RB,CAR,2024,12,17,6,6,true,Ankle,false,202412,202417,1
2719,00-0035243,Miles Sanders,RB,DAL,2025,6,18,12,12,true,Knee,true,202506,202518,1
2720,00-0035246,J.J. Arcega-Whiteside,WR,PHI,2020,11,12,2,2,true,Illness,false,202011,202012,1
2721,00-0035246,J.J. Arcega-Whiteside,WR,PHI,2021,9,9,1,0,false,Ankle,false,202109,202109,1
2722,00-0035249,Josh Oliver,TE,JAX,2019,1,6,6,0,false,Hamstring,false,201901,201906,1
2723,00-0035249,Josh Oliver,TE,JAX,2019,12,17,22,22,true,Unlabeled (IR),true,201912,202017,2
2724,00-0035249,Josh Oliver,TE,BAL,2021,16,17,2,2,true,Unlabeled (IR),false,202116,202117,1
2725,00-0035249,Josh Oliver,TE,MIN,2024,12,13,2,0,false,Ankle,false,202412,202413,1
2726,00-0035249,Josh Oliver,TE,MIN,2025,9,10,2,0,false,Foot,false,202509,202510,1
2727,00-0035250,Devin Singletary,RB,BUF,2019,3,3,1,0,false,Hamstring,false,201903,201903,1
2728,00-0035256,Bryce Love,RB,WAS,2020,4,17,13,13,true,Knee,true,202004,202017,1
2729,00-0035259,Trevon Wesco,TE,NYJ,2020,9,13,4,4,true,Ankle,false,202009,202013,1
2730,00-0035259,Trevon Wesco,TE,NYJ,2021,8,8,1,0,false,Knee,false,202108,202108,1
2731,00-0035259,Trevon Wesco,TE,NYJ,2021,14,14,1,0,false,Ankle,false,202114,202114,1
2732,00-0035259,Trevon Wesco,TE,NYJ,2021,17,18,2,2,true,Unlabeled (IR),true,202117,202118,1
2733,00-0035259,Trevon Wesco,TE,CHI,2022,15,16,2,0,false,Calf,false,202215,202216,1
2734,00-0035264,Jarrett Stidham,QB,NE,2021,1,9,9,9,true,Unlabeled (IR),false,202101,202109,1
2735,00-0035268,Ryquell Armstead,RB,JAX,2020,9,17,9,9,true,Unlabeled (IR),true,202009,202017,1
2736,00-0035275,Jordan Scarlett,RB,CAR,2019,13,17,5,5,true,Knee,true,201913,201917,1
2737,00-0035289,Gardner Minshew,QB,JAX,2020,9,10,2,0,false,right Thumb,false,202009,202010,1
2738,00-0035289,Gardner Minshew,QB,LV,2024,13,18,6,6,true,Collarbone,true,202413,202418,1
2739,00-0035289,Gardner Minshew,QB,KC,2025,17,18,2,2,true,Unlabeled (IR),true,202517,202518,1
2740,00-0035291,Trayveon Williams,RB,CIN,2019,1,1,1,0,false,Foot,false,201901,201901,1
2741,00-0035297,Kelvin Harmon,WR,WAS,2020,9,17,9,9,true,Unlabeled (IR),true,202009,202017,1
2742,00-0035298,Scott Miller,WR,TB,2019,13,14,2,0,false,Hamstring,false,201913,201914,1
2743,00-0035298,Scott Miller,WR,TB,2019,16,17,2,2,true,Hamstring,true,201916,201917,1
2744,00-0035298,Scott Miller,WR,TB,2021,4,11,7,7,true,Unlabeled (IR),false,202104,202111,1
2745,00-0035298,Scott Miller,WR,PIT,2025,8,10,3,0,false,Finger,false,202508,202510,1
2746,00-0035299,Rodney Anderson,RB,CIN,2019,1,17,16,16,true,Unlabeled (IR),true,201901,201917,1
2747,00-0035304,Cullen Gillaspia,RB,HOU,2020,12,17,6,5,false,Back,true,202012,202017,1
2748,00-0035304,Cullen Gillaspia,RB,NYG,2021,12,18,9,8,false,Calf,true,202112,202218,2
2749,00-0035308,Tommy Sweeney,TE,BUF,2020,1,17,15,15,true,Unlabeled (IR),true,202001,202017,2
2750,00-0035308,Tommy Sweeney,TE,BUF,2021,14,14,1,0,false,Hip,false,202114,202114,1
2751,00-0035308,Tommy Sweeney,TE,NYG,2023,1,12,12,12,true,Unlabeled (IR),false,202301,202312,1
2752,00-0035309,Alize Mack,TE,GB,2022,1,1,2,2,true,Unlabeled (IR),false,202201,202301,2
2753,00-0035311,Myles Gaskin,RB,MIA,2019,17,17,1,1,true,Unlabeled (IR),true,201917,201917,1
2754,00-0035311,Myles Gaskin,RB,MIA,2020,9,12,4,4,true,Knee,false,202009,202012,1
2755,00-0035311,Myles Gaskin,RB,MIA,2020,14,15,2,2,true,Knee,false,202014,202015,1
2756,00-0035311,Myles Gaskin,RB,MIA,2022,17,18,2,2,true,Illness,true,202217,202218,1
2757,00-0035313,Terry Godwin,WR,JAX,2021,1,18,17,17,true,Unlabeled (IR),true,202101,202118,1
2758,00-0035322,Nate Becker,TE,GB,2022,1,1,1,1,true,Unlabeled (IR),false,202201,202201,1
2759,00-0035329,Donald Parham,TE,LAC,2021,16,2,4,3,true,Concussion,false,202116,202202,2
2760,00-0035329,Donald Parham,TE,LAC,2022,7,14,7,6,false,Hamstring,false,202207,202214,1
2761,00-0035329,Donald Parham,TE,PIT,2025,1,18,17,17,true,Unlabeled (IR),true,202501,202518,1
2762,00-0035341,Trenton Irwin,WR,CIN,2021,17,17,1,1,true,Unlabeled (IR),false,202117,202117,1
2763,00-0035342,Patrick Laird,RB,MIA,2021,15,18,4,4,true,Unlabeled (IR),true,202115,202118,1
2764,00-0035345,Chris Myarick,TE,NYG,2023,1,10,10,10,true,Unlabeled (IR),false,202301,202310,1
2765,00-0035350,Preston Williams,WR,MIA,2019,10,17,8,8,true,Unlabeled (IR),true,201910,201917,1
2766,00-0035350,Preston Williams,WR,MIA,2020,10,17,8,8,true,Unlabeled (IR),true,202010,202017,1
2767,00-0035350,Preston Williams,WR,MIA,2021,8,8,1,0,false,Other,false,202108,202108,1
2768,00-0035350,Preston Williams,WR,MIA,2021,17,17,1,1,true,Unlabeled (IR),false,202117,202117,1
2769,00-0035356,Tyree Jackson,TE,PHI,2021,1,8,8,8,true,Unlabeled (IR),false,202101,202108,1
2770,00-0035356,Tyree Jackson,TE,PHI,2022,1,10,9,9,true,Unlabeled (IR),false,202201,202210,1
2771,00-0035356,Tyree Jackson,TE,PHI,2022,16,18,3,3,true,Knee,true,202216,202218,1
2772,00-0035356,Tyree Jackson,TE,WAS,2025,1,18,17,17,true,Unlabeled (IR),true,202501,202518,1
2773,00-0035359,David Sills,WR,NYG,2020,1,17,16,16,true,Unlabeled (IR),true,202001,202017,1
2774,00-0035359,David Sills,WR,TB,2026,1,2,2,2,true,Unlabeled (IR),false,202601,202602,1
2775,00-0035374,Michael Walker,WR,JAX,2019,17,4,6,6,true,Hamstring,false,201917,202104,3
2776,00-0035399,Stanley Morgan,WR,CIN,2022,8,8,1,0,false,Hamstring,false,202208,202208,1
2777,00-0035406,Lil'Jordan Humphrey,WR,NO,2021,8,9,2,2,true,Unlabeled (IR),false,202108,202109,1
2778,00-0035414,Jalen Guyton,WR,LAC,2021,16,16,1,1,true,Unlabeled (IR),false,202116,202116,1
2779,00-0035414,Jalen Guyton,WR,LAC,2022,4,8,21,21,true,Knee,false,202204,202308,2
2780,00-0035417,Jon'Vea Johnson,WR,DAL,2019,1,17,16,16,true,Unlabeled (IR),true,201901,201917,1
2781,00-0035442,Elijah Holyfield,RB,CIN,2022,1,18,16,16,true,Unlabeled (IR),true,202201,202218,1
2782,00-0035448,Damarea Crockett,RB,DEN,2022,1,18,17,17,true,Unlabeled (IR),true,202201,202218,1
2783,00-0035467,Bruce Anderson,RB,IND,2020,1,3,3,3,true,Unlabeled (IR),false,202001,202003,1
2784,00-0035478,Isaiah Searight,TE,NYG,2019,1,1,1,1,true,Unlabeled (IR),false,201901,201901,1
2785,00-0035479,Cortrelle Simpson,WR,TB,2019,1,1,1,1,true,Unlabeled (IR),false,201901,201901,1
2786,00-0035480,Malik Taylor,WR,GB,2021,6,7,2,2,true,Illness,false,202106,202107,1
2787,00-0035480,Malik Taylor,WR,GB,2021,11,12,2,0,false,Abdomen,false,202111,202112,1
2788,00-0035480,Malik Taylor,WR,GB,2021,16,1,4,4,true,Shoulder,false,202116,202201,2
2789,00-0035480,Malik Taylor,WR,NYJ,2024,1,18,17,17,true,Unlabeled (IR),true,202401,202418,1
2790,00-0035500,Greg Dortch,WR,ARI,2025,14,18,5,5,true,Chest,true,202514,202518,1
2791,00-0035505,Jalin Moore,RB,NYJ,2020,8,17,9,9,true,Unlabeled (IR),true,202008,202017,1
2792,00-0035510,Jeff Smith,WR,NYJ,2019,16,3,5,5,true,Unlabeled (IR),false,201916,202003,2
2793,00-0035510,Jeff Smith,WR,NYJ,2021,4,5,2,0,false,Concussion,false,202104,202105,1
2794,00-0035510,Jeff Smith,WR,NYJ,2021,14,15,2,2,true,Unlabeled (IR),false,202114,202115,1
2795,00-0035510,Jeff Smith,WR,NYJ,2022,16,18,3,2,false,Knee,true,202216,202218,1
2796,00-0035527,Andy Isabella,WR,ARI,2022,2,2,1,0,false,Back,false,202202,202202,1
2797,00-0035529,Hakeem Butler,WR,ARI,2019,1,17,16,16,true,Unlabeled (IR),true,201901,201917,1
2798,00-0035535,Darius Slayton,WR,NYG,2019,1,2,2,0,false,Hamstring,false,201901,201902,1
2799,00-0035535,Darius Slayton,WR,NYG,2021,4,5,2,0,false,Hamstring,false,202104,202105,1
2800,00-0035535,Darius Slayton,WR,NYG,2021,17,17,1,1,true,Unlabeled (IR),false,202117,202117,1
2801,00-0035535,Darius Slayton,WR,NYG,2024,10,10,1,0,false,Concussion,false,202410,202410,1
2802,00-0035535,Darius Slayton,WR,NYG,2025,6,6,1,0,false,Hamstring,false,202506,202506,1
2803,00-0035535,Darius Slayton,WR,NYG,2025,11,11,1,0,false,Hamstring,false,202511,202511,1
2804,00-0035547,Joseph Fortson,TE,KC,2021,7,18,11,11,true,Achilles,true,202107,202118,1
2805,00-0035547,Joseph Fortson,TE,KC,2022,9,9,1,0,false,Quadricep,false,202209,202209,1
2806,00-0035547,Joseph Fortson,TE,KC,2022,16,18,20,20,true,Elbow,true,202216,202318,2
2807,00-0035547,Joseph Fortson,TE,KC,2024,9,18,10,10,true,Unlabeled (IR),true,202409,202418,1
2808,00-0035548,Ventell Bryant,WR,DAL,2020,1,4,4,4,true,Unlabeled (IR),false,202001,202004,1
2809,00-0035562,Jesper Horsted,TE,CHI,2021,16,18,3,3,true,Illness,true,202116,202118,1
2810,00-0035562,Jesper Horsted,TE,LV,2022,13,14,2,0,false,Concussion,false,202213,202214,1
2811,00-0035562,Jesper Horsted,TE,LV,2023,17,18,2,2,true,Hamstring,true,202317,202318,1
2812,00-0035567,Craig Reynolds,RB,DET,2022,10,14,5,5,true,Unlabeled (IR),false,202210,202214,1
2813,00-0035567,Craig Reynolds,RB,DET,2025,9,9,1,0,false,Hamstring,false,202509,202509,1
2814,00-0035589,Gary Jennings,WR,MIA,2019,12,17,6,6,true,Unlabeled (IR),true,201912,201917,1
2815,00-0035593,Juwann Winfree,WR,DEN,2019,15,17,3,3,true,Hamstring,true,201915,201917,1
2816,00-0035593,Juwann Winfree,WR,IND,2024,1,18,17,17,true,Unlabeled (IR),true,202401,202418,1
2817,00-0035594,Travis Homer,RB,SEA,2020,12,17,4,3,false,Wrist,true,202012,202017,2
2818,00-0035594,Travis Homer,RB,SEA,2021,12,12,1,0,false,Calf,false,202112,202112,1
2819,00-0035594,Travis Homer,RB,SEA,2021,14,15,2,1,false,Calf,false,202114,202115,1
2820,00-0035594,Travis Homer,RB,SEA,2022,4,7,4,4,true,Unlabeled (IR),false,202204,202207,1
2821,00-0035594,Travis Homer,RB,SEA,2022,18,18,1,1,true,Ankle,true,202218,202218,1
2822,00-0035594,Travis Homer,RB,CHI,2023,6,6,1,0,false,Hamstring,false,202306,202306,1
2823,00-0035594,Travis Homer,RB,CHI,2024,3,6,4,4,true,Finger,false,202403,202406,1
2824,00-0035594,Travis Homer,RB,CHI,2024,17,6,6,5,false,Hamstring,false,202417,202506,2
2825,00-0035594,Travis Homer,RB,CHI,2025,12,15,2,0,false,Hamstring,false,202512,202515,2
2826,00-0035597,John Ursua,WR,SEA,2021,1,18,17,17,true,Unlabeled (IR),true,202101,202118,1
2827,00-0035602,Alex Bachman,WR,LA,2019,1,1,1,1,true,Unlabeled (IR),false,201901,201901,1
2828,00-0035602,Alex Bachman,WR,LV,2025,14,15,2,0,false,Thumb,false,202514,202515,1
2829,00-0035621,Nsimba Webster,WR,CHI,2024,1,18,17,17,true,Unlabeled (IR),true,202401,202418,1
2830,00-0035624,N'Keal Harry,TE,NE,2019,1,8,8,8,true,Unlabeled (IR),false,201901,201908,1
2831,00-0035624,N'Keal Harry,TE,NE,2020,8,9,2,0,false,Concussion,false,202008,202009,1
2832,00-0035624,N'Keal Harry,TE,NE,2021,1,3,3,3,true,Unlabeled (IR),false,202101,202103,1
2833,00-0035624,N'Keal Harry,TE,CHI,2022,1,5,5,5,true,Unlabeled (IR),false,202201,202205,1
2834,00-0035624,N'Keal Harry,TE,CHI,2022,11,11,1,0,false,Illness,false,202211,202211,1
2835,00-0035631,Drew Sample,TE,CIN,2019,11,17,7,4,false,Ankle,true,201911,201917,1
2836,00-0035631,Drew Sample,TE,CIN,2022,3,18,14,12,false,Knee,true,202203,202218,1
2837,00-0035639,Parris Campbell,WR,IND,2019,5,7,2,0,false,Abdomen,false,201905,201907,1
2838,00-0035639,Parris Campbell,WR,IND,2019,10,12,3,0,false,Hand,false,201910,201912,1
2839,00-0035639,Parris Campbell,WR,IND,2019,15,17,3,3,true,Hand,true,201915,201917,1
2840,00-0035639,Parris Campbell,WR,IND,2020,3,17,14,14,true,Unlabeled (IR),true,202003,202017,1
2841,00-0035639,Parris Campbell,WR,IND,2021,7,17,10,10,true,Unlabeled (IR),false,202107,202117,1
2842,00-0035640,DK Metcalf,WR,SEA,2024,9,9,1,0,false,Knee,false,202409,202409,1
2843,00-0035640,DK Metcalf,WR,PIT,2025,17,18,2,2,true,Unlabeled (IR),true,202517,202518,1
2844,00-0035644,Noah Fant,TE,DEN,2021,9,9,1,1,true,Unlabeled (IR),false,202109,202109,1
2845,00-0035644,Noah Fant,TE,SEA,2024,9,11,2,0,false,Groin,false,202409,202411,1
2846,00-0035644,Noah Fant,TE,CIN,2025,4,4,1,0,false,Concussion,false,202504,202504,1
2847,00-0035644,Noah Fant,TE,CIN,2025,16,16,1,0,false,Ankle,false,202516,202516,1
2848,00-0035645,Gunner Olszewski,WR,NE,2019,12,3,9,8,true,Ankle,false,201912,202003,2
2849,00-0035645,Gunner Olszewski,WR,PIT,2023,3,3,1,0,false,Concussion,false,202303,202303,1
2850,00-0035645,Gunner Olszewski,WR,NYG,2024,2,18,16,16,true,Groin,true,202402,202418,1
2851,00-0035645,Gunner Olszewski,WR,NYG,2026,1,2,2,2,true,Unlabeled (IR),false,202601,202602,1
2852,00-0035657,Damien Harris,RB,NE,2020,1,3,3,3,true,Unlabeled (IR),false,202001,202003,1
2853,00-0035657,Damien Harris,RB,NE,2020,17,17,1,1,true,Ankle,true,202017,202017,1
2854,00-0035657,Damien Harris,RB,NE,2022,13,13,1,0,false,Thigh,false,202213,202213,1
2855,00-0035657,Damien Harris,RB,BUF,2023,7,18,11,11,true,Neck,true,202307,202318,1
2856,00-0035658,Taj McGowan,RB,JAX,2019,1,17,16,16,true,Unlabeled (IR),true,201901,201917,1
2857,00-0035659,Terry McLaurin,WR,WAS,2019,17,17,1,0,false,Concussion,true,201917,201917,1
2858,00-0035659,Terry McLaurin,WR,WAS,2025,4,7,4,0,false,Quadricep,false,202504,202507,1
2859,00-0035659,Terry McLaurin,WR,WAS,2025,9,11,3,0,false,Quadricep,false,202509,202511,1
2860,00-0035660,Kahale Warring,TE,HOU,2019,1,11,25,25,true,Unlabeled (IR),false,201901,202011,2
2861,00-0035662,Marquise Brown,WR,ARI,2022,7,11,5,5,true,Foot,false,202207,202211,1
2862,00-0035662,Marquise Brown,WR,ARI,2023,16,15,17,15,false,Heel,false,202316,202415,2
2863,00-0035662,Marquise Brown,WR,KC,2025,15,15,1,0,false,Not injury related - personal matter,false,202515,202515,1
2864,00-0035664,Darrell Henderson,RB,LA,2019,17,17,1,1,true,Ankle,true,201917,201917,1
2865,00-0035664,Darrell Henderson,RB,LA,2020,17,17,1,1,true,Unlabeled (IR),true,202017,202017,1
2866,00-0035664,Darrell Henderson,RB,LA,2021,14,14,1,1,true,Thigh,false,202114,202114,1
2867,00-0035664,Darrell Henderson,RB,LA,2021,17,18,2,2,true,Unlabeled (IR),true,202117,202118,1
2868,00-0035671,Jace Sternberger,TE,GB,2019,1,8,8,8,true,Ankle,false,201901,201908,1
2869,00-0035671,Jace Sternberger,TE,GB,2020,14,2,5,2,false,Concussion,false,202014,202102,2
2870,00-0035676,A.J. Brown,WR,TEN,2020,2,3,2,0,false,Knee,false,202002,202003,1
2871,00-0035676,A.J. Brown,WR,TEN,2021,4,4,1,0,false,Hamstring,false,202104,202104,1
2872,00-0035676,A.J. Brown,WR,TEN,2021,12,15,3,3,true,Chest,false,202112,202115,1
2873,00-0035676,A.J. Brown,WR,PHI,2024,3,3,1,0,false,Hamstring,false,202403,202403,1
2874,00-0035676,A.J. Brown,WR,PHI,2025,8,8,1,0,false,Hamstring,false,202508,202508,1
2875,00-0035676,A.J. Brown,WR,NE,2026,2,2,1,1,true,Unlabeled (IR),false,202602,202602,1
2876,00-0035685,David Montgomery,RB,CHI,2020,10,10,1,0,false,Concussion,false,202010,202010,1
2877,00-0035685,David Montgomery,RB,CHI,2021,5,8,4,4,true,Knee,false,202105,202108,1
2878,00-0035685,David Montgomery,RB,CHI,2022,4,4,1,0,false,Ankle,false,202204,202204,1
2879,00-0035685,David Montgomery,RB,DET,2023,7,8,2,0,false,Ribs,false,202307,202308,1
2880,00-0035685,David Montgomery,RB,DET,2024,16,18,3,0,false,Knee,true,202416,202418,1
2881,00-0035689,Dawson Knox,TE,BUF,2020,3,3,1,0,false,Concussion,false,202003,202003,1
2882,00-0035689,Dawson Knox,TE,BUF,2020,6,8,3,1,false,Calf,false,202006,202008,1
2883,00-0035689,Dawson Knox,TE,BUF,2021,8,9,2,0,false,Hand,false,202108,202109,1
2884,00-0035689,Dawson Knox,TE,BUF,2022,5,5,1,0,false,Foot,false,202205,202205,1
2885,00-0035689,Dawson Knox,TE,BUF,2023,8,12,5,5,true,Wrist,false,202308,202312,1
2886,00-0035700,Josh Jacobs,RB,OAK,2019,16,17,2,0,false,Shoulder,true,201916,201917,1
2887,00-0035700,Josh Jacobs,RB,LV,2020,13,13,1,0,false,Ankle,false,202013,202013,1
2888,00-0035700,Josh Jacobs,RB,LV,2021,2,2,1,0,false,Toe,false,202102,202102,1
2889,00-0035700,Josh Jacobs,RB,LV,2023,18,18,1,0,false,Quadricep,true,202318,202318,1
2890,00-0035701,Marcus Simms,WR,JAX,2019,1,8,18,18,true,Unlabeled (IR),false,201901,202408,2
2891,00-0035703,Miles Boykin,WR,BAL,2021,1,4,4,4,true,Unlabeled (IR),false,202101,202104,1
2892,00-0035703,Miles Boykin,WR,BAL,2021,11,12,2,0,false,Finger,false,202111,202112,1
2893,00-0035704,Drew Lock,QB,DEN,2019,1,12,11,11,true,Unlabeled (IR),false,201901,201912,1
2894,00-0035704,Drew Lock,QB,DEN,2020,3,4,2,0,false,right Shoulder,false,202003,202004,1
2895,00-0035704,Drew Lock,QB,DEN,2021,10,10,1,1,true,Unlabeled (IR),false,202110,202110,1
2896,00-0035710,Daniel Jones,QB,NYG,2019,14,15,2,0,false,Ankle,false,201914,201915,1
2897,00-0035710,Daniel Jones,QB,NYG,2021,13,18,6,3,false,Neck,true,202113,202118,1
2898,00-0035710,Daniel Jones,QB,NYG,2023,6,8,2,0,false,Neck,false,202306,202308,2
2899,00-0035710,Daniel Jones,QB,NYG,2023,10,18,8,8,true,Neck,true,202310,202318,1
2900,00-0035710,Daniel Jones,QB,IND,2025,15,18,4,4,true,Fibula,true,202515,202518,1
2901,00-0035719,Deebo Samuel Sr.,WR,SF,2019,7,7,1,0,false,Groin,false,201907,201907,1
2902,00-0035719,Deebo Samuel Sr.,WR,SF,2020,1,3,3,3,true,Foot,false,202001,202003,1
2903,00-0035719,Deebo Samuel Sr.,WR,SF,2020,8,10,3,1,false,Hamstring,false,202008,202010,1
2904,00-0035719,Deebo Samuel Sr.,WR,SF,2020,15,17,3,0,false,Hamstring,true,202015,202017,1
2905,00-0035719,Deebo Samuel Sr.,WR,SF,2021,13,13,1,0,false,Groin,false,202113,202113,1
2906,00-0035719,Deebo Samuel Sr.,WR,SF,2022,8,8,1,0,false,Hamstring,false,202208,202208,1
2907,00-0035719,Deebo Samuel Sr.,WR,SF,2022,15,17,3,0,false,Ankle,false,202215,202217,1
2908,00-0035719,Deebo Samuel Sr.,WR,SF,2023,7,8,2,0,false,Shoulder,false,202307,202308,1
2909,00-0035719,Deebo Samuel Sr.,WR,SF,2024,3,3,1,0,false,Calf,false,202403,202403,1
2910,00-0035719,Deebo Samuel Sr.,WR,SF,2024,18,18,1,0,false,Ribs,true,202418,202418,1
2911,00-0035719,Deebo Samuel Sr.,WR,WAS,2025,7,7,1,0,false,Heel,false,202507,202507,1
2912,00-0035726,Jakob Johnson,RB,NE,2019,7,17,10,10,true,Unlabeled (IR),true,201907,201917,1
2913,00-0035726,Jakob Johnson,RB,LV,2023,9,9,1,0,false,Concussion,false,202309,202309,1
2914,00-0035726,Jakob Johnson,RB,HOU,2025,4,10,6,6,true,Hamstring,false,202504,202510,1
2915,00-0035756,Darion Clark,TE,CHI,2020,1,17,16,16,true,Unlabeled (IR),true,202001,202017,1
2916,00-0035771,Mitchell Wilcox,TE,CIN,2021,11,11,1,1,true,Unlabeled (IR),false,202111,202111,1
2917,00-0035806,JaMycal Hasty,RB,SF,2020,12,17,6,6,true,Unlabeled (IR),true,202012,202017,1
2918,00-0035806,JaMycal Hasty,RB,SF,2021,3,5,3,3,true,Ankle,false,202103,202105,1
2919,00-0035806,JaMycal Hasty,RB,SF,2021,10,12,3,0,false,Ankle,false,202110,202112,1
2920,00-0035806,JaMycal Hasty,RB,NE,2024,16,16,1,0,false,Ankle,false,202416,202416,1
2921,00-0035823,Ben Ellefson,TE,JAX,2020,13,17,5,5,true,Knee,true,202013,202017,1
2922,00-0035823,Ben Ellefson,TE,MIN,2021,6,17,11,10,false,Knee,false,202106,202117,1
2923,00-0035823,Ben Ellefson,TE,MIN,2022,5,18,13,12,true,Groin,true,202205,202218,1
2924,00-0035831,James Robinson,RB,JAX,2020,17,17,1,0,false,Ankle,true,202017,202017,1
2925,00-0035831,James Robinson,RB,JAX,2021,17,18,2,2,true,Knee,true,202117,202118,1
2926,00-0035860,Tony Jones,RB,NO,2021,5,10,5,5,true,Unlabeled (IR),false,202105,202110,1
2927,00-0035864,Kendall Hinton,WR,DEN,2022,15,16,2,0,false,Hamstring,false,202215,202216,1
2928,00-0035864,Kendall Hinton,WR,DEN,2022,18,18,1,0,false,Chest,true,202218,202218,1
2929,00-0035876,Andre Baccellia,WR,ARI,2025,16,18,3,3,true,Unlabeled (IR),true,202516,202518,1
2930,00-0035891,Cody White,WR,SEA,2025,18,18,1,1,true,Abdomen,true,202518,202518,1
2931,00-0035912,LeVante Bellamy,RB,DEN,2020,6,11,6,6,true,Unlabeled (IR),false,202006,202011,1
2932,00-0035912,LeVante Bellamy,RB,DEN,2021,1,13,12,12,true,Unlabeled (IR),false,202101,202113,1
2933,00-0035914,Ryan Becker,TE,ATL,2021,1,9,8,8,true,Unlabeled (IR),false,202101,202109,1
2934,00-0035924,Jonathan Ward,RB,ARI,2021,9,13,4,1,false,Concussion,false,202109,202113,1
2935,00-0035924,Jonathan Ward,RB,ARI,2022,6,11,6,6,true,Unlabeled (IR),false,202206,202211,1
2936,00-0035934,Trishton Jackson,WR,ARI,2025,1,3,3,3,true,Unlabeled (IR),false,202501,202503,1
2937,00-0035935,J.J. Koski,WR,LA,2022,1,18,17,17,true,Unlabeled (IR),true,202201,202218,1
2938,00-0035947,Omar Bayless,WR,CAR,2020,1,17,16,16,true,Unlabeled (IR),true,202001,202017,1
2939,00-0035956,Giovanni Ricci,TE,CAR,2021,7,7,1,0,false,Concussion,false,202107,202107,1
2940,00-0035956,Giovanni Ricci,TE,CAR,2023,6,18,12,11,false,Shoulder,true,202306,202318,1
2941,00-0035973,Patrick Taylor,RB,GB,2020,8,17,10,10,true,Unlabeled (IR),true,202008,202017,1
2942,00-0035973,Patrick Taylor,RB,SF,2025,1,18,17,17,true,Unlabeled (IR),true,202501,202518,1
2943,00-0035976,Dan Chisena,WR,MIN,2020,8,4,5,4,false,Hip,false,202008,202104,2
2944,00-0035976,Dan Chisena,WR,MIN,2021,15,15,1,1,true,Unlabeled (IR),false,202115,202115,1
2945,00-0035978,Quartney Davis,WR,IND,2021,1,18,17,17,true,Unlabeled (IR),true,202101,202118,1
2946,00-0035991,Rysen John,TE,NYG,2020,1,18,18,18,true,Unlabeled (IR),true,202001,202118,2
2947,00-0035993,Tyler Huntley,QB,BAL,2021,16,16,1,1,true,Illness,false,202116,202116,1
2948,00-0035993,Tyler Huntley,QB,MIA,2024,8,12,5,5,true,Right Shoulder,false,202408,202412,1
2949,00-0036000,Adrian Killins,RB,DEN,2021,1,18,17,17,true,Unlabeled (IR),true,202101,202118,1
2950,00-0036005,Noah Togiai,TE,IND,2020,13,16,4,4,true,Knee,false,202013,202016,1
2951,00-0036008,Hunter Bryant,TE,DET,2020,1,12,10,7,false,Hamstring,false,202001,202012,2
2952,00-0036008,Hunter Bryant,TE,DET,2021,1,18,17,17,true,Unlabeled (IR),true,202101,202118,1
2953,00-0036020,Salvon Ahmed,RB,MIA,2020,12,14,2,0,false,Shoulder,false,202012,202014,2
2954,00-0036020,Salvon Ahmed,RB,MIA,2023,12,18,24,24,true,Rib,true,202312,202518,2
2955,00-0036023,Thaddeus Moss,TE,WAS,2020,5,17,12,12,true,Unlabeled (IR),true,202005,202017,1
2956,00-0036027,Darius Anderson,RB,HOU,2022,1,18,17,17,true,Unlabeled (IR),true,202201,202218,1
2957,00-0036032,Sean McKeon,TE,DAL,2021,1,8,7,7,true,Unlabeled (IR),false,202101,202108,1
2958,00-0036032,Sean McKeon,TE,DAL,2023,14,18,5,5,true,Unlabeled (IR),true,202314,202318,1
2959,00-0036033,Sewo Olonilua,RB,DAL,2021,1,18,17,17,true,Unlabeled (IR),true,202101,202118,1
2960,00-0036040,Juwan Johnson,TE,NO,2021,16,16,1,1,true,Unlabeled (IR),false,202116,202116,1
2961,00-0036040,Juwan Johnson,TE,NO,2022,13,13,1,0,false,Ankle,false,202213,202213,1
2962,00-0036040,Juwan Johnson,TE,NO,2023,5,7,3,0,false,Calf,false,202305,202307,1
2963,00-0036054,Patrick Carr,RB,SEA,2020,1,17,16,16,true,Unlabeled (IR),true,202001,202017,1
2964,00-0036069,Scottie Phillips,RB,HOU,2021,4,4,1,0,false,Illness,false,202104,202104,1
2965,00-0036069,Scottie Phillips,RB,HOU,2021,11,1,9,9,true,Unlabeled (IR),false,202111,202201,2
2966,00-0036078,Xavier Jones,RB,LA,2021,1,1,18,18,true,Unlabeled (IR),false,202101,202201,2
2967,00-0036083,Nick Bowers,TE,LV,2021,7,14,7,7,true,Neck,false,202107,202114,1
2968,00-0036086,Rashod Berry,TE,DET,2021,17,17,1,0,false,Illness,false,202117,202117,1
2969,00-0036096,J.J. Taylor,RB,NE,2020,9,11,2,0,false,Illness,false,202009,202011,2
2970,00-0036096,J.J. Taylor,RB,NE,2021,13,15,2,2,true,Unlabeled (IR),false,202113,202115,1
2971,00-0036100,Isaiah Zuber,WR,LV,2023,1,1,1,1,true,Unlabeled (IR),false,202301,202301,1
2972,00-0036104,John Hurst,WR,TB,2020,1,5,5,5,true,Unlabeled (IR),false,202001,202005,1
2973,00-0036125,Jaylon Moore,WR,JAX,2023,1,18,17,17,true,Unlabeled (IR),true,202301,202318,1
2974,00-0036129,Eli Wolf,TE,WAS,2022,1,18,17,17,true,Unlabeled (IR),true,202201,202218,1
2975,00-0036136,Stephen Guidry,WR,DAL,2020,8,17,9,9,true,Unlabeled (IR),true,202008,202017,1
2976,00-0036139,Rico Dowdle,RB,DAL,2021,1,18,17,17,true,Unlabeled (IR),true,202101,202118,1
2977,00-0036139,Rico Dowdle,RB,DAL,2022,6,18,12,12,true,Ankle,true,202206,202218,1
2978,00-0036139,Rico Dowdle,RB,DAL,2023,17,17,1,0,false,Ankle,false,202317,202317,1
2979,00-0036140,Charlie Taumoepeau,TE,DET,2021,1,18,17,17,true,Unlabeled (IR),true,202101,202118,1
2980,00-0036142,Isaiah Wright,WR,WAS,2020,7,7,1,0,false,Shoulder,false,202007,202007,1
2981,00-0036145,Lawrence Cager,TE,NYG,2023,17,18,2,2,true,Groin,true,202317,202318,1
2982,00-0036154,Jacob Breeland,TE,BAL,2020,8,17,10,10,true,Unlabeled (IR),true,202008,202017,1
2983,00-0036158,J.K. Dobbins,RB,BAL,2020,12,12,1,1,true,Unlabeled (IR),false,202012,202012,1
2984,00-0036158,J.K. Dobbins,RB,BAL,2021,1,18,17,17,true,Unlabeled (IR),true,202101,202118,1
2985,00-0036158,J.K. Dobbins,RB,BAL,2022,7,13,6,6,true,Knee,false,202207,202213,1
2986,00-0036158,J.K. Dobbins,RB,BAL,2023,2,18,16,16,true,Unlabeled (IR),true,202302,202318,1
2987,00-0036158,J.K. Dobbins,RB,LAC,2024,13,16,4,4,true,Knee,false,202413,202416,1
2988,00-0036158,J.K. Dobbins,RB,DEN,2025,11,18,7,7,true,Foot,true,202511,202518,1
2989,00-0036165,Isaiah Hodgins,WR,BUF,2020,1,17,16,16,true,Unlabeled (IR),true,202001,202017,1
2990,00-0036173,Tommy Hudson,TE,TEN,2021,5,10,6,6,true,Ankle,false,202105,202110,1
2991,00-0036173,Tommy Hudson,TE,TEN,2021,14,4,9,9,true,Ankle,false,202114,202204,2
2992,00-0036182,Nick Westbrook-Ikhine,WR,TEN,2023,16,18,3,3,true,Hand,true,202316,202318,1
2993,00-0036183,Kristian Wilkerson,WR,NE,2022,1,18,17,17,true,Unlabeled (IR),true,202201,202218,1
2994,00-0036187,Reggie Gilliam,RB,BUF,2020,16,17,2,0,false,Knee,true,202016,202017,1
2995,00-0036187,Reggie Gilliam,RB,BUF,2022,14,14,1,0,false,Ankle,false,202214,202214,1
2996,00-0036187,Reggie Gilliam,RB,BUF,2024,9,9,1,0,false,Hip,false,202409,202409,1
2997,00-0036194,Devin Asiasi,TE,NE,2020,9,13,5,5,true,Unlabeled (IR),false,202009,202013,1
2998,00-0036194,Devin Asiasi,TE,CIN,2022,1,1,1,0,false,Quadricep,false,202201,202201,1
2999,00-0036196,Gabe Davis,WR,BUF,2021,16,16,1,1,true,Unlabeled (IR),false,202116,202116,1
3000,00-0036196,Gabe Davis,WR,JAX,2024,13,18,6,6,true,Unlabeled (IR),true,202413,202418,1
3001,00-0036212,Tua Tagovailoa,QB,MIA,2021,3,5,3,3,true,Ribs,false,202103,202105,1
3002,00-0036212,Tua Tagovailoa,QB,MIA,2022,5,6,2,0,false,Concussion,false,202205,202206,1
3003,00-0036212,Tua Tagovailoa,QB,MIA,2022,17,18,2,0,false,Concussion,true,202217,202218,1
3004,00-0036212,Tua Tagovailoa,QB,MIA,2024,3,7,4,4,true,Unlabeled (IR),false,202403,202407,1
3005,00-0036212,Tua Tagovailoa,QB,ATL,2026,1,1,1,0,false,Oblique,false,202601,202601,1
3006,00-0036219,Marquez Callaway,WR,NO,2020,8,8,1,0,false,Ankle,false,202008,202008,1
3007,00-0036219,Marquez Callaway,WR,NO,2020,13,15,3,3,true,Knee,false,202013,202015,1
3008,00-0036223,Jonathan Taylor,RB,IND,2020,12,12,1,1,true,Not Injury Related,false,202012,202012,1
3009,00-0036223,Jonathan Taylor,RB,IND,2022,5,5,1,0,false,Ankle,false,202205,202205,1
3010,00-0036223,Jonathan Taylor,RB,IND,2022,9,9,1,0,false,Ankle,false,202209,202209,1
3011,00-0036223,Jonathan Taylor,RB,IND,2022,16,4,7,7,true,Unlabeled (IR),false,202216,202304,2
3012,00-0036223,Jonathan Taylor,RB,IND,2023,13,15,3,0,false,Thumb,false,202313,202315,1
3013,00-0036223,Jonathan Taylor,RB,IND,2024,5,7,3,0,false,Ankle,false,202405,202407,1
3014,00-0036225,Dalton Keene,TE,NE,2020,10,12,3,3,true,Knee,false,202010,202012,1
3015,00-0036225,Dalton Keene,TE,NE,2021,1,18,17,17,true,Unlabeled (IR),true,202101,202118,1
3016,00-0036225,Dalton Keene,TE,HOU,2024,1,18,17,17,true,Unlabeled (IR),true,202401,202418,1
3017,00-0036228,Dezmon Patmon,WR,IND,2021,1,8,8,8,true,Unlabeled (IR),false,202101,202108,1
3018,00-0036232,Harrison Bryant,TE,CLE,2020,17,17,1,1,true,Unlabeled (IR),true,202017,202017,1
3019,00-0036232,Harrison Bryant,TE,CLE,2021,14,14,1,0,false,Ankle,false,202114,202114,1
3020,00-0036232,Harrison Bryant,TE,LV,2024,11,11,1,0,false,Ankle,false,202411,202411,1
3021,00-0036232,Harrison Bryant,TE,HOU,2025,11,14,4,4,true,Neck,false,202511,202514,1
3022,00-0036233,Donovan Peoples-Jones,WR,CLE,2021,8,8,1,0,false,Groin,false,202108,202108,1
3023,00-0036244,Colby Parkinson,TE,SEA,2021,1,3,3,3,true,Unlabeled (IR),false,202101,202103,1
3024,00-0036245,Malcolm Perry,RB,NE,2021,1,11,11,11,true,Foot,false,202101,202111,1
3025,00-0036250,Tyler Davis,TE,JAX,2020,1,2,2,0,false,Knee,false,202001,202002,1
3026,00-0036250,Tyler Davis,TE,GB,2023,1,18,34,34,true,Unlabeled (IR),true,202301,202418,2
3027,00-0036251,Zack Moss,RB,BUF,2020,3,3,1,0,false,Toe,false,202003,202003,1
3028,00-0036251,Zack Moss,RB,IND,2023,17,17,1,0,false,Forearm,false,202317,202317,1
3029,00-0036251,Zack Moss,RB,CIN,2024,10,18,8,8,true,Neck,true,202410,202418,1
3030,00-0036252,Michael Pittman,WR,IND,2020,4,6,3,3,true,Calf,false,202004,202006,1
3031,00-0036252,Michael Pittman,WR,IND,2024,10,10,1,0,false,Back,false,202410,202410,1
3032,00-0036254,Collin Johnson,WR,JAX,2020,16,17,2,1,false,Hamstring,true,202016,202017,1
3033,00-0036254,Collin Johnson,WR,NYG,2021,16,17,2,0,false,Hamstring,false,202116,202117,1
3034,00-0036254,Collin Johnson,WR,NYG,2022,1,18,17,17,true,Unlabeled (IR),true,202201,202218,1
3035,00-0036255,Denzel Mims,WR,NYJ,2020,1,5,5,4,false,Hamstrings,false,202001,202005,1
3036,00-0036255,Denzel Mims,WR,NYJ,2020,14,14,1,0,false,Not Injury Related,false,202014,202014,1
3037,00-0036255,Denzel Mims,WR,NYJ,2021,10,12,3,3,true,Unlabeled (IR),false,202110,202112,1
3038,00-0036255,Denzel Mims,WR,NYJ,2022,16,16,1,0,false,Concussion,false,202216,202216,1
3039,00-0036259,Jauan Jennings,WR,SF,2023,16,17,2,0,false,Concussion,false,202316,202317,1
3040,00-0036259,Jauan Jennings,WR,SF,2024,7,8,2,0,false,Hip,false,202407,202408,1
3041,00-0036259,Jauan Jennings,WR,SF,2025,5,5,1,0,false,Ankle,false,202505,202505,1
3042,00-0036259,Jauan Jennings,WR,MIN,2026,2,2,1,0,false,Not injury related - personal matter,false,202602,202602,1
3043,00-0036261,Brandon Aiyuk,WR,SF,2020,9,9,1,1,true,Not Injury Related,false,202009,202009,1
3044,00-0036261,Brandon Aiyuk,WR,SF,2020,12,12,1,1,true,Unlabeled (IR),false,202012,202012,1
3045,00-0036261,Brandon Aiyuk,WR,SF,2020,17,17,1,0,false,Ankle,true,202017,202017,1
3046,00-0036261,Brandon Aiyuk,WR,SF,2024,8,18,27,27,true,Unlabeled (IR),true,202408,202518,2
3047,00-0036264,Jordan Love,QB,GB,2021,14,14,1,1,true,Unlabeled (IR),false,202114,202114,1
3048,00-0036264,Jordan Love,QB,GB,2025,17,17,1,0,false,Shoulder,false,202517,202517,1
3049,00-0036265,AJ Dillon,RB,GB,2020,9,13,5,5,true,Unlabeled (IR),false,202009,202013,1
3050,00-0036265,AJ Dillon,RB,GB,2023,18,18,18,17,false,Thumb,true,202318,202418,2
3051,00-0036268,Laviska Shenault Jr.,WR,JAX,2020,10,11,2,0,false,Hamstring,false,202010,202011,1
3052,00-0036268,Laviska Shenault Jr.,WR,JAX,2021,16,16,1,1,true,Shoulder,false,202116,202116,1
3053,00-0036268,Laviska Shenault Jr.,WR,CAR,2022,5,6,2,0,false,Hamstring,false,202205,202206,1
3054,00-0036268,Laviska Shenault Jr.,WR,CAR,2023,8,10,3,0,false,Ankle,false,202308,202310,1
3055,00-0036268,Laviska Shenault Jr.,WR,CAR,2023,13,18,6,6,true,Ankle,true,202313,202318,1
3056,00-0036269,La'Mical Perine,RB,NYJ,2020,1,1,1,0,false,Ankle,false,202001,202001,1
3057,00-0036269,La'Mical Perine,RB,NYJ,2020,12,15,4,4,true,Unlabeled (IR),false,202012,202015,1
3058,00-0036269,La'Mical Perine,RB,NYJ,2020,17,17,1,1,true,Unlabeled (IR),true,202017,202017,1
3059,00-0036271,Quez Watkins,WR,PHI,2020,1,3,3,3,true,Unlabeled (IR),false,202001,202003,1
3060,00-0036271,Quez Watkins,WR,PHI,2020,13,13,1,0,false,Illness,false,202013,202013,1
3061,00-0036271,Quez Watkins,WR,PHI,2023,3,4,2,0,false,Hamstring,false,202303,202304,1
3062,00-0036271,Quez Watkins,WR,PHI,2023,6,11,5,5,true,Hamstring,false,202306,202311,1
3063,00-0036275,D'Andre Swift,RB,DET,2020,11,11,1,0,false,Concussion,false,202011,202011,1
3064,00-0036275,D'Andre Swift,RB,DET,2021,13,15,3,0,false,Shoulder,false,202113,202115,1
3065,00-0036275,D'Andre Swift,RB,DET,2022,4,5,2,0,false,Shoulder,false,202204,202205,1
3066,00-0036275,D'Andre Swift,RB,CHI,2025,9,9,1,0,false,Groin,false,202509,202509,1
3067,00-0036277,Quintez Cephus,WR,DET,2021,6,18,12,12,true,Unlabeled (IR),true,202106,202118,1
3068,00-0036277,Quintez Cephus,WR,DET,2022,5,18,13,13,true,Foot,true,202205,202218,1
3069,00-0036278,Jason Huntley,RB,PHI,2020,15,15,1,0,false,Illness,false,202015,202015,1
3070,00-0036279,Nate Stanley,QB,MIN,2021,1,18,17,17,true,Unlabeled (IR),true,202101,202118,1
3071,00-0036290,Cole Kmet,TE,CHI,2025,8,8,1,0,false,Back,false,202508,202508,1
3072,00-0036297,Darrynton Evans,RB,TEN,2020,1,2,2,0,false,Hamstring,false,202001,202002,1
3073,00-0036297,Darrynton Evans,RB,TEN,2020,6,13,8,8,true,Hamstring,false,202006,202013,1
3074,00-0036297,Darrynton Evans,RB,TEN,2021,1,6,6,6,true,Unlabeled (IR),false,202101,202106,1
3075,00-0036297,Darrynton Evans,RB,TEN,2021,8,18,10,10,true,Knee,true,202108,202118,1
3076,00-0036297,Darrynton Evans,RB,BUF,2024,1,8,8,8,true,Hamstring,false,202401,202408,1
3077,00-0036308,Isaiah Coulter,WR,HOU,2020,1,4,4,4,true,Unlabeled (IR),false,202001,202004,1
3078,00-0036309,Darnell Mooney,WR,CHI,2022,13,18,5,5,true,Unlabeled (IR),true,202213,202218,1
3079,00-0036309,Darnell Mooney,WR,CHI,2023,17,18,2,0,false,Concussion,true,202317,202318,1
3080,00-0036309,Darnell Mooney,WR,ATL,2025,6,6,1,0,false,Hamstring,false,202506,202506,1
3081,00-0036322,Justin Jefferson,WR,MIN,2023,6,12,7,7,true,Hamstring,false,202306,202312,1
3082,00-0036326,Chase Claypool,WR,PIT,2021,10,10,1,0,false,Toe,false,202110,202110,1
3083,00-0036326,Chase Claypool,WR,CHI,2022,15,15,1,0,false,Knee,false,202215,202215,1
3084,00-0036326,Chase Claypool,WR,CHI,2023,5,5,1,0,false,not injury related - team decision,false,202305,202305,1
3085,00-0036326,Chase Claypool,WR,MIA,2023,11,11,1,0,false,Knee,false,202311,202311,1
3086,00-0036328,Antonio Gibson,RB,WAS,2020,14,14,1,0,false,Toe,false,202014,202014,1
3087,00-0036328,Antonio Gibson,RB,WAS,2021,17,17,1,1,true,Toe,false,202117,202117,1
3088,00-0036328,Antonio Gibson,RB,WAS,2022,17,18,2,1,false,Knee,true,202217,202218,1
3089,00-0036328,Antonio Gibson,RB,NE,2025,6,18,12,12,true,Knee,true,202506,202518,1
3090,00-0036331,Devin Duvernay,WR,BAL,2022,16,18,3,3,true,Foot,true,202216,202218,1
3091,00-0036331,Devin Duvernay,WR,BAL,2023,15,18,4,4,true,Unlabeled (IR),true,202315,202318,1
3092,00-0036331,Devin Duvernay,WR,JAX,2024,6,9,4,4,true,Unlabeled (IR),false,202406,202409,1
3093,00-0036332,Josiah Deguara,TE,GB,2020,6,17,12,12,true,Unlabeled (IR),true,202006,202017,1
3094,00-0036336,Anthony McFarland,RB,PIT,2021,1,6,6,6,true,Unlabeled (IR),false,202101,202106,1
3095,00-0036336,Anthony McFarland,RB,PIT,2021,16,17,2,2,true,Unlabeled (IR),false,202116,202117,1
3096,00-0036336,Anthony McFarland,RB,PIT,2023,2,9,7,7,true,Knee,false,202302,202309,1
3097,00-0036340,Antonio Gandy-Golden,WR,WAS,2020,7,15,8,8,true,Hamstring,false,202007,202015,1
3098,00-0036345,K.J. Osborn,WR,MIN,2020,5,6,2,0,false,Hamstring,false,202005,202006,1
3099,00-0036355,Justin Herbert,QB,LAC,2023,15,18,4,4,true,right Finger,true,202315,202318,1
3100,00-0036357,Henry Ruggs,WR,LV,2020,3,3,1,0,false,Knee,false,202003,202003,1
3101,00-0036357,Henry Ruggs,WR,LV,2020,15,15,1,1,true,Unlabeled (IR),false,202015,202015,1
3102,00-0036358,CeeDee Lamb,WR,DAL,2024,17,18,2,2,true,Shoulder,true,202417,202418,1
3103,00-0036358,CeeDee Lamb,WR,DAL,2025,4,6,3,0,false,Ankle,false,202504,202506,1
3104,00-0036360,Clyde Edwards-Helaire,RB,KC,2020,16,17,2,0,false,Ankle,true,202016,202017,1
3105,00-0036360,Clyde Edwards-Helaire,RB,KC,2021,6,10,5,5,true,Unlabeled (IR),false,202106,202110,1
3106,00-0036360,Clyde Edwards-Helaire,RB,KC,2021,18,18,1,0,false,Shoulder,true,202118,202118,1
3107,00-0036360,Clyde Edwards-Helaire,RB,KC,2022,12,18,7,7,true,Unlabeled (IR),true,202212,202218,1
3108,00-0036360,Clyde Edwards-Helaire,RB,KC,2023,9,9,1,0,false,Illness,false,202309,202309,1
3109,00-0036360,Clyde Edwards-Helaire,RB,KC,2024,1,5,5,5,true,Illness,false,202401,202405,1
3110,00-0036364,Lynn Bowden,WR,MIA,2020,9,9,1,1,true,Not Injury Related,false,202009,202009,1
3111,00-0036364,Lynn Bowden,WR,MIA,2021,1,18,17,17,true,Unlabeled (IR),true,202101,202118,1
3112,00-0036365,Bryan Edwards,WR,LV,2020,4,7,3,0,false,Foot,false,202004,202007,1
3113,00-0036365,Bryan Edwards,WR,LV,2021,16,16,1,1,true,Unlabeled (IR),false,202116,202116,1
3114,00-0036370,Joshua Kelley,RB,LAC,2022,7,11,4,4,true,Knee,false,202207,202211,1
3115,00-0036377,Joe Reed,WR,CHI,2023,1,18,17,17,true,Unlabeled (IR),true,202301,202318,1
3116,00-0036383,Eno Benjamin,RB,ARI,2021,4,4,1,0,false,Hamstring,false,202104,202104,1
3117,00-0036383,Eno Benjamin,RB,NO,2023,1,18,17,17,true,Unlabeled (IR),true,202301,202318,1
3118,00-0036387,Jalen Reagor,WR,PHI,2020,3,7,5,4,false,Thumb,false,202003,202007,1
3119,00-0036387,Jalen Reagor,WR,LAC,2024,15,18,4,4,true,Finger,true,202415,202418,1
3120,00-0036389,Jalen Hurts,QB,PHI,2022,16,16,1,0,false,right Shoulder,false,202216,202216,1
3121,00-0036389,Jalen Hurts,QB,PHI,2024,17,18,2,0,false,Concussion,true,202417,202418,1
3122,00-0036407,Jerry Jeudy,WR,DEN,2021,2,7,6,6,true,Unlabeled (IR),false,202102,202107,1
3123,00-0036407,Jerry Jeudy,WR,DEN,2021,17,17,1,1,true,Unlabeled (IR),false,202117,202117,1
3124,00-0036407,Jerry Jeudy,WR,DEN,2022,11,12,2,0,false,Ankle,false,202211,202212,1
3125,00-0036410,Tee Higgins,WR,CIN,2021,4,4,1,0,false,Shoulder,false,202104,202104,1
3126,00-0036410,Tee Higgins,WR,CIN,2023,10,12,3,0,false,Hamstring,false,202310,202312,1
3127,00-0036410,Tee Higgins,WR,CIN,2025,13,13,1,0,false,Concussion,false,202513,202513,1
3128,00-0036410,Tee Higgins,WR,CIN,2025,15,15,1,0,false,Concussion,false,202515,202515,1
3129,00-0036412,KJ Hamler,WR,DEN,2020,6,6,1,0,false,Hamstring,false,202006,202006,1
3130,00-0036412,KJ Hamler,WR,DEN,2020,17,17,1,1,true,Concussion,true,202017,202017,1
3131,00-0036412,KJ Hamler,WR,DEN,2021,4,18,14,14,true,Unlabeled (IR),true,202104,202118,1
3132,00-0036412,KJ Hamler,WR,DEN,2022,2,2,1,0,false,Knee,false,202202,202202,1
3133,00-0036412,KJ Hamler,WR,DEN,2022,10,18,9,6,false,Hamstring,true,202210,202218,1
3134,00-0036414,Cam Akers,RB,LA,2020,3,4,2,0,false,Ribs,false,202003,202004,1
3135,00-0036414,Cam Akers,RB,LA,2020,16,16,1,0,false,Ankle,false,202016,202016,1
3136,00-0036414,Cam Akers,RB,LA,2021,1,15,14,14,true,Unlabeled (IR),false,202101,202115,1
3137,00-0036414,Cam Akers,RB,LA,2022,6,8,2,0,false,Not injury related - personal matter,false,202206,202208,1
3138,00-0036414,Cam Akers,RB,MIN,2023,10,18,8,8,true,Unlabeled (IR),true,202310,202318,1
3139,00-0036415,Van Jefferson,WR,LA,2022,1,6,6,4,false,Knee,false,202201,202206,1
3140,00-0036415,Van Jefferson,WR,TEN,2025,18,18,1,1,true,Forearm,true,202518,202518,1
3141,00-0036422,Adam Trautman,TE,NO,2021,12,14,3,3,true,Knee,false,202112,202114,1
3142,00-0036422,Adam Trautman,TE,NO,2021,16,16,1,1,true,Unlabeled (IR),false,202116,202116,1
3143,00-0036422,Adam Trautman,TE,NO,2022,7,7,1,0,false,Ankle,false,202207,202207,1
3144,00-0036423,Albert Okwuegbunam,TE,DEN,2020,10,17,8,8,true,Unlabeled (IR),true,202010,202017,1
3145,00-0036423,Albert Okwuegbunam,TE,DEN,2021,5,7,3,3,true,Hamstring,false,202105,202107,1
3146,00-0036423,Albert Okwuegbunam,TE,PHI,2023,17,9,10,10,true,Hamstring,false,202317,202409,2
3147,00-0036424,Brycen Hopkins,TE,LA,2022,3,5,3,3,true,Unlabeled (IR),false,202203,202205,1
3148,00-0036425,DeeJay Dallas,RB,SEA,2020,16,17,2,0,false,Ankle,true,202016,202017,1
3149,00-0036429,Charlie Woerner,TE,SF,2020,15,16,2,2,true,Unlabeled (IR),false,202015,202016,1
3150,00-0036429,Charlie Woerner,TE,ATL,2024,11,11,1,0,false,Concussion,false,202411,202411,1
3151,00-0036435,Raymond Calais,RB,LA,2021,1,18,17,17,true,Unlabeled (IR),true,202101,202118,1
3152,00-0036438,Stephen Sullivan,TE,CAR,2022,5,5,1,0,false,Back,false,202205,202205,1
3153,00-0036438,Stephen Sullivan,TE,CAR,2023,1,5,5,5,true,Hip,false,202301,202305,1
3154,00-0036438,Stephen Sullivan,TE,CAR,2023,10,10,1,0,false,Shoulder,false,202310,202310,1
3155,00-0036439,Tyrie Cleveland,WR,DEN,2022,4,4,1,0,false,Hamstring,false,202204,202204,1
3156,00-0036439,Tyrie Cleveland,WR,DEN,2022,8,8,1,0,false,Groin,false,202208,202208,1
3157,00-0036442,Joe Burrow,QB,CIN,2020,12,17,6,6,true,Unlabeled (IR),true,202012,202017,1
3158,00-0036442,Joe Burrow,QB,CIN,2023,12,18,7,7,true,right Wrist,true,202312,202318,1
3159,00-0036442,Joe Burrow,QB,CIN,2025,3,12,9,9,true,Toe,false,202503,202512,1
3160,00-0036451,Connor Davis,TE,CLE,2021,1,5,5,5,true,Unlabeled (IR),false,202101,202105,1
3161,00-0036456,Dominique Dafney,TE,GB,2021,3,7,5,5,true,Hip,false,202103,202107,1
3162,00-0036456,Dominique Dafney,TE,GB,2021,15,15,1,0,false,Ankle,false,202115,202115,1
3163,00-0036456,Dominique Dafney,TE,TB,2023,1,1,1,1,true,Unlabeled (IR),false,202301,202301,1
3164,00-0036482,Mike Strachan,WR,IND,2022,15,15,1,0,false,Concussion,false,202215,202215,1
3165,00-0036493,Deon Jackson,RB,IND,2022,10,10,1,0,false,Knee,false,202210,202210,1
3166,00-0036493,Deon Jackson,RB,NYG,2023,10,10,1,0,false,Concussion,false,202310,202310,1
3167,00-0036510,Kenny Yeboah,TE,NYJ,2021,16,16,1,1,true,Unlabeled (IR),false,202116,202116,1
3168,00-0036510,Kenny Yeboah,TE,NYJ,2023,1,13,12,12,true,Hamstring,false,202301,202313,1
3169,00-0036510,Kenny Yeboah,TE,NYJ,2024,1,8,8,8,true,Abdomen,false,202401,202408,1
3170,00-0036510,Kenny Yeboah,TE,DET,2025,1,9,8,8,true,Unlabeled (IR),false,202501,202509,1
3171,00-0036519,Matt Bushman,TE,KC,2022,1,1,1,1,true,Unlabeled (IR),false,202201,202201,1
3172,00-0036527,DJ Turner,WR,LV,2022,2,5,4,4,true,Unlabeled (IR),false,202202,202205,1
3173,00-0036527,DJ Turner,WR,LV,2024,14,18,5,5,true,Unlabeled (IR),true,202414,202418,1
3174,00-0036534,Shane Zylstra,TE,DET,2023,1,18,17,17,true,Unlabeled (IR),true,202301,202318,1
3175,00-0036534,Shane Zylstra,TE,DET,2025,3,14,11,11,true,Knee,false,202503,202514,1
3176,00-0036536,Tre Nixon,WR,NE,2023,1,18,17,17,true,Unlabeled (IR),true,202301,202318,1
3177,00-0036540,Dylan Soehner,TE,NO,2021,1,13,30,30,true,Unlabeled (IR),false,202101,202213,2
3178,00-0036543,Spencer Brown,RB,CAR,2022,1,1,1,1,true,Unlabeled (IR),false,202201,202201,1
3179,00-0036550,Rashod Bateman,WR,BAL,2021,1,5,5,5,true,Unlabeled (IR),false,202101,202105,1
3180,00-0036550,Rashod Bateman,WR,BAL,2022,5,6,2,0,false,Foot,false,202205,202206,1
3181,00-0036550,Rashod Bateman,WR,BAL,2022,9,18,9,9,true,Foot,true,202209,202218,1
3182,00-0036550,Rashod Bateman,WR,BAL,2023,4,4,1,0,false,Hamstring,false,202304,202304,1
3183,00-0036550,Rashod Bateman,WR,BAL,2025,11,12,2,0,false,Ankle,false,202511,202512,1
3184,00-0036554,Nico Collins,WR,HOU,2021,3,5,3,3,true,Shoulder,false,202103,202105,1
3185,00-0036554,Nico Collins,WR,HOU,2022,9,9,1,0,false,Groin,false,202209,202209,1
3186,00-0036554,Nico Collins,WR,HOU,2022,14,18,5,3,false,Foot,true,202214,202218,1
3187,00-0036554,Nico Collins,WR,HOU,2023,10,10,1,0,false,Calf,false,202310,202310,1
3188,00-0036554,Nico Collins,WR,HOU,2024,6,9,4,4,true,Unlabeled (IR),false,202406,202409,1
3189,00-0036554,Nico Collins,WR,HOU,2025,8,8,1,0,false,Concussion,false,202508,202508,1
3190,00-0036554,Nico Collins,WR,HOU,2026,2,2,1,0,false,Hamstring,false,202602,202602,1
3191,00-0036555,Chuba Hubbard,RB,CAR,2022,8,9,2,0,false,Ankle,false,202208,202209,1
3192,00-0036555,Chuba Hubbard,RB,CAR,2024,17,18,2,2,true,Not injury related - resting player,true,202417,202418,1
3193,00-0036555,Chuba Hubbard,RB,CAR,2025,5,6,2,0,false,Calf,false,202505,202506,1
3194,00-0036556,Brevin Jordan,TE,HOU,2022,3,5,3,0,false,Ankle,false,202203,202205,1
3195,00-0036556,Brevin Jordan,TE,HOU,2023,8,10,3,0,false,Foot,false,202308,202310,1
3196,00-0036556,Brevin Jordan,TE,HOU,2024,3,18,32,32,true,Unlabeled (IR),true,202403,202518,2
3197,00-0036567,Elijah Mitchell,RB,SF,2021,14,16,3,0,false,Concussion,false,202114,202116,1
3198,00-0036567,Elijah Mitchell,RB,SF,2022,2,8,7,7,true,Unlabeled (IR),false,202202,202208,1
3199,00-0036567,Elijah Mitchell,RB,SF,2022,13,17,5,5,true,Knee,false,202213,202217,1
3200,00-0036567,Elijah Mitchell,RB,SF,2023,5,5,1,0,false,Knee,false,202305,202305,1
3201,00-0036567,Elijah Mitchell,RB,SF,2023,15,15,1,0,false,Knee,false,202315,202315,1
3202,00-0036567,Elijah Mitchell,RB,SF,2024,1,18,17,17,true,Unlabeled (IR),true,202401,202418,1
3203,00-0036569,Gary Brightwell,RB,NYG,2021,9,9,1,1,true,COVID Protocol,false,202109,202109,1
3204,00-0036569,Gary Brightwell,RB,NYG,2021,16,18,3,2,false,Neck,true,202116,202118,1
3205,00-0036569,Gary Brightwell,RB,NYG,2023,8,18,10,10,true,Hamstring,true,202308,202318,1
3206,00-0036571,Marquez Stevenson,WR,BUF,2021,1,11,10,10,true,Unlabeled (IR),false,202101,202111,1
3207,00-0036571,Marquez Stevenson,WR,BUF,2022,1,1,13,13,true,Unlabeled (IR),false,202201,202301,2
3208,00-0036572,Shi Smith,WR,CAR,2021,1,1,1,0,false,Shoulder,false,202101,202101,1
3209,00-0036572,Shi Smith,WR,CAR,2021,18,18,1,1,true,Illness,true,202118,202118,1
3210,00-0036590,Quintin Morris,TE,BUF,2023,7,8,2,0,false,Ankle,false,202307,202308,1
3211,00-0036590,Quintin Morris,TE,JAX,2025,7,9,2,0,false,Groin,false,202507,202509,1
3212,00-0036613,Jaylen Waddle,WR,MIA,2021,15,15,1,1,true,Unlabeled (IR),false,202115,202115,1
3213,00-0036613,Jaylen Waddle,WR,MIA,2023,17,17,1,0,false,Ankle,false,202317,202317,1
3214,00-0036620,Dee Eskridge,WR,SEA,2021,3,8,5,4,false,Concussion,false,202103,202108,2
3215,00-0036620,Dee Eskridge,WR,SEA,2022,12,7,13,13,true,Hand,false,202212,202307,2
3216,00-0036620,Dee Eskridge,WR,SEA,2023,16,18,3,2,false,Ribs,true,202316,202318,1
3217,00-0036620,Dee Eskridge,WR,MIA,2024,15,15,1,0,false,Knee,false,202415,202415,1
3218,00-0036620,Dee Eskridge,WR,MIA,2025,10,10,1,0,false,Shoulder,false,202510,202510,1
3219,00-0036620,Dee Eskridge,WR,MIA,2025,17,18,2,2,true,Toe,true,202517,202518,1
3220,00-0036626,Dyami Brown,WR,WAS,2021,5,5,1,0,false,Knee,false,202105,202105,1
3221,00-0036626,Dyami Brown,WR,WAS,2021,8,8,1,0,false,Knee,false,202108,202108,1
3222,00-0036626,Dyami Brown,WR,WAS,2022,7,7,1,0,false,Groin,false,202207,202207,1
3223,00-0036626,Dyami Brown,WR,WAS,2024,17,17,1,0,false,Hamstring,false,202417,202417,1
3224,00-0036627,Dez Fitzpatrick,WR,TEN,2021,15,16,2,2,true,Unlabeled (IR),false,202115,202116,1
3225,00-0036628,John Bates,TE,WAS,2025,3,4,2,0,false,Calf,false,202503,202504,1
3226,00-0036630,Tylan Wallace,WR,BAL,2022,13,17,5,5,true,Hamstring,false,202213,202217,1
3227,00-0036630,Tylan Wallace,WR,BAL,2023,4,7,4,4,true,Unlabeled (IR),false,202304,202307,1
3228,00-0036635,Ihmir Smith-Marsette,WR,MIN,2021,4,5,2,0,false,Toe,false,202104,202105,1
3229,00-0036637,Noah Gray,TE,KC,2025,13,13,1,0,false,Concussion,false,202513,202513,1
3230,00-0036640,Zach Davidson,TE,BUF,2023,1,18,17,17,true,Unlabeled (IR),true,202301,202318,1
3231,00-0036646,Simi Fehoko,WR,DAL,2021,16,16,1,1,true,Illness,false,202116,202116,1
3232,00-0036646,Simi Fehoko,WR,DAL,2022,6,18,12,12,true,Unlabeled (IR),true,202206,202218,1
3233,00-0036646,Simi Fehoko,WR,LAC,2024,10,18,9,9,true,Unlabeled (IR),true,202410,202418,1
3234,00-0036646,Simi Fehoko,WR,ARI,2025,11,18,8,8,true,Unlabeled (IR),true,202511,202518,1
3235,00-0036652,Racey McMath,WR,TEN,2021,5,12,8,8,true,Quadricep,false,202105,202112,1
3236,00-0036652,Racey McMath,WR,TEN,2022,1,13,12,12,true,Unlabeled (IR),false,202201,202213,1
3237,00-0036654,Demetric Felton,RB,CLE,2021,10,10,1,1,true,Unlabeled (IR),false,202110,202110,1
3238,00-0036669,Kylin Hill,RB,GB,2021,9,8,17,17,true,Unlabeled (IR),false,202109,202208,2
3239,00-0036670,Jermar Jefferson,RB,DET,2021,11,11,1,0,false,Knee,false,202111,202111,1
3240,00-0036670,Jermar Jefferson,RB,DET,2023,1,1,1,1,true,Unlabeled (IR),false,202301,202301,1
3241,00-0036671,Dax Milne,WR,WAS,2022,12,13,2,0,false,Foot,false,202212,202213,1
3242,00-0036671,Dax Milne,WR,WAS,2023,1,18,17,17,true,Groin,true,202301,202318,1
3243,00-0036679,Shane Buechele,QB,BUF,2024,1,18,17,17,true,Unlabeled (IR),true,202401,202418,1
3244,00-0036685,Tre Harbison,RB,CLE,2021,1,18,17,17,true,Unlabeled (IR),true,202101,202118,1
3245,00-0036691,Tory Carter,RB,TEN,2021,15,18,4,4,true,Ankle,true,202115,202118,1
3246,00-0036691,Tory Carter,RB,TEN,2022,7,9,3,0,false,Neck,false,202207,202209,1
3247,00-0036696,Briley Moore,TE,TEN,2021,1,18,17,17,true,Unlabeled (IR),true,202101,202118,1
3248,00-0036727,Adam Prentice,RB,NO,2023,6,9,4,4,true,Knee,false,202306,202309,1
3249,00-0036741,Jack Stoll,TE,PHI,2021,18,18,1,1,true,Unlabeled (IR),true,202118,202118,1
3250,00-0036741,Jack Stoll,TE,NO,2025,18,18,1,1,true,Knee,true,202518,202518,1
3251,00-0036754,Brock Wright,TE,DET,2021,17,17,1,1,true,Unlabeled (IR),false,202117,202117,1
3252,00-0036754,Brock Wright,TE,DET,2023,16,18,3,0,false,Hip,true,202316,202318,1
3253,00-0036754,Brock Wright,TE,DET,2025,13,18,6,5,false,Neck,true,202513,202518,1
3254,00-0036773,Osirus Mitchell,WR,GB,2022,1,2,2,2,true,Unlabeled (IR),false,202201,202202,1
3255,00-0036776,T.J. Vasher,WR,DAL,2021,1,18,17,17,true,Unlabeled (IR),true,202101,202118,1
3256,00-0036799,Josh Johnson,RB,SEA,2022,1,1,1,1,true,Unlabeled (IR),false,202201,202201,1
3257,00-0036808,Bruno Labelle,TE,ARI,2021,1,1,1,1,true,Unlabeled (IR),false,202101,202101,1
3258,00-0036818,Blake Proehl,WR,MIN,2021,1,6,23,23,true,Unlabeled (IR),false,202101,202206,2
3259,00-0036825,Feleipe Franks,TE,ATL,2022,10,11,2,0,false,Calf,false,202210,202211,1
3260,00-0036825,Feleipe Franks,TE,ATL,2022,17,18,18,17,false,Concussion,true,202217,202318,2
3261,00-0036825,Feleipe Franks,TE,CAR,2024,9,9,1,0,false,Concussion,false,202409,202409,1
3262,00-0036829,Caleb Huntley,RB,ATL,2022,16,18,3,3,true,Unlabeled (IR),true,202216,202218,1
3263,00-0036837,John Raine,TE,ATL,2022,1,1,1,1,true,Unlabeled (IR),false,202201,202201,1
3264,00-0036842,Kene Nwangwu,RB,MIN,2021,1,6,6,6,true,Unlabeled (IR),false,202101,202106,1
3265,00-0036842,Kene Nwangwu,RB,MIN,2023,1,8,7,6,true,Back,false,202301,202308,2
3266,00-0036842,Kene Nwangwu,RB,NYJ,2024,15,5,7,4,true,Hand,false,202415,202505,3
3267,00-0036842,Kene Nwangwu,RB,NYJ,2025,8,8,1,0,false,Concussion,false,202508,202508,1
3268,00-0036842,Kene Nwangwu,RB,NYJ,2026,2,2,1,0,false,Back,false,202602,202602,1
3269,00-0036849,Tutu Atwell,WR,LA,2021,9,18,9,9,true,Unlabeled (IR),true,202109,202118,1
3270,00-0036849,Tutu Atwell,WR,LA,2025,9,14,6,6,true,Hamstring,false,202509,202514,1
3271,00-0036857,Chris Evans,RB,CIN,2021,8,8,1,0,false,Hamstring,false,202108,202108,1
3272,00-0036857,Chris Evans,RB,CIN,2021,14,14,1,0,false,Ankle,false,202114,202114,1
3273,00-0036857,Chris Evans,RB,CIN,2024,1,18,17,17,true,Unlabeled (IR),true,202401,202418,1
3274,00-0036860,Jake Funk,RB,LA,2021,7,14,7,7,true,Hamstring,false,202107,202114,1
3275,00-0036862,Ben Skowronek,WR,LA,2022,16,18,3,0,false,Calf,true,202216,202218,1
3276,00-0036862,Ben Skowronek,WR,PIT,2024,3,8,6,6,true,Unlabeled (IR),false,202403,202408,1
3277,00-0036862,Ben Skowronek,WR,PIT,2024,17,17,1,0,false,Hip,false,202417,202417,1
3278,00-0036875,Rhamondre Stevenson,RB,NE,2021,16,16,1,1,true,Illness,false,202116,202116,1
3279,00-0036875,Rhamondre Stevenson,RB,NE,2023,14,18,5,2,false,Ankle,true,202314,202318,1
3280,00-0036875,Rhamondre Stevenson,RB,NE,2024,6,6,1,0,false,Foot,false,202406,202406,1
3281,00-0036875,Rhamondre Stevenson,RB,NE,2025,9,11,2,0,false,Toe,false,202509,202511,2
3282,00-0036876,Kylen Granson,TE,IND,2022,16,18,3,0,false,Ankle,true,202216,202218,1
3283,00-0036876,Kylen Granson,TE,IND,2023,7,8,2,0,false,Concussion,false,202307,202308,1
3284,00-0036877,Jaelon Darden,WR,TB,2021,13,13,1,0,false,Concussion,false,202113,202113,1
3285,00-0036877,Jaelon Darden,WR,TB,2021,16,17,2,2,true,Illness,false,202116,202117,1
3286,00-0036879,Sam Ehlinger,QB,IND,2021,1,6,6,6,true,Unlabeled (IR),false,202101,202106,1
3287,00-0036893,Najee Harris,RB,LAC,2025,4,18,14,14,true,Unlabeled (IR),true,202504,202518,1
3288,00-0036894,Pat Freiermuth,TE,PIT,2021,16,16,1,0,false,Concussion,false,202116,202116,1
3289,00-0036894,Pat Freiermuth,TE,PIT,2022,6,6,1,0,false,Concussion,false,202206,202206,1
3290,00-0036894,Pat Freiermuth,TE,PIT,2023,5,10,5,4,false,Hamstring,false,202305,202310,1
3291,00-0036900,Ja'Marr Chase,WR,CIN,2022,8,11,3,0,false,Hip,false,202208,202211,1
3292,00-0036900,Ja'Marr Chase,WR,CIN,2023,16,16,1,0,false,Shoulder,false,202316,202316,1
3293,00-0036900,Ja'Marr Chase,WR,CIN,2025,12,12,1,1,true,Unlabeled (IR),false,202512,202512,1
3294,00-0036906,Khalil Herbert,RB,CHI,2022,11,15,4,4,true,Unlabeled (IR),false,202211,202215,1
3295,00-0036906,Khalil Herbert,RB,CHI,2023,6,10,5,5,true,Ankle,false,202306,202310,1
3296,00-0036912,DeVonta Smith,WR,PHI,2023,18,18,1,0,false,Ankle,true,202318,202318,1
3297,00-0036912,DeVonta Smith,WR,PHI,2024,4,4,1,0,false,Concussion,false,202404,202404,1
3298,00-0036912,DeVonta Smith,WR,PHI,2024,12,12,1,0,false,Hamstring,false,202412,202412,1
3299,00-0036913,Kadarius Toney,WR,NYG,2021,7,7,1,0,false,Ankle,false,202107,202107,1
3300,00-0036913,Kadarius Toney,WR,NYG,2021,14,15,2,1,false,Oblique,false,202114,202115,1
3301,00-0036913,Kadarius Toney,WR,NYG,2021,17,18,2,0,false,Shoulder,true,202117,202118,1
3302,00-0036913,Kadarius Toney,WR,NYG,2022,4,7,4,0,false,Hamstring,false,202204,202207,1
3303,00-0036913,Kadarius Toney,WR,KC,2022,12,13,2,0,false,Hamstring,false,202212,202213,1
3304,00-0036913,Kadarius Toney,WR,KC,2023,12,12,1,0,false,Ankle,false,202312,202312,1
3305,00-0036913,Kadarius Toney,WR,KC,2023,16,18,3,0,false,Hip,true,202316,202318,1
3306,00-0036918,Jacob Harris,WR,LA,2021,10,18,8,8,true,Unlabeled (IR),true,202110,202118,1
3307,00-0036918,Jacob Harris,WR,LA,2022,15,18,4,4,true,Unlabeled (IR),true,202215,202218,1
3308,00-0036918,Jacob Harris,WR,PHI,2024,1,6,5,5,true,Unlabeled (IR),false,202401,202406,1
3309,00-0036919,Kenny Gainwell,RB,PHI,2023,2,2,1,0,false,Ribs,false,202302,202302,1
3310,00-0036924,Michael Carter,RB,NYJ,2021,12,14,3,3,true,Ankle,false,202112,202114,1
3311,00-0036936,Rondale Moore,WR,ARI,2021,18,3,4,0,false,Ankle,false,202118,202203,2
3312,00-0036936,Rondale Moore,WR,ARI,2022,12,18,6,4,false,Groin,true,202212,202218,1
3313,00-0036936,Rondale Moore,WR,ATL,2024,1,18,34,34,true,Unlabeled (IR),true,202401,202518,2
3314,00-0036939,Kawaan Baker,WR,NO,2022,1,6,6,6,true,Unlabeled (IR),false,202201,202206,1
3315,00-0036945,Justin Fields,QB,CHI,2021,12,12,1,0,false,Ribs,false,202112,202112,1
3316,00-0036945,Justin Fields,QB,CHI,2021,18,18,1,1,true,Ankle,true,202118,202118,1
3317,00-0036945,Justin Fields,QB,CHI,2022,18,18,1,0,false,Hip,true,202218,202218,1
3318,00-0036945,Justin Fields,QB,CHI,2023,7,8,2,0,false,right Thumb,false,202307,202308,1
3319,00-0036945,Justin Fields,QB,PIT,2024,16,16,1,0,false,Abdomen,false,202416,202416,1
3320,00-0036945,Justin Fields,QB,NYJ,2025,3,3,1,0,false,Concussion,false,202503,202503,1
3321,00-0036945,Justin Fields,QB,NYJ,2025,14,18,4,2,false,Knee,true,202514,202518,2
3322,00-0036950,Avery Williams,RB,ATL,2023,1,18,17,17,true,Unlabeled (IR),true,202301,202318,1
3323,00-0036951,Frank Darby,WR,ATL,2021,2,3,2,0,false,Calf,false,202102,202103,1
3324,00-0036955,Terrace Marshall Jr.,WR,CAR,2021,7,8,2,0,false,Concussion,false,202107,202108,1
3325,00-0036955,Terrace Marshall Jr.,WR,CAR,2021,18,18,1,1,true,Unlabeled (IR),true,202118,202118,1
3326,00-0036963,Amon-Ra St. Brown,WR,DET,2022,4,4,1,0,false,Ankle,false,202204,202204,1
3327,00-0036970,Kyle Pitts,TE,ATL,2022,5,5,1,0,false,Hamstring,false,202205,202205,1
3328,00-0036970,Kyle Pitts,TE,ATL,2022,12,18,6,6,true,Unlabeled (IR),true,202212,202218,1
3329,00-0036971,Trevor Lawrence,QB,JAX,2023,17,17,1,0,false,right Shoulder,false,202317,202317,1
3330,00-0036971,Trevor Lawrence,QB,JAX,2024,11,11,1,0,false,Left Shoulder,false,202411,202411,1
3331,00-0036971,Trevor Lawrence,QB,JAX,2024,14,18,5,5,true,Left Shoulder,true,202414,202418,1
3332,00-0036972,Mac Jones,QB,NE,2022,4,4,1,0,false,Ankle,false,202204,202204,1
3333,00-0036973,Travis Etienne,RB,JAX,2021,1,18,17,17,true,Unlabeled (IR),true,202101,202118,1
3334,00-0036980,Elijah Moore,WR,NYJ,2021,4,4,1,0,false,Concussion,false,202104,202104,1
3335,00-0036980,Elijah Moore,WR,NYJ,2021,14,18,5,5,true,Quadricep,true,202114,202118,1
3336,00-0036980,Elijah Moore,WR,NYJ,2022,7,7,1,0,false,Not injury related - personal matter,false,202207,202207,1
3337,00-0036984,Trey Sermon,RB,SF,2021,13,18,6,6,true,Ankle,true,202113,202118,1
3338,00-0036984,Trey Sermon,RB,PHI,2023,1,2,2,2,true,Unlabeled (IR),false,202301,202302,1
3339,00-0036984,Trey Sermon,RB,ATL,2026,1,2,2,2,true,Unlabeled (IR),false,202601,202602,1
3340,00-0036988,Josh Palmer,WR,LAC,2022,7,7,1,0,false,Concussion,false,202207,202207,1
3341,00-0036988,Josh Palmer,WR,LAC,2023,9,14,6,6,true,Knee,false,202309,202314,1
3342,00-0036988,Josh Palmer,WR,LAC,2023,17,17,1,0,false,Concussion,false,202317,202317,1
3343,00-0036988,Josh Palmer,WR,LAC,2024,18,18,1,0,false,Foot,true,202418,202418,1
3344,00-0036988,Josh Palmer,WR,BUF,2025,8,9,2,0,false,Knee,false,202508,202509,1
3345,00-0036991,Amari Rodgers,WR,GB,2021,17,17,1,1,true,Shoulder,false,202117,202117,1
3346,00-0036997,Javonte Williams,RB,DEN,2022,5,18,13,13,true,Knee,true,202205,202218,1
3347,00-0036997,Javonte Williams,RB,DAL,2025,18,18,1,1,true,Shoulder,true,202518,202518,1
3348,00-0036999,Anthony Schwartz,WR,CLE,2021,11,15,4,0,false,Concussion,false,202111,202115,1
3349,00-0036999,Anthony Schwartz,WR,CLE,2022,14,18,24,24,true,Concussion,true,202214,202418,3
3350,00-0037004,Hunter Long,TE,MIA,2022,3,4,2,0,false,Ankle,false,202203,202204,1
3351,00-0037004,Hunter Long,TE,MIA,2022,10,10,1,0,false,Concussion,false,202210,202210,1
3352,00-0037004,Hunter Long,TE,LA,2023,1,9,9,9,true,Hamstring,false,202301,202309,1
3353,00-0037004,Hunter Long,TE,LA,2023,15,18,4,4,true,Unlabeled (IR),true,202315,202318,1
3354,00-0037004,Hunter Long,TE,JAX,2025,10,12,3,0,false,Hip,false,202510,202512,1
3355,00-0037005,Tommy Tremble,TE,CAR,2021,17,17,1,1,true,Unlabeled (IR),false,202117,202117,1
3356,00-0037005,Tommy Tremble,TE,CAR,2024,1,1,1,0,false,Hamstring,false,202401,202401,1
3357,00-0037005,Tommy Tremble,TE,CAR,2024,6,6,1,0,false,Concussion,false,202406,202406,1
3358,00-0037012,Trey Lance,QB,SF,2021,7,7,1,0,false,Knee,false,202107,202107,1
3359,00-0037012,Trey Lance,QB,SF,2022,3,18,15,15,true,Unlabeled (IR),true,202203,202218,1
3360,00-0037013,Zach Wilson,QB,NYJ,2021,8,9,2,0,false,Knee,false,202108,202109,1
3361,00-0037013,Zach Wilson,QB,NYJ,2022,1,3,3,0,false,Knee,false,202201,202203,1
3362,00-0037013,Zach Wilson,QB,NYJ,2023,16,18,3,1,false,Concussion,true,202316,202318,1
3363,00-0037031,Nikola Kalinic,TE,CHI,2026,1,2,2,2,true,Unlabeled (IR),false,202601,202602,1
3364,00-0037055,Lance McCutcheon,WR,LA,2022,13,13,1,0,false,Shoulder,false,202213,202213,1
3365,00-0037078,Cole Turner,TE,WAS,2022,8,8,1,0,false,Concussion,false,202208,202208,1
3366,00-0037078,Cole Turner,TE,MIA,2026,1,2,2,2,true,Unlabeled (IR),false,202601,202602,1
3367,00-0037085,Tyler Badie,RB,DEN,2024,5,18,13,13,true,Back,true,202405,202418,1
3368,00-0037086,Grant Calcaterra,TE,PHI,2023,9,9,1,0,false,Concussion,false,202309,202309,1
3369,00-0037086,Grant Calcaterra,TE,PHI,2023,12,12,1,0,false,Ankle,false,202312,202312,1
3370,00-0037086,Grant Calcaterra,TE,PHI,2025,6,7,2,0,false,Oblique,false,202506,202507,1
3371,00-0037086,Grant Calcaterra,TE,PHI,2026,1,2,2,2,true,Unlabeled (IR),false,202601,202602,1
3372,00-0037087,Trestan Ebner,RB,CHI,2023,1,1,1,1,true,Unlabeled (IR),false,202301,202301,1
3373,00-0037091,Bo Melton,WR,GB,2025,2,2,1,0,false,Shoulder,false,202502,202502,1
3374,00-0037093,Dareke Young,WR,SEA,2022,5,5,1,0,false,Quadricep,false,202205,202205,1
3375,00-0037093,Dareke Young,WR,SEA,2023,1,9,8,8,true,Unlabeled (IR),false,202301,202309,1
3376,00-0037093,Dareke Young,WR,SEA,2023,11,11,1,0,false,Abdomen,false,202311,202311,1
3377,00-0037093,Dareke Young,WR,SEA,2025,1,1,1,0,false,Hamstring,false,202501,202501,1
3378,00-0037093,Dareke Young,WR,SEA,2025,9,15,7,6,false,Quadricep,false,202509,202515,1
3379,00-0037098,Samori Toure,WR,GB,2023,18,18,1,1,true,Unlabeled (IR),true,202318,202318,1
3380,00-0037112,Jake Tonges,TE,SF,2026,2,2,1,1,true,Unlabeled (IR),false,202602,202602,1
3381,00-0037120,Tyler Goodson,RB,GB,2023,1,1,1,1,true,Unlabeled (IR),false,202301,202301,1
3382,00-0037120,Tyler Goodson,RB,IND,2025,5,7,3,0,false,Groin,false,202505,202507,1
3383,00-0037132,Britain Covey,WR,PHI,2024,4,11,7,7,true,Unlabeled (IR),false,202404,202411,1
3384,00-0037132,Britain Covey,WR,PHI,2024,14,18,5,2,false,Neck,true,202414,202418,1
3385,00-0037156,Irvin Charles,WR,NYJ,2024,15,2,23,23,true,Unlabeled (IR),false,202415,202602,3
3386,00-0037157,Bam Knight,RB,DET,2023,6,18,12,12,true,Shoulder,true,202306,202318,1
3387,00-0037157,Bam Knight,RB,ARI,2025,16,18,3,3,true,Unlabeled (IR),true,202516,202518,1
3388,00-0037164,Curtis Hodges,TE,WAS,2022,1,18,21,21,true,Back,true,202201,202318,2
3389,00-0037168,Armani Rogers,TE,WAS,2022,11,17,6,6,true,Knee,false,202211,202217,1
3390,00-0037168,Armani Rogers,TE,WAS,2023,1,18,17,17,true,Unlabeled (IR),true,202301,202318,1
3391,00-0037172,Kyric McGowan,WR,WAS,2023,1,1,1,1,true,Unlabeled (IR),false,202301,202301,1
3392,00-0037173,Slade Bolden,WR,BAL,2022,1,6,6,6,true,Unlabeled (IR),false,202201,202206,1
3393,00-0037174,Shemar Bridges,WR,BAL,2022,1,1,1,1,true,Unlabeled (IR),false,202201,202201,1
3394,00-0037182,Ricky Person,RB,BAL,2022,1,18,17,17,true,Unlabeled (IR),true,202201,202218,1
3395,00-0037197,Isiah Pacheco,RB,KC,2023,14,15,2,0,false,Shoulder,false,202314,202315,1
3396,00-0037197,Isiah Pacheco,RB,KC,2024,3,12,9,9,true,Ankle,false,202403,202412,1
3397,00-0037197,Isiah Pacheco,RB,KC,2024,18,18,1,0,false,Rib,true,202418,202418,1
3398,00-0037197,Isiah Pacheco,RB,KC,2025,9,12,3,0,false,Knee,false,202509,202512,1
3399,00-0037197,Isiah Pacheco,RB,DET,2026,1,2,2,2,true,Unlabeled (IR),false,202601,202602,1
3400,00-0037216,Justyn Ross,WR,KC,2022,1,18,17,17,true,Unlabeled (IR),true,202201,202218,1
3401,00-0037216,Justyn Ross,WR,KC,2023,14,14,1,1,true,Unlabeled (IR),false,202314,202314,1
3402,00-0037228,Jaylen Warren,RB,PIT,2022,12,12,1,0,false,Hamstring,false,202212,202212,1
3403,00-0037228,Jaylen Warren,RB,PIT,2024,4,5,2,0,false,Knee,false,202404,202405,1
3404,00-0037238,Drake London,WR,ATL,2023,9,9,1,0,false,Groin,false,202309,202309,1
3405,00-0037238,Drake London,WR,ATL,2025,12,15,4,0,false,Knee,false,202512,202515,1
3406,00-0037239,Chris Olave,WR,NO,2022,16,16,1,0,false,Hamstring,false,202216,202216,1
3407,00-0037239,Chris Olave,WR,NO,2024,7,7,1,0,false,Concussion,false,202407,202407,1
3408,00-0037239,Chris Olave,WR,NO,2024,10,18,8,8,true,Head,true,202410,202418,1
3409,00-0037239,Chris Olave,WR,NO,2025,18,18,1,0,false,Illness,true,202518,202518,1
3410,00-0037240,Jameson Williams,WR,DET,2022,1,12,11,11,true,Unlabeled (IR),false,202201,202212,1
3411,00-0037240,Jameson Williams,WR,DET,2023,1,4,4,4,true,Unlabeled (IR),false,202301,202304,1
3412,00-0037240,Jameson Williams,WR,DET,2023,18,18,1,0,false,Ankle,true,202318,202318,1
3413,00-0037240,Jameson Williams,WR,DET,2024,8,9,2,2,true,Unlabeled (IR),false,202408,202409,1
3414,00-0037247,George Pickens,WR,PIT,2024,15,16,2,0,false,Hamstring,false,202415,202416,1
3415,00-0037252,Greg Dulcich,TE,DEN,2022,1,5,5,5,true,Unlabeled (IR),false,202201,202205,1
3416,00-0037252,Greg Dulcich,TE,DEN,2022,17,18,2,2,true,Hamstring,true,202217,202218,1
3417,00-0037252,Greg Dulcich,TE,DEN,2023,2,5,4,4,true,Hamstring,false,202302,202305,1
3418,00-0037252,Greg Dulcich,TE,DEN,2023,7,18,11,11,true,Hamstring,true,202307,202318,1
3419,00-0037257,David Bell,WR,CLE,2023,9,10,2,0,false,Knee,false,202309,202310,1
3420,00-0037257,David Bell,WR,CLE,2024,3,6,21,21,true,Unlabeled (IR),false,202403,202506,2
3421,00-0037258,Dameon Pierce,RB,HOU,2022,15,18,4,4,true,Ankle,true,202215,202218,1
3422,00-0037258,Dameon Pierce,RB,HOU,2023,9,11,3,0,false,Ankle,false,202309,202311,1
3423,00-0037258,Dameon Pierce,RB,HOU,2024,3,4,2,0,false,Hamstring,false,202403,202404,1
3424,00-0037258,Dameon Pierce,RB,HOU,2024,9,10,2,0,false,Groin,false,202409,202410,1
3425,00-0037261,Khalil Shakir,WR,BUF,2024,5,5,1,0,false,Ankle,false,202405,202405,1
3426,00-0037267,Jerome Ford,RB,CLE,2022,5,8,4,4,true,Unlabeled (IR),false,202205,202208,1
3427,00-0037267,Jerome Ford,RB,CLE,2024,7,8,2,0,false,Hamstring,false,202407,202408,1
3428,00-0037267,Jerome Ford,RB,CLE,2024,18,18,1,1,true,Ankle,true,202418,202418,1
3429,00-0037267,Jerome Ford,RB,CLE,2025,15,18,4,4,true,Unlabeled (IR),true,202515,202518,1
3430,00-0037273,Kyle Philips,WR,TEN,2022,8,4,15,15,true,Hamstring,false,202208,202304,2
3431,00-0037273,Kyle Philips,WR,TEN,2023,15,16,2,0,false,Hamstring,false,202315,202316,1
3432,00-0037276,Ty Chandler,RB,MIN,2022,6,16,10,10,true,Unlabeled (IR),false,202206,202216,1
3433,00-0037276,Ty Chandler,RB,MIN,2025,2,16,14,14,true,Knee,false,202502,202516,1
3434,00-0037276,Ty Chandler,RB,NO,2026,1,2,2,2,true,Unlabeled (IR),false,202601,202602,1
3435,00-0037277,Teagan Quitoriano,TE,HOU,2022,1,8,7,7,true,Unlabeled (IR),false,202201,202208,1
3436,00-0037277,Teagan Quitoriano,TE,HOU,2022,17,17,1,0,false,Thigh,false,202217,202217,1
3437,00-0037277,Teagan Quitoriano,TE,HOU,2023,9,18,10,10,true,Unlabeled (IR),true,202309,202318,1
3438,00-0037277,Teagan Quitoriano,TE,HOU,2024,13,18,5,5,true,Knee,true,202413,202418,1
3439,00-0037282,James Mitchell,TE,DET,2023,6,6,1,0,false,Hamstring,false,202306,202306,1
3440,00-0037291,Jalen Nailor,WR,MIN,2023,3,8,6,6,true,Hamstring,false,202303,202308,1
3441,00-0037291,Jalen Nailor,WR,MIN,2023,15,18,4,1,false,Concussion,true,202315,202318,1
3442,00-0037292,Andrew Ogletree,TE,IND,2022,1,18,17,17,true,Unlabeled (IR),true,202201,202218,1
3443,00-0037292,Andrew Ogletree,TE,IND,2023,10,12,2,0,false,Foot,false,202310,202312,1
3444,00-0037292,Andrew Ogletree,TE,IND,2025,17,18,2,2,true,Neck,true,202517,202518,1
3445,00-0037299,Keaontay Ingram,RB,KC,2025,1,18,17,17,true,Unlabeled (IR),true,202501,202518,1
3446,00-0037300,Mike Woods,WR,CLE,2023,1,18,17,17,true,Unlabeled (IR),true,202301,202318,1
3447,00-0037306,John FitzPatrick,TE,ATL,2022,1,18,17,17,true,Unlabeled (IR),true,202201,202218,1
3448,00-0037306,John FitzPatrick,TE,GB,2025,17,18,2,2,true,Unlabeled (IR),true,202517,202518,1
3449,00-0037311,Ko Kieft,TE,TB,2023,17,17,1,0,false,Shoulder,false,202317,202317,1
3450,00-0037311,Ko Kieft,TE,TB,2025,4,18,14,14,true,Unlabeled (IR),true,202504,202518,1
3451,00-0037317,Nick Muse,TE,MIN,2024,3,11,8,8,true,Unlabeled (IR),false,202403,202411,1
3452,00-0037324,Chris Oladokun,QB,KC,2026,1,1,1,1,true,Unlabeled (IR),false,202601,202601,1
3453,00-0037327,Skylar Thompson,QB,PIT,2025,2,2,18,18,true,Hamstring,false,202502,202602,2
3454,00-0037329,Brittain Brown,RB,LV,2023,1,18,17,17,true,Unlabeled (IR),true,202301,202318,1
3455,00-0037329,Brittain Brown,RB,CHI,2026,1,2,2,2,true,Unlabeled (IR),false,202601,202602,1
3456,00-0037340,Zaire Mitchell-Paden,TE,NO,2025,17,18,2,1,false,Knee,true,202517,202518,1
3457,00-0037343,Isaiah Weston,WR,CLE,2022,1,18,17,17,true,Unlabeled (IR),true,202201,202218,1
3458,00-0037348,Tanner Conner,TE,MIA,2024,11,18,8,8,true,Unlabeled (IR),true,202411,202418,1
3459,00-0037362,Ra'Shaun Henry,WR,SEA,2023,1,3,3,3,true,Unlabeled (IR),false,202301,202303,1
3460,00-0037366,Charleston Rambo,WR,PHI,2023,1,1,1,1,true,Unlabeled (IR),false,202301,202301,1
3461,00-0037382,Brandon Johnson,WR,DEN,2022,1,1,1,1,true,Unlabeled (IR),false,202201,202201,1
3462,00-0037382,Brandon Johnson,WR,DEN,2023,8,12,4,4,true,Hamstring,false,202308,202312,1
3463,00-0037387,Jalen Virgil,WR,DEN,2023,1,18,17,17,true,Unlabeled (IR),true,202301,202318,1
3464,00-0037437,Greg Bell,RB,DET,2022,1,18,17,17,true,Unlabeled (IR),true,202201,202218,1
3465,00-0037456,Troy Hairston,RB,HOU,2023,1,18,17,17,true,Unlabeled (IR),true,202301,202318,1
3466,00-0037475,Stone Smartt,TE,LAC,2022,1,10,9,9,true,Unlabeled (IR),false,202201,202210,1
3467,00-0037475,Stone Smartt,TE,NYJ,2025,8,8,1,0,false,Quadricep,false,202508,202508,1
3468,00-0037494,Thomas Hennigan,WR,MIN,2022,1,18,17,17,true,Unlabeled (IR),true,202201,202218,1
3469,00-0037509,Sincere McCormick,RB,LV,2022,1,18,17,17,true,Unlabeled (IR),true,202201,202218,1
3470,00-0037509,Sincere McCormick,RB,LV,2024,16,18,3,3,true,Unlabeled (IR),true,202416,202418,1
3471,00-0037525,Jordan Mason,RB,SF,2024,14,18,5,5,true,Ankle,true,202414,202418,1
3472,00-0037525,Jordan Mason,RB,MIN,2025,17,17,1,0,false,Ankle,false,202517,202517,1
3473,00-0037525,Jordan Mason,RB,MIN,2026,2,2,1,1,true,Unlabeled (IR),false,202602,202602,1
3474,00-0037539,Lucas Krull,TE,DEN,2025,5,18,13,13,true,Foot,true,202505,202518,1
3475,00-0037545,Rashid Shaheed,WR,NO,2023,13,13,1,0,false,Thigh,false,202313,202313,1
3476,00-0037545,Rashid Shaheed,WR,NO,2024,7,18,11,11,true,Knee,true,202407,202418,1
3477,00-0037556,Chris Pierce,TE,ARI,2022,1,1,1,1,true,Unlabeled (IR),false,202201,202201,1
3478,00-0037557,Ronnie Rivers,RB,LA,2023,7,15,8,8,true,Unlabeled (IR),false,202307,202315,1
3479,00-0037563,Malik Davis,RB,DAL,2025,18,2,3,3,true,Calf,false,202518,202602,2
3480,00-0037569,Peyton Hendershot,TE,DAL,2023,5,13,8,7,false,Ankle,false,202305,202313,1
3481,00-0037569,Peyton Hendershot,TE,KC,2024,13,16,4,4,true,Unlabeled (IR),false,202413,202416,1
3482,00-0037580,Jared Bernhardt,WR,ATL,2022,7,18,11,11,true,Groin,true,202207,202218,1
3483,00-0037594,Julius Chestnut,RB,TEN,2023,4,18,14,14,true,Unlabeled (IR),true,202304,202318,1
3484,00-0037609,Aaron Shampklin,RB,DAL,2022,1,1,1,1,true,Unlabeled (IR),false,202201,202201,1
3485,00-0037614,John Metchie III,WR,HOU,2022,1,1,18,17,true,Hamstring,false,202201,202301,2
3486,00-0037614,John Metchie III,WR,HOU,2024,16,16,1,0,false,Shoulder,false,202416,202416,1
3487,00-0037617,Hassan Haskins,RB,TEN,2023,3,18,15,15,true,Unlabeled (IR),true,202303,202318,1
3488,00-0037617,Hassan Haskins,RB,LAC,2025,8,13,5,4,false,Hamstring,false,202508,202513,1
3489,00-0037641,Willie Johnson,WR,JAX,2022,1,18,17,17,true,Unlabeled (IR),true,202201,202218,1
3490,00-0037654,Tucker Fisk,TE,LAC,2025,14,18,5,5,true,Ankle,true,202514,202518,1
3491,00-0037664,Alec Pierce,WR,IND,2022,2,2,1,0,false,Concussion,false,202202,202202,1
3492,00-0037664,Alec Pierce,WR,IND,2024,16,16,1,0,false,Concussion,false,202416,202416,1
3493,00-0037664,Alec Pierce,WR,IND,2025,4,5,2,0,false,Concussion,false,202504,202505,1
3494,00-0037740,Garrett Wilson,WR,NYJ,2025,8,8,1,0,false,Knee,false,202508,202508,1
3495,00-0037740,Garrett Wilson,WR,NYJ,2025,11,18,8,8,true,Knee,true,202511,202518,1
3496,00-0037741,Jahan Dotson,WR,WAS,2022,5,9,4,0,false,Hamstring,false,202205,202209,2
3497,00-0037742,Treylon Burks,WR,TEN,2022,5,9,4,4,true,Toe,false,202205,202209,1
3498,00-0037742,Treylon Burks,WR,TEN,2022,14,15,2,0,false,Concussion,false,202214,202215,1
3499,00-0037742,Treylon Burks,WR,TEN,2023,4,6,3,0,false,Knee,false,202304,202306,1
3500,00-0037742,Treylon Burks,WR,TEN,2023,10,12,3,0,false,Concussion,false,202310,202312,1
3501,00-0037742,Treylon Burks,WR,TEN,2024,7,5,17,17,true,Knee,false,202407,202505,2
3502,00-0037742,Treylon Burks,WR,WAS,2025,11,11,1,0,false,Finger,false,202511,202511,1
3503,00-0037744,Trey McBride,TE,ARI,2024,4,4,1,0,false,Concussion,false,202404,202404,1
3504,00-0037746,Brian Robinson,RB,WAS,2022,1,4,4,4,true,Unlabeled (IR),false,202201,202204,1
3505,00-0037746,Brian Robinson,RB,WAS,2022,18,18,1,0,false,Knee,true,202218,202218,1
3506,00-0037746,Brian Robinson,RB,WAS,2023,15,16,2,0,false,Hamstring,false,202315,202316,1
3507,00-0037746,Brian Robinson,RB,WAS,2024,10,10,1,0,false,Hamstring,false,202410,202410,1
3508,00-0037755,Jelani Woods,TE,IND,2022,10,11,2,0,false,Shoulder,false,202210,202211,1
3509,00-0037755,Jelani Woods,TE,IND,2023,1,18,34,34,true,Unlabeled (IR),true,202301,202418,2
3510,00-0037755,Jelani Woods,TE,NYJ,2025,18,18,1,0,false,Hamstring,true,202518,202518,1
3511,00-0037801,KaVontae Turpin,WR,DAL,2025,5,6,2,0,false,Foot,false,202505,202506,1
3512,00-0037805,Jeremy Ruckert,TE,NYJ,2023,17,18,2,1,false,Concussion,true,202317,202318,1
3513,00-0037809,Chig Okonkwo,TE,WAS,2026,2,2,1,0,false,Hamstring,false,202602,202602,1
3514,00-0037816,Romeo Doubs,WR,GB,2022,10,12,3,0,false,Ankle,false,202210,202212,1
3515,00-0037816,Romeo Doubs,WR,GB,2024,5,5,1,1,true,Not injury related - personal matter,false,202405,202405,1
3516,00-0037816,Romeo Doubs,WR,GB,2024,13,14,2,0,false,Concussion,false,202413,202414,1
3517,00-0037827,Tyrion Davis-Price,RB,SF,2022,3,5,3,0,false,Ankle,false,202203,202205,1
3518,00-0037828,Danny Gray,WR,SF,2023,1,18,17,17,true,Shoulder,true,202301,202318,1
3519,00-0037834,Brock Purdy,QB,SF,2024,12,12,1,0,false,Right Shoulder,false,202412,202412,1
3520,00-0037834,Brock Purdy,QB,SF,2024,18,18,1,0,false,Right Elbow,true,202418,202418,1
3521,00-0037834,Brock Purdy,QB,SF,2025,2,2,1,0,false,Shoulder,false,202502,202502,1
3522,00-0037834,Brock Purdy,QB,SF,2025,5,8,4,0,false,Toe,false,202505,202508,1
3523,00-0037837,Calvin Austin III,WR,PIT,2022,1,18,17,17,true,Unlabeled (IR),true,202201,202218,1
3524,00-0037837,Calvin Austin III,WR,PIT,2025,6,7,2,0,false,Shoulder,false,202506,202507,1
3525,00-0037837,Calvin Austin III,WR,PIT,2025,17,17,1,0,false,Hamstring,false,202517,202517,1
3526,00-0037837,Calvin Austin III,WR,NYG,2026,1,2,2,2,true,Unlabeled (IR),false,202601,202602,1
3527,00-0037838,Isaiah Likely,TE,BAL,2024,10,10,1,0,false,Hamstring,false,202410,202410,1
3528,00-0037838,Isaiah Likely,TE,BAL,2025,1,3,3,0,false,Foot,false,202501,202503,1
3529,00-0037840,Kyren Williams,RB,LA,2022,2,9,7,7,true,Unlabeled (IR),false,202202,202209,1
3530,00-0037840,Kyren Williams,RB,LA,2023,7,11,4,4,true,Ankle,false,202307,202311,1
3531,00-0038040,Zamir White,RB,LV,2024,5,5,1,0,false,Groin,false,202405,202405,1
3532,00-0038040,Zamir White,RB,LV,2024,13,18,6,4,false,Quadricep,true,202413,202418,1
3533,00-0038041,Jake Ferguson,TE,DAL,2022,15,15,1,0,false,Concussion,false,202215,202215,1
3534,00-0038041,Jake Ferguson,TE,DAL,2024,12,13,2,0,false,Concussion,false,202412,202413,1
3535,00-0038046,Charlie Kolar,TE,BAL,2022,1,9,9,9,true,Unlabeled (IR),false,202201,202209,1
3536,00-0038046,Charlie Kolar,TE,BAL,2024,13,17,4,4,true,Forearm,false,202413,202417,1
3537,00-0038090,Skyy Moore,WR,KC,2022,18,18,1,0,false,Hand,true,202218,202218,1
3538,00-0038090,Skyy Moore,WR,KC,2023,16,18,3,3,true,Unlabeled (IR),true,202316,202318,1
3539,00-0038090,Skyy Moore,WR,KC,2024,8,18,11,11,true,Unlabeled (IR),true,202408,202418,1
3540,00-0038092,Erik Ezukanma,WR,MIA,2023,4,18,14,14,true,Neck,true,202304,202318,1
3541,00-0038098,Pierre Strong,RB,CLE,2024,3,4,2,0,false,Hamstring,false,202403,202404,1
3542,00-0038098,Pierre Strong,RB,CLE,2024,18,18,1,1,true,Concussion,true,202418,202418,1
3543,00-0038102,Kenny Pickett,QB,PIT,2023,14,16,3,0,false,Ankle,false,202314,202316,1
3544,00-0038104,Tyquan Thornton,WR,NE,2022,1,4,4,4,true,Unlabeled (IR),false,202201,202204,1
3545,00-0038104,Tyquan Thornton,WR,NE,2023,1,5,5,5,true,Unlabeled (IR),false,202301,202305,1
3546,00-0038104,Tyquan Thornton,WR,KC,2025,16,18,3,2,false,Concussion,true,202516,202518,1
3547,00-0038115,Daniel Bellinger,TE,NYG,2022,8,12,4,0,false,Eye,false,202208,202212,1
3548,00-0038117,Wan'Dale Robinson,WR,NYG,2022,2,5,4,0,false,Knee,false,202202,202205,1
3549,00-0038117,Wan'Dale Robinson,WR,NYG,2022,12,18,7,7,true,Hamstring,true,202212,202218,1
3550,00-0038117,Wan'Dale Robinson,WR,NYG,2025,18,18,1,1,true,Rib,true,202518,202518,1
3551,00-0038120,Breece Hall,RB,NYJ,2022,8,18,10,10,true,Unlabeled (IR),true,202208,202218,1
3552,00-0038120,Breece Hall,RB,NYJ,2025,18,18,1,0,false,Knee,true,202518,202518,1
3553,00-0038124,Christian Watson,WR,GB,2022,6,7,2,0,false,Hamstring,false,202206,202207,1
3554,00-0038124,Christian Watson,WR,GB,2023,1,1,1,0,false,Hamstring,false,202301,202301,1
3555,00-0038124,Christian Watson,WR,GB,2023,14,14,1,0,false,Hamstring,false,202314,202314,1
3556,00-0038124,Christian Watson,WR,GB,2025,1,7,6,6,true,Knee,false,202501,202507,1
3557,00-0038129,Cade Otton,TE,TB,2024,17,17,1,0,false,Knee,false,202417,202417,1
3558,00-0038132,Matt Corral,QB,CAR,2022,1,18,17,17,true,Unlabeled (IR),true,202201,202218,1
3559,00-0038134,Kenneth Walker III,RB,SEA,2024,17,18,2,2,true,Ankle,true,202417,202418,1
3560,00-0038149,Josh Ali,WR,ATL,2023,4,18,14,13,false,Ankle,true,202304,202318,1
3561,00-0038393,Dontayvion Wicks,WR,GB,2025,8,9,2,0,false,Calf,false,202508,202509,1
3562,00-0038394,Will Mallory,TE,IND,2025,18,2,3,2,false,Lung,false,202518,202602,2
3563,00-0038396,Eric Gray,RB,NYG,2023,8,11,4,4,true,Unlabeled (IR),false,202308,202311,1
3564,00-0038396,Eric Gray,RB,NYG,2025,1,11,11,11,true,Unlabeled (IR),false,202501,202511,1
3565,00-0038397,Evan Hull,RB,IND,2023,2,18,16,16,true,Unlabeled (IR),true,202302,202318,1
3566,00-0038400,Tanner McKee,QB,PHI,2025,1,1,1,0,false,Thumb,false,202501,202501,1
3567,00-0038419,Robert Burns,RB,ATL,2024,1,18,17,17,true,Unlabeled (IR),true,202401,202418,1
3568,00-0038440,Zavier Scott,RB,MIN,2025,1,1,1,0,false,Ankle,false,202501,202501,1
3569,00-0038454,Keaton Mitchell,RB,BAL,2023,1,5,5,5,true,Shoulder,false,202301,202305,1
3570,00-0038454,Keaton Mitchell,RB,BAL,2023,16,9,12,12,true,Knee,false,202316,202409,2
3571,00-0038456,Travis Vokolek,TE,ARI,2025,7,18,11,11,true,Unlabeled (IR),true,202507,202518,1
3572,00-0038458,Owen Wright,RB,BAL,2024,1,18,17,17,true,Unlabeled (IR),true,202401,202418,1
3573,00-0038465,Malik Heath,WR,ATL,2025,16,16,1,0,false,Not injury related - personal matter,false,202516,202516,1
3574,00-0038477,Bryce Ford-Wheaton,WR,NYG,2023,1,18,17,17,true,Unlabeled (IR),true,202301,202318,1
3575,00-0038477,Bryce Ford-Wheaton,WR,NYG,2024,10,18,18,17,false,Achilles,true,202410,202518,2
3576,00-0038488,Brady Russell,RB,SEA,2024,11,12,2,0,false,Foot,false,202411,202412,1
3577,00-0038488,Brady Russell,RB,SEA,2024,15,18,4,1,false,Foot,true,202415,202418,1
3578,00-0038489,Ben VanSumeren,RB,PHI,2024,13,18,22,22,true,Knee,true,202413,202518,2
3579,00-0038492,Jason Brownlee,WR,NYJ,2023,14,15,2,0,false,Ankle,false,202314,202315,1
3580,00-0038496,Xavier Gipson,WR,PHI,2025,13,13,1,0,false,Shoulder,false,202513,202513,1
3581,00-0038507,Grant DuBose,WR,MIA,2024,3,14,11,11,true,Shoulder,false,202403,202414,1
3582,00-0038507,Grant DuBose,WR,MIA,2024,16,18,3,3,true,Shoulder,true,202416,202418,1
3583,00-0038518,Deneric Prince,RB,NE,2025,1,18,17,17,true,Unlabeled (IR),true,202501,202518,1
3584,00-0038519,Nikko Remigio,WR,KC,2023,1,18,17,17,true,Foot,true,202301,202318,1
3585,00-0038519,Nikko Remigio,WR,KC,2025,14,14,1,0,false,Shoulder,false,202514,202514,1
3586,00-0038519,Nikko Remigio,WR,KC,2025,17,18,2,2,true,Knee,true,202517,202518,1
3587,00-0038550,Hendon Hooker,QB,DET,2023,1,15,14,14,true,Knee,false,202301,202315,1
3588,00-0038551,Kendre Miller,RB,NO,2023,10,15,5,0,false,Ankle,false,202310,202315,1
3589,00-0038551,Kendre Miller,RB,NO,2024,1,5,5,5,true,Hamstring,false,202401,202405,1
3590,00-0038551,Kendre Miller,RB,NO,2024,9,13,4,4,true,Hamstring,false,202409,202413,1
3591,00-0038551,Kendre Miller,RB,NO,2024,18,18,1,0,false,Concussion,true,202418,202418,1
3592,00-0038551,Kendre Miller,RB,NO,2025,8,18,10,10,true,Unlabeled (IR),true,202508,202518,1
3593,00-0038555,Tank Bigsby,RB,JAX,2024,11,11,1,0,false,Ankle,false,202411,202411,1
3594,00-0038558,Darnell Washington,TE,PIT,2025,18,18,1,1,true,Unlabeled (IR),true,202518,202518,1
3595,00-0038559,Michael Wilson,WR,ARI,2023,12,13,2,0,false,Shoulder,false,202312,202313,1
3596,00-0038564,Cameron Latu,TE,SF,2023,1,18,17,17,true,Unlabeled (IR),true,202301,202318,1
3597,00-0038573,Derius Davis,WR,LAC,2025,4,6,3,0,false,Knee,false,202504,202506,1
3598,00-0038573,Derius Davis,WR,LAC,2025,15,17,3,0,false,Ankle,false,202515,202517,1
3599,00-0038576,Charlie Jones,WR,CIN,2023,4,10,6,6,true,Thumb,false,202304,202310,1
3600,00-0038576,Charlie Jones,WR,CIN,2024,11,11,1,0,false,Groin,false,202411,202411,1
3601,00-0038576,Charlie Jones,WR,CIN,2025,16,18,3,0,false,Ankle,true,202516,202518,1
3602,00-0038579,Aidan O'Connell,QB,LV,2024,8,12,4,4,true,Unlabeled (IR),false,202408,202412,1
3603,00-0038579,Aidan O'Connell,QB,LV,2025,1,11,10,10,true,Wrist,false,202501,202511,1
3604,00-0038583,Dorian Thompson-Robinson,QB,CLE,2023,13,13,1,0,false,Concussion,false,202313,202313,1
3605,00-0038583,Dorian Thompson-Robinson,QB,CLE,2023,17,18,2,2,true,Hip,true,202317,202318,1
3606,00-0038589,Josh Whyle,TE,TEN,2023,8,8,1,0,false,Concussion,false,202308,202308,1
3607,00-0038589,Josh Whyle,TE,TEN,2023,14,18,4,2,false,Knee,true,202314,202318,2
3608,00-0038589,Josh Whyle,TE,GB,2025,16,16,1,0,false,Concussion,false,202516,202516,1
3609,00-0038590,Justin Shorter,WR,BUF,2023,1,18,17,17,true,Hamstring,true,202301,202318,1
3610,00-0038590,Justin Shorter,WR,LV,2026,1,2,2,2,true,Unlabeled (IR),false,202601,202602,1
3611,00-0038597,Chase Brown,RB,CIN,2023,8,11,4,4,true,Hamstring,false,202308,202311,1
3612,00-0038598,Jaren Hall,QB,MIN,2023,10,11,2,0,false,Concussion,false,202310,202311,1
3613,00-0038606,Parker Washington,WR,JAX,2023,5,10,5,5,true,Knee,false,202305,202310,1
3614,00-0038608,Kayshon Boutte,WR,NE,2023,13,14,2,0,false,Shoulder,false,202313,202314,1
3615,00-0038608,Kayshon Boutte,WR,NE,2023,17,17,1,0,false,Illness,false,202317,202317,1
3616,00-0038608,Kayshon Boutte,WR,NE,2025,11,11,1,0,false,Hamstring,false,202511,202511,1
3617,00-0038608,Kayshon Boutte,WR,NE,2025,17,17,1,0,false,Concussion,false,202517,202517,1
3618,00-0038611,Chris Rodriguez Jr.,RB,WAS,2023,4,4,1,0,false,Illness,false,202304,202304,1
3619,00-0038611,Chris Rodriguez Jr.,RB,WAS,2023,17,18,2,2,true,Ankle,true,202317,202318,1
3620,00-0038612,A.T. Perry,WR,NO,2024,4,4,1,0,false,Hamstring,false,202404,202404,1
3621,00-0038614,Scott Matlock,RB,LAC,2026,1,2,2,2,true,Unlabeled (IR),false,202601,202602,1
3622,00-0038619,Andrei Iosivas,WR,CIN,2023,11,11,1,0,false,Knee,false,202311,202311,1
3623,00-0038621,DeMario Douglas,WR,NE,2023,6,6,1,0,false,Concussion,false,202306,202306,1
3624,00-0038621,DeMario Douglas,WR,NE,2023,13,14,2,0,false,Concussion,false,202313,202314,1
3625,00-0038622,Deuce Vaughn,RB,DAL,2023,18,18,1,1,true,Unlabeled (IR),true,202318,202318,1
3626,00-0038627,Antoine Green,WR,DET,2024,1,18,17,17,true,Unlabeled (IR),true,202401,202418,1
3627,00-0038632,Colton Dowell,WR,TEN,2023,18,18,18,18,true,Knee,true,202318,202418,2
3628,00-0038636,Kenny McIntosh,RB,SEA,2023,1,18,9,8,true,Knee,true,202301,202318,2
3629,00-0038636,Kenny McIntosh,RB,SEA,2025,1,18,17,17,true,Unlabeled (IR),true,202501,202518,1
3630,00-0038640,Jalen Brooks,WR,DAL,2024,16,16,1,0,false,Knee,false,202416,202416,1
3631,00-0038651,Chase Cota,WR,NYG,2024,1,1,1,1,true,Unlabeled (IR),false,202401,202401,1
3632,00-0038671,Jaray Jenkins,WR,JAX,2023,1,1,1,1,true,Unlabeled (IR),false,202301,202301,1
3633,00-0038673,Leonard Taylor,TE,JAX,2023,1,13,12,12,true,Unlabeled (IR),false,202301,202313,1
3634,00-0038679,Tyrell Shavers,WR,BUF,2026,1,2,2,2,true,Unlabeled (IR),false,202601,202602,1
3635,00-0038685,Chris Brooks,RB,MIA,2023,7,15,8,8,true,Knee,false,202307,202315,1
3636,00-0038705,Emari Demercado,RB,ARI,2023,9,11,3,0,false,Toe,false,202309,202311,1
3637,00-0038705,Emari Demercado,RB,ARI,2024,15,18,4,4,true,Back,true,202415,202418,1
3638,00-0038705,Emari Demercado,RB,ARI,2025,7,7,1,0,false,Ankle,false,202507,202507,1
3639,00-0038705,Emari Demercado,RB,ARI,2025,12,14,3,0,false,Ankle,false,202512,202514,1
3640,00-0038720,Julian Hill,TE,MIA,2024,9,9,1,0,false,Shoulder,false,202409,202409,1
3641,00-0038720,Julian Hill,TE,MIA,2025,8,9,2,0,false,Ankle,false,202508,202509,1
3642,00-0038720,Julian Hill,TE,NE,2026,1,2,2,2,true,Unlabeled (IR),false,202601,202602,1
3643,00-0038726,Jesse Matthews,WR,HOU,2023,1,18,17,17,true,Unlabeled (IR),true,202301,202318,1
3644,00-0038734,David Durden,WR,DAL,2023,1,18,17,17,true,Unlabeled (IR),true,202301,202318,1
3645,00-0038735,Princeton Fant,TE,DAL,2026,1,2,2,2,true,Unlabeled (IR),false,202601,202602,1
3646,00-0038741,John Stephens Jr.,TE,DAL,2023,1,11,40,38,true,Hamstring,false,202301,202511,4
3647,00-0038752,Jake Bobo,WR,SEA,2025,1,1,1,0,false,Concussion,false,202501,202501,1
3648,00-0038752,Jake Bobo,WR,SEA,2025,9,10,2,0,false,Calf,false,202509,202510,1
3649,00-0038752,Jake Bobo,WR,SEA,2026,1,2,2,2,true,Unlabeled (IR),false,202601,202602,1
3650,00-0038783,Nate Adkins,TE,DEN,2025,1,2,2,0,false,Ankle,false,202501,202502,1
3651,00-0038783,Nate Adkins,TE,DEN,2025,9,14,5,0,false,Knee,false,202509,202514,1
3652,00-0038783,Nate Adkins,TE,DEN,2025,17,17,1,0,false,Knee,false,202517,202517,1
3653,00-0038794,Jaleel McLaughlin,RB,DEN,2024,16,16,1,0,false,Quadricep,false,202416,202416,1
3654,00-0038797,Emanuel Wilson,RB,GB,2023,12,17,6,6,true,Shoulder,false,202312,202317,1
3655,00-0038806,Malik Knowles,WR,MIN,2023,1,18,17,17,true,Unlabeled (IR),true,202301,202318,1
3656,00-0038821,Rakim Jarrett,WR,TB,2023,12,7,13,13,true,Quadricep,false,202312,202407,2
3657,00-0038896,Jacob Saylors,RB,DET,2025,10,10,1,0,false,Back,false,202510,202510,1
3658,00-0038933,Dalton Kincaid,TE,BUF,2024,11,13,2,0,false,Knee,false,202411,202413,1
3659,00-0038933,Dalton Kincaid,TE,BUF,2025,11,12,2,0,false,Hamstring,false,202511,202512,1
3660,00-0038935,Brenton Strange,TE,JAX,2023,14,14,1,0,false,Foot,false,202314,202314,1
3661,00-0038935,Brenton Strange,TE,JAX,2025,6,11,5,5,true,Hip,false,202506,202511,1
3662,00-0038957,Alfonzo Graham,RB,PIT,2023,1,18,17,17,true,Unlabeled (IR),true,202301,202318,1
3663,00-0038969,Kearis Jackson,WR,TEN,2023,3,18,15,15,true,Ankle,true,202303,202318,1
3664,00-0038976,Marvin Mims Jr.,WR,DEN,2025,9,10,2,0,false,Concussion,false,202509,202510,1
3665,00-0038976,Marvin Mims Jr.,WR,DEN,2026,2,2,1,0,false,Foot,false,202602,202602,1
3666,00-0038977,Tank Dell,WR,HOU,2023,14,18,5,5,true,Calf,true,202314,202318,1
3667,00-0038977,Tank Dell,WR,HOU,2024,4,4,1,0,false,Chest,false,202404,202404,1
3668,00-0038977,Tank Dell,WR,HOU,2024,17,2,21,21,true,Knee,false,202417,202602,3
3669,00-0038979,Cedric Tillman,WR,CLE,2023,6,6,1,0,false,Hip,false,202306,202306,1
3670,00-0038979,Cedric Tillman,WR,CLE,2024,13,18,5,1,false,Concussion,true,202413,202418,2
3671,00-0038979,Cedric Tillman,WR,CLE,2025,5,8,4,4,true,Hand,false,202505,202508,1
3672,00-0038994,Jordan Addison,WR,MIN,2024,2,3,2,0,false,Ankle,false,202402,202403,1
3673,00-0038994,Jordan Addison,WR,MIN,2025,1,3,3,3,true,Unlabeled (IR),false,202501,202503,1
3674,00-0038996,Tucker Kraft,TE,GB,2025,10,18,9,9,true,Unlabeled (IR),true,202510,202518,1
3675,00-0038997,Josh Downs,WR,IND,2024,1,1,1,0,false,Ankle,false,202401,202401,1
3676,00-0038997,Josh Downs,WR,IND,2024,13,13,1,0,false,Shoulder,false,202413,202413,1
3677,00-0038997,Josh Downs,WR,IND,2025,7,7,1,0,false,Concussion,false,202507,202507,1
3678,00-0038998,Jake Haener,QB,NO,2023,1,6,6,6,true,Unlabeled (IR),false,202301,202306,1
3679,00-0039021,Roschon Johnson,RB,CHI,2023,6,7,2,0,false,Concussion,false,202306,202307,1
3680,00-0039021,Roschon Johnson,RB,CHI,2024,14,15,2,0,false,Concussion,false,202414,202415,1
3681,00-0039021,Roschon Johnson,RB,CHI,2025,8,18,9,7,false,Back,true,202508,202518,2
3682,00-0039032,Tyjae Spears,RB,TEN,2024,7,9,2,0,false,Hamstring,false,202407,202409,2
3683,00-0039032,Tyjae Spears,RB,TEN,2024,12,12,1,0,false,Concussion,false,202412,202412,1
3684,00-0039032,Tyjae Spears,RB,TEN,2024,18,4,5,4,false,Concussion,false,202418,202504,2
3685,00-0039040,De'Von Achane,RB,MIA,2023,6,9,4,4,true,Unlabeled (IR),false,202306,202309,1
3686,00-0039050,Payne Durham,TE,TB,2024,7,7,1,0,false,Calf,false,202407,202407,1
3687,00-0039052,Trey Palmer,WR,TB,2024,5,6,2,0,false,Concussion,false,202405,202406,1
3688,00-0039052,Trey Palmer,WR,NO,2025,5,18,13,13,true,Ankle,true,202505,202518,1
3689,00-0039062,Jonathan Mingo,WR,CAR,2023,18,18,1,1,true,Unlabeled (IR),true,202318,202318,1
3690,00-0039062,Jonathan Mingo,WR,DAL,2025,1,7,7,7,true,Knee,false,202501,202507,1
3691,00-0039065,Sam LaPorta,TE,DET,2024,11,11,1,0,false,Shoulder,false,202411,202411,1
3692,00-0039065,Sam LaPorta,TE,DET,2025,11,18,8,8,true,Back,true,202511,202518,1
3693,00-0039066,Michael Mayer,TE,LV,2023,16,18,3,1,false,Toe,true,202316,202318,1
3694,00-0039066,Michael Mayer,TE,LV,2024,4,9,6,4,false,Not injury related - personal matter,false,202404,202409,1
3695,00-0039066,Michael Mayer,TE,LV,2025,4,4,1,0,false,Concussion,false,202504,202504,1
3696,00-0039066,Michael Mayer,TE,LV,2025,13,14,2,0,false,Ankle,false,202513,202514,1
3697,00-0039067,Rashee Rice,WR,KC,2023,18,18,1,0,false,Hamstring,true,202318,202318,1
3698,00-0039067,Rashee Rice,WR,KC,2024,5,6,19,19,true,Ankle,false,202405,202506,2
3699,00-0039067,Rashee Rice,WR,KC,2025,16,18,3,2,false,Concussion,true,202516,202518,1
3700,00-0039074,Davis Allen,TE,LA,2024,2,3,2,0,false,Back,false,202402,202403,1
3701,00-0039075,Puka Nacua,WR,LA,2024,2,7,5,5,true,Knee,false,202402,202407,1
3702,00-0039075,Puka Nacua,WR,LA,2025,7,7,1,0,false,Ankle,false,202507,202507,1
3703,00-0039107,Stetson Bennett,QB,LA,2023,2,18,16,16,true,right Shoulder,true,202302,202318,1
3704,00-0039139,Jahmyr Gibbs,RB,DET,2023,6,6,1,0,false,Hamstring,false,202306,202306,1
3705,00-0039144,Luke Musgrave,TE,GB,2023,12,17,6,6,true,kidney,false,202312,202317,1
3706,00-0039144,Luke Musgrave,TE,GB,2024,6,15,9,9,true,Ankle,false,202406,202415,1
3707,00-0039144,Luke Musgrave,TE,GB,2026,1,2,2,2,true,Unlabeled (IR),false,202601,202602,1
3708,00-0039146,Jayden Reed,WR,GB,2025,3,13,10,10,true,Foot,false,202503,202513,1
3709,00-0039150,Bryce Young,QB,CAR,2023,3,3,1,0,false,Ankle,false,202303,202303,1
3710,00-0039152,Will Levis,QB,TEN,2025,1,18,17,17,true,Unlabeled (IR),true,202501,202518,1
3711,00-0039163,C.J. Stroud,QB,HOU,2023,16,16,1,0,false,Concussion,false,202316,202316,1
3712,00-0039163,C.J. Stroud,QB,HOU,2025,10,12,3,0,false,Concussion,false,202510,202512,1
3713,00-0039164,Anthony Richardson,QB,IND,2023,3,3,1,0,false,Concussion,false,202303,202303,1
3714,00-0039164,Anthony Richardson,QB,IND,2023,6,18,12,12,true,Unlabeled (IR),true,202306,202318,1
3715,00-0039164,Anthony Richardson,QB,IND,2024,18,18,1,0,false,Back,true,202418,202418,1
3716,00-0039164,Anthony Richardson,QB,IND,2025,7,18,11,11,true,Eye,true,202507,202518,1
3717,00-0039165,Zach Charbonnet,RB,SEA,2026,1,2,2,2,true,Unlabeled (IR),false,202601,202602,1
3718,00-0039231,Patrick Murtagh,TE,JAX,2024,1,18,17,17,true,Unlabeled (IR),true,202401,202418,1
3719,00-0039236,Johnny Wilson,WR,PHI,2025,1,2,19,19,true,Unlabeled (IR),false,202501,202602,2
3720,00-0039244,Chris Collier,RB,LV,2026,1,2,2,2,true,Unlabeled (IR),false,202601,202602,1
3721,00-0039259,Dayton Wade,WR,BAL,2025,1,18,17,17,true,Unlabeled (IR),true,202501,202518,1
3722,00-0039263,McCallan Castles,TE,PHI,2024,1,1,4,4,true,Unlabeled (IR),false,202401,202601,2
3723,00-0039286,Marcus Riley,WR,NYJ,2024,1,18,17,17,true,Unlabeled (IR),true,202401,202418,1
3724,00-0039299,George Holani,RB,SEA,2025,13,18,6,6,true,Hamstring,true,202513,202518,1
3725,00-0039331,Emory Jones,QB,ATL,2025,1,18,17,17,true,Unlabeled (IR),true,202501,202518,1
3726,00-0039337,Malik Nabers,WR,NYG,2024,5,6,2,0,false,Concussion,false,202405,202406,1
3727,00-0039337,Malik Nabers,WR,NYG,2025,5,18,13,13,true,Shoulder,true,202505,202518,1
3728,00-0039338,Brock Bowers,TE,LV,2025,6,6,1,0,false,Knee,false,202506,202506,1
3729,00-0039338,Brock Bowers,TE,LV,2025,17,1,3,2,true,Knee,false,202517,202601,2
3730,00-0039342,Xavier Legette,WR,CAR,2024,16,16,1,0,false,Hip,false,202416,202416,1
3731,00-0039342,Xavier Legette,WR,CAR,2025,4,4,1,0,false,Hamstring,false,202504,202504,1
3732,00-0039344,Jonathon Brooks,RB,CAR,2024,1,9,9,9,true,Knee,false,202401,202409,1
3733,00-0039344,Jonathon Brooks,RB,CAR,2024,15,18,21,21,true,Unlabeled (IR),true,202415,202518,2
3734,00-0039355,Luke McCaffrey,WR,WAS,2025,10,18,8,8,true,Unlabeled (IR),true,202510,202518,1
3735,00-0039356,Ja'Tavion Sanders,TE,CAR,2024,13,13,1,0,false,Neck,false,202413,202413,1
3736,00-0039356,Ja'Tavion Sanders,TE,CAR,2025,4,5,2,0,false,Ankle,false,202504,202505,1
3737,00-0039356,Ja'Tavion Sanders,TE,CAR,2025,18,18,1,1,true,Fibula,true,202518,202518,1
3738,00-0039359,Cade Stover,TE,HOU,2024,15,16,2,0,false,Illness,false,202415,202416,1
3739,00-0039359,Cade Stover,TE,HOU,2025,2,10,8,8,true,Unlabeled (IR),false,202502,202510,1
3740,00-0039361,Bucky Irving,RB,TB,2025,5,12,7,0,false,Foot,false,202505,202512,1
3741,00-0039363,Isaac Guerendo,RB,SF,2024,16,16,1,0,false,Foot,false,202416,202416,1
3742,00-0039363,Isaac Guerendo,RB,SF,2026,1,2,2,2,true,Unlabeled (IR),false,202601,202602,1
3743,00-0039364,Sione Vaki,RB,DET,2025,1,7,5,0,false,Hamstring,false,202501,202507,2
3744,00-0039365,Jacob Cowing,WR,SF,2024,12,12,1,0,false,Concussion,false,202412,202412,1
3745,00-0039365,Jacob Cowing,WR,SF,2025,1,18,17,17,true,Unlabeled (IR),true,202501,202518,1
3746,00-0039373,Audric Estimé,RB,DEN,2024,2,5,4,4,true,Unlabeled (IR),false,202402,202405,1
3747,00-0039373,Audric Estimé,RB,NO,2026,1,2,2,2,true,Thigh,false,202601,202602,1
3748,00-0039379,Jamari Thrash,WR,CLE,2025,12,12,1,0,false,Foot,false,202512,202512,1
3749,00-0039384,Tyrone Tracy Jr.,RB,NYG,2025,4,4,1,0,false,Shoulder,false,202504,202504,1
3750,00-0039385,Keilan Robinson,RB,JAX,2024,1,11,11,11,true,Toe,false,202401,202411,1
3751,00-0039386,Bub Means,WR,NO,2024,9,18,26,26,true,Ankle,true,202409,202518,2
3752,00-0039393,Jase McClellan,RB,ATL,2024,13,18,6,4,false,Knee,true,202413,202418,1
3753,00-0039394,Casey Washington,WR,ATL,2024,14,16,3,0,false,Concussion,false,202414,202416,1
3754,00-0039394,Casey Washington,WR,ATL,2025,2,3,2,0,false,Concussion,false,202502,202503,1
3755,00-0039394,Casey Washington,WR,ATL,2025,9,9,1,0,false,Back,false,202509,202509,1
3756,00-0039415,Brenden Rice,WR,LAC,2024,9,18,10,10,true,Shoulder,true,202409,202418,1
3757,00-0039424,Devaughn Vele,WR,DEN,2024,2,2,1,0,false,Ribs,false,202402,202402,1
3758,00-0039424,Devaughn Vele,WR,NO,2025,16,18,3,3,true,Shoulder,true,202516,202518,1
3759,00-0039451,Isaiah Williams,WR,DET,2024,2,2,1,0,false,Abdomen,false,202402,202402,1
3760,00-0039458,Brenden Bates,TE,CLE,2025,13,14,2,0,false,Ankle,false,202513,202514,1
3761,00-0039466,Ian Wheeler,RB,CHI,2024,1,18,17,17,true,Unlabeled (IR),true,202401,202418,1
3762,00-0039491,Jalen Coker,WR,CAR,2024,13,13,1,0,false,Quadricep,false,202413,202413,1
3763,00-0039491,Jalen Coker,WR,CAR,2025,1,6,6,6,true,Quadricep,false,202501,202506,1
3764,00-0039521,Xavier Weaver,WR,ARI,2024,1,1,1,0,false,Oblique,false,202401,202401,1
3765,00-0039521,Xavier Weaver,WR,ARI,2025,15,15,1,0,false,Hamstring,false,202515,202515,1
3766,00-0039534,Carter Bradley,QB,JAX,2026,1,1,1,1,true,Unlabeled (IR),false,202601,202601,1
3767,00-0039536,Jeff Foreman,WR,LV,2024,1,18,17,17,true,Unlabeled (IR),true,202401,202418,1
3768,00-0039552,Joshua Cephus,WR,JAX,2025,1,18,17,17,true,Unlabeled (IR),true,202501,202518,1
3769,00-0039560,Wayne Ruby,WR,JAX,2024,1,1,1,1,true,Unlabeled (IR),false,202401,202401,1
3770,00-0039562,David White,WR,JAX,2024,1,18,17,17,true,Unlabeled (IR),true,202401,202418,1
3771,00-0039589,Kameron Johnson,WR,TB,2024,6,16,10,9,false,Ankle,false,202406,202416,1
3772,00-0039603,British Brooks,RB,HOU,2024,6,18,12,12,true,Unlabeled (IR),true,202406,202418,1
3773,00-0039613,Dallin Holker,TE,NO,2024,1,1,1,0,false,Ankle,false,202401,202401,1
3774,00-0039623,Mason Tipton,WR,NO,2025,18,2,3,3,true,Groin,false,202518,202602,2
3775,00-0039626,Cole Burgess,WR,PIT,2026,1,2,2,2,true,Unlabeled (IR),false,202601,202602,1
3776,00-0039631,Cam Grandy,TE,CIN,2025,17,17,1,0,false,Chest,false,202517,202517,1
3777,00-0039650,Bryce Oliver,WR,TEN,2025,4,17,12,7,false,Knee,false,202504,202517,2
3778,00-0039686,Colson Yankoff,TE,WAS,2024,10,18,8,8,true,Hamstring,true,202410,202418,1
3779,00-0039686,Colson Yankoff,TE,WAS,2025,8,9,2,0,false,Hamstring,false,202508,202509,1
3780,00-0039686,Colson Yankoff,TE,WAS,2025,16,16,1,0,false,Ankle,false,202516,202516,1
3781,00-0039702,Mason Pline,TE,NO,2025,1,18,17,17,true,Unlabeled (IR),true,202501,202518,1
3782,00-0039710,Jeshaun Jones,WR,MIN,2026,1,2,2,2,true,Unlabeled (IR),false,202601,202602,1
3783,00-0039722,JaQuae Jackson,WR,NE,2024,1,18,17,17,true,Unlabeled (IR),true,202401,202418,1
3784,00-0039737,Tip Reiman,TE,ARI,2025,2,2,1,0,false,Foot,false,202502,202502,1
3785,00-0039737,Tip Reiman,TE,ARI,2025,6,2,14,14,true,Unlabeled (IR),false,202506,202602,2
3786,00-0039739,Roman Wilson,WR,PIT,2024,1,1,1,0,false,Ankle,false,202401,202401,1
3787,00-0039739,Roman Wilson,WR,PIT,2024,8,18,10,9,false,Hamstring,true,202408,202418,1
3788,00-0039746,Will Shipley,RB,PHI,2024,17,17,1,0,false,Concussion,false,202417,202417,1
3789,00-0039746,Will Shipley,RB,PHI,2025,2,3,2,0,false,Oblique,false,202502,202503,1
3790,00-0039747,Ainias Smith,WR,PHI,2024,1,7,6,6,true,Ankle,false,202401,202407,1
3791,00-0039751,Jordan Whittington,WR,LA,2024,8,8,1,0,false,Shoulder,false,202408,202408,1
3792,00-0039757,Terrell Jennings,RB,NE,2025,15,18,4,4,true,Concussion,true,202515,202518,1
3793,00-0039792,Devontez Walker,WR,BAL,2025,6,6,1,0,false,Oblique,false,202506,202506,1
3794,00-0039794,Braelon Allen,RB,NYJ,2025,5,18,13,13,true,Knee,true,202505,202518,1
3795,00-0039796,Rasheen Ali,RB,BAL,2024,1,9,8,5,true,Neck,false,202401,202409,2
3796,00-0039797,Jordan Travis,QB,NYJ,2024,1,18,17,17,true,Unlabeled (IR),true,202401,202418,1
3797,00-0039798,Isaiah Davis,RB,NYJ,2025,18,18,1,1,true,Concussion,true,202518,202518,1
3798,00-0039810,Jermaine Burton,WR,CIN,2024,18,14,4,0,false,Not injury related - other,false,202418,202514,3
3799,00-0039811,MarShawn Lloyd,RB,GB,2024,3,18,32,32,true,Ankle,true,202403,202518,2
3800,00-0039814,Erick All,TE,CIN,2024,10,18,25,25,true,Knee,true,202410,202518,2
3801,00-0039816,Anthony Gould,WR,IND,2025,9,10,2,0,false,Knee,false,202509,202510,1
3802,00-0039816,Anthony Gould,WR,IND,2025,15,18,4,2,false,Foot,true,202515,202518,1
3803,00-0039824,Jared Wiley,TE,KC,2024,9,18,10,10,true,Knee,true,202409,202418,1
3804,00-0039847,Theo Johnson,TE,NYG,2024,14,18,5,5,true,Back,true,202414,202418,1
3805,00-0039847,Theo Johnson,TE,NYG,2025,17,18,2,0,false,Illness,true,202517,202518,1
3806,00-0039849,Marvin Harrison Jr.,WR,ARI,2025,11,12,2,0,false,Illness,false,202511,202512,1
3807,00-0039849,Marvin Harrison Jr.,WR,ARI,2025,14,15,2,0,false,Heel,false,202514,202515,1
3808,00-0039849,Marvin Harrison Jr.,WR,ARI,2025,18,18,1,1,true,Foot,true,202518,202518,1
3809,00-0039853,Javon Baker,WR,NE,2024,15,15,1,0,false,Concussion,false,202415,202415,1
3810,00-0039855,Jalen McMillan,WR,TB,2024,5,5,1,0,false,Hamstring,false,202405,202405,1
3811,00-0039855,Jalen McMillan,WR,TB,2025,1,14,13,13,true,Neck,false,202501,202514,1
3812,00-0039874,Jaylen Wright,RB,MIA,2025,1,1,1,0,false,Knee,false,202501,202501,1
3813,00-0039880,Malik Washington,WR,MIA,2024,1,2,2,0,false,Quadricep,false,202401,202402,1
3814,00-0039884,Tahj Washington,WR,MIA,2024,1,18,17,17,true,Unlabeled (IR),true,202401,202418,1
3815,00-0039893,Brian Thomas Jr.,WR,JAX,2025,10,12,2,0,false,Ankle,false,202510,202512,2
3816,00-0039901,Keon Coleman,WR,BUF,2024,10,11,2,0,false,Wrist,false,202410,202411,1
3817,00-0039907,Ja'Lynn Polk,WR,NE,2024,8,8,1,0,false,Concussion,false,202408,202408,1
3818,00-0039907,Ja'Lynn Polk,WR,NE,2024,18,18,18,18,true,Shoulder,true,202418,202518,3
3819,00-0039910,Jayden Daniels,QB,WAS,2025,3,4,2,0,false,Knee,false,202503,202504,1
3820,00-0039910,Jayden Daniels,QB,WAS,2025,8,8,1,0,false,Hamstring,false,202508,202508,1
3821,00-0039910,Jayden Daniels,QB,WAS,2025,10,13,3,0,false,Elbow,false,202510,202513,1
3822,00-0039910,Jayden Daniels,QB,WAS,2025,15,18,4,0,false,Elbow,true,202515,202518,1
3823,00-0039912,Ben Sinnott,TE,WAS,2025,11,11,1,0,false,Ankle,false,202511,202511,1
3824,00-0039916,Ricky Pearsall,WR,SF,2024,1,6,6,6,true,Unlabeled (IR),false,202401,202406,1
3825,00-0039916,Ricky Pearsall,WR,SF,2025,5,10,6,0,false,Knee,false,202505,202510,1
3826,00-0039916,Ricky Pearsall,WR,SF,2025,16,16,1,0,false,Knee,false,202516,202516,1
3827,00-0039916,Ricky Pearsall,WR,SF,2026,1,2,2,2,true,Unlabeled (IR),false,202601,202602,1
3828,00-0039917,Michael Penix Jr.,QB,ATL,2025,12,2,9,7,true,Knee,false,202512,202602,2
3829,00-0039919,Rome Odunze,WR,CHI,2025,14,17,3,0,false,Foot,false,202514,202517,2
3830,00-0039921,Trey Benson,RB,ARI,2024,16,18,2,1,false,Ankle,true,202416,202418,2
3831,00-0039921,Trey Benson,RB,ARI,2025,5,2,15,15,true,Knee,false,202505,202602,2
3832,00-0039923,J.J. McCarthy,QB,MIN,2024,1,18,17,17,true,Unlabeled (IR),true,202401,202418,1
3833,00-0039923,J.J. McCarthy,QB,MIN,2025,3,5,3,0,false,Ankle,false,202503,202505,1
3834,00-0039923,J.J. McCarthy,QB,MIN,2025,13,13,1,0,false,Concussion,false,202513,202513,1
3835,00-0039923,J.J. McCarthy,QB,MIN,2025,17,17,1,0,false,Hand,false,202517,202517,1
3836,00-0039936,Thomas Yassmin,TE,GB,2026,1,2,2,2,true,Unlabeled (IR),false,202601,202602,1
3837,00-0040009,Savion Williams,WR,GB,2025,13,14,2,0,false,Foot,false,202513,202514,1
3838,00-0040009,Savion Williams,WR,GB,2025,18,2,3,3,true,Foot,false,202518,202602,2
3839,00-0040021,Phil Mafah,RB,DAL,2025,1,17,16,16,true,Shoulder,false,202501,202517,1
3840,00-0040024,Darius Cooper,WR,PHI,2025,4,7,4,4,true,Unlabeled (IR),false,202504,202507,1
3841,00-0040081,Jake Briningstool,TE,KC,2025,1,18,17,17,true,Hamstring,true,202501,202518,1
3842,00-0040120,Jimmy Holiday,WR,KC,2026,1,2,2,2,true,Unlabeled (IR),false,202601,202602,1
3843,00-0040130,Jayden Higgins,WR,HOU,2026,1,2,2,2,true,Unlabeled (IR),false,202601,202602,1
3844,00-0040134,Pat Bryant,WR,DEN,2025,15,15,1,0,false,Hamstring,false,202515,202515,1
3845,00-0040134,Pat Bryant,WR,DEN,2025,17,17,1,0,false,Concussion,false,202517,202517,1
3846,00-0040162,Dylan Sampson,RB,CLE,2025,15,16,2,0,false,Calf,false,202515,202516,1
3847,00-0040162,Dylan Sampson,RB,CLE,2026,2,2,1,1,true,Unlabeled (IR),false,202602,202602,1
3848,00-0040164,Jaylin Lane,WR,WAS,2025,17,18,2,2,true,Ankle,true,202517,202518,1
3849,00-0040170,Elic Ayomanor,WR,TEN,2025,12,12,1,0,false,Hamstring,false,202512,202512,1
3850,00-0040172,Jordan Watkins,WR,SF,2025,3,6,4,0,false,Calf,false,202503,202506,1
3851,00-0040184,KeAndre Lambert-Smith,WR,LAC,2026,2,2,1,1,true,Unlabeled (IR),false,202602,202602,1
3852,00-0040202,Devin Neal,RB,NO,2025,16,1,4,4,true,Hamstring,false,202516,202601,2
3853,00-0040203,Will Howard,QB,PIT,2025,1,10,9,9,true,Hand,false,202501,202510,1
3854,00-0040205,Kalel Mullings,RB,TEN,2025,4,11,7,7,true,Ankle,false,202504,202511,1
3855,00-0040208,Tahj Brooks,RB,CIN,2025,13,13,1,0,false,Concussion,false,202513,202513,1
3856,00-0040211,Graham Mertz,QB,HOU,2026,1,2,2,2,true,Unlabeled (IR),false,202601,202602,1
3857,00-0040215,Gavin Bartholomew,TE,MIN,2025,1,18,17,17,true,Back,true,202501,202518,1
3858,00-0040225,Thomas Fidone II,TE,NYG,2025,12,18,6,6,true,Foot,true,202512,202518,1
3859,00-0040240,Caleb Lohner,TE,DEN,2026,1,2,2,2,true,Unlabeled (IR),false,202601,202602,1
3860,00-0040244,Moliki Matavao,TE,NO,2026,1,2,2,2,true,Unlabeled (IR),false,202601,202602,1
3861,00-0040272,Deion Hankins,RB,CHI,2025,1,18,17,17,true,Unlabeled (IR),true,202501,202518,1
3862,00-0040277,Jahdae Walker,WR,CHI,2025,10,11,2,0,false,Concussion,false,202510,202511,1
3863,00-0040301,Jalin Conyers,TE,MIA,2025,1,18,17,17,true,Unlabeled (IR),true,202501,202518,1
3864,00-0040352,Coleman Owen,WR,IND,2026,1,1,1,1,true,Unlabeled (IR),false,202601,202601,1
3865,00-0040393,Kye Robichaux,RB,DET,2025,1,18,17,17,true,Unlabeled (IR),true,202501,202518,1
3866,00-0040429,Josh Williams,RB,TB,2025,6,7,2,0,false,Concussion,false,202506,202507,1
3867,00-0040429,Josh Williams,RB,TB,2025,12,16,5,5,true,Unlabeled (IR),false,202512,202516,1
3868,00-0040432,Beaux Collins,WR,NYG,2025,10,2,10,10,true,Neck,false,202510,202602,2
3869,00-0040456,Da'Quan Felton,WR,NYG,2025,1,18,17,17,true,Unlabeled (IR),true,202501,202518,1
3870,00-0040488,Carter Runyon,TE,LV,2026,1,2,2,2,true,Unlabeled (IR),false,202601,202602,1
3871,00-0040498,Dontae Fleming,WR,MIN,2026,1,1,1,1,true,Unlabeled (IR),false,202601,202601,1
3872,00-0040504,Bryson Nesbit,TE,MIN,2026,1,1,1,1,true,Unlabeled (IR),false,202601,202601,1
3873,00-0040506,Myles Price,WR,MIN,2025,18,18,1,0,false,Ankle,true,202518,202518,1
3874,00-0040509,Ben Yurosek,TE,MIN,2025,4,4,1,0,false,Knee,false,202504,202504,1
3875,00-0040509,Ben Yurosek,TE,MIN,2026,1,2,2,2,true,Unlabeled (IR),false,202601,202602,1
3876,00-0040547,Nate Carter,RB,ATL,2025,4,4,1,0,false,Hamstring,false,202504,202504,1
3877,00-0040567,Brock Lampe,RB,NE,2025,1,18,17,17,true,Unlabeled (IR),true,202501,202518,1
3878,00-0040568,Lan Larison,RB,NE,2025,1,18,17,17,true,Unlabeled (IR),true,202501,202518,1
3879,00-0040570,Jeremiah Webb,WR,NE,2026,1,2,2,2,true,Unlabeled (IR),false,202601,202602,1
3880,00-0040581,Dont'e Thornton Jr.,WR,LV,2025,14,14,1,0,false,Concussion,false,202514,202514,1
3881,00-0040581,Dont'e Thornton Jr.,WR,LV,2026,1,2,2,2,true,Unlabeled (IR),false,202601,202602,1
3882,00-0040584,Gunnar Helm,TE,TEN,2025,18,18,1,0,false,Toe,true,202518,202518,1
3883,00-0040589,Kurtis Rourke,QB,SF,2025,1,18,17,17,true,Knee,true,202501,202518,1
3884,00-0040615,Cade McDonald,WR,CLE,2025,1,7,7,7,true,Unlabeled (IR),false,202501,202507,1
3885,00-0040629,Dalevon Campbell,WR,CAR,2025,5,5,1,1,true,Unlabeled (IR),false,202505,202505,1
3886,00-0040644,Trevor Etienne,RB,CAR,2026,1,2,2,2,true,Unlabeled (IR),false,202601,202602,1
3887,00-0040646,Jalen Royals,WR,KC,2025,1,2,2,0,false,Knee,false,202501,202502,1
3888,00-0040648,Tory Horton,WR,SEA,2025,11,18,8,7,false,Shin,true,202511,202518,1
3889,00-0040649,Robbie Ouzts,RB,SEA,2025,4,7,4,4,true,Ankle,false,202504,202507,1
3890,00-0040649,Robbie Ouzts,RB,SEA,2026,1,2,2,2,true,Unlabeled (IR),false,202601,202602,1
3891,00-0040663,Harold Fannin Jr.,TE,CLE,2025,18,18,1,0,false,Groin,true,202518,202518,1
3892,00-0040666,Omarion Hampton,RB,LAC,2025,6,13,7,7,true,Ankle,false,202506,202513,1
3893,00-0040666,Omarion Hampton,RB,LAC,2025,18,18,1,0,false,Ankle,true,202518,202518,1
3894,00-0040691,Jaxson Dart,QB,NYG,2025,11,12,2,0,false,Concussion,false,202511,202512,1
3895,00-0040704,Dillon Gabriel,QB,CLE,2025,12,12,1,0,false,Concussion,false,202512,202512,1
3896,00-0040704,Dillon Gabriel,QB,CLE,2026,1,2,2,2,true,Unlabeled (IR),false,202601,202602,1
3897,00-0040715,Cam Skattebo,RB,NYG,2025,9,18,9,9,true,Unlabeled (IR),true,202509,202518,1
3898,00-0040718,Travis Hunter,WR,JAX,2025,9,18,10,10,true,Knee,true,202509,202518,1
3899,00-0040719,Bhayshul Tuten,RB,JAX,2025,16,16,1,0,false,Finger,false,202516,202516,1
3900,00-0040734,TreVeyon Henderson,RB,NE,2026,1,1,1,0,false,Ankle,false,202601,202601,1
3901,00-0040735,Luther Burden III,WR,CHI,2025,9,9,1,0,false,Concussion,false,202509,202509,1
3902,00-0040735,Luther Burden III,WR,CHI,2025,16,16,1,0,false,Ankle,false,202516,202516,1
3903,00-0040736,Mason Taylor,TE,NYJ,2025,15,18,4,1,false,Neck,true,202515,202518,1
3904,00-0040739,Elijah Arroyo,TE,SEA,2025,15,18,4,4,true,Knee,true,202515,202518,1
3905,00-0040769,Jaden Smith,WR,TB,2025,1,18,17,17,true,Unlabeled (IR),true,202501,202518,1
3906,00-0040782,Isaiah Bond,WR,CLE,2025,10,10,1,0,false,Foot,false,202510,202510,1
3907,00-0040784,Quinshon Judkins,RB,CLE,2025,17,18,2,2,true,Unlabeled (IR),true,202517,202518,1
3908,00-0040853,Carson Towt,TE,IND,2026,1,2,2,2,true,Unlabeled (IR),false,202601,202602,1
3909,00-0040870,Ja'Kobi Lane,WR,BAL,2026,2,2,1,1,true,Unlabeled (IR),false,202602,202602,1
3910,00-0040888,Adam Randall,RB,BAL,2026,1,2,2,2,true,Unlabeled (IR),false,202601,202602,1
3911,00-0040901,Jaren Kanak,TE,TEN,2026,1,2,2,2,true,Unlabeled (IR),false,202601,202602,1
3912,00-0040937,Dominic Richardson,RB,NYJ,2026,1,1,1,1,true,Unlabeled (IR),false,202601,202601,1
3913,00-0040938,DJ Rogers,TE,DAL,2026,1,2,2,2,true,Unlabeled (IR),false,202601,202602,1
3914,00-0040953,Jeff Caldwell,WR,KC,2026,1,2,2,2,true,Unlabeled (IR),false,202601,202602,1
3915,00-0040955,John Michael Gyllenborg,TE,KC,2026,1,2,2,2,true,Unlabeled (IR),false,202601,202602,1
3916,00-0040964,EJ Smith,RB,KC,2026,1,1,1,1,true,Unlabeled (IR),false,202601,202601,1
3917,00-0041004,Chase Roberts,WR,LV,2026,1,1,1,1,true,Unlabeled (IR),false,202601,202601,1
3918,00-0041005,Corey Rucker,WR,LV,2026,1,2,2,2,true,Unlabeled (IR),false,202601,202602,1
3919,00-0041029,Jordyn Tyson,WR,NO,2026,1,2,2,2,true,Unlabeled (IR),false,202601,202602,1
3920,00-0041035,De'Zhaun Stribling,WR,SF,2026,2,2,1,0,false,Ankle,false,202602,202602,1
3921,00-0041041,Oscar Delp,TE,NO,2026,1,1,1,0,false,Hamstring,false,202601,202601,1
3922,00-0041047,Chris Brazzell II,WR,CAR,2026,1,2,2,2,true,Unlabeled (IR),false,202601,202602,1
3923,00-0041087,Joe Royer,TE,CLE,2026,1,2,2,2,true,Unlabeled (IR),false,202601,202602,1
3924,00-0041170,Hayden Large,TE,CHI,2026,1,2,2,2,true,Unlabeled (IR),false,202601,202602,1
3925,00-0041239,Chip Trayanum,RB,NYJ,2026,1,2,2,2,true,Unlabeled (IR),false,202601,202602,1
3926,00-0041323,Myles Montgomery,RB,NE,2026,1,2,2,2,true,Unlabeled (IR),false,202601,202602,1
3927,00-0041366,Jameson Geers,TE,ARI,2026,1,2,2,2,true,Unlabeled (IR),false,202601,202602,1
3928,00-0041374,Sincere Brown,WR,LAC,2026,1,1,1,1,true,Unlabeled (IR),false,202601,202601,1
3929,00-0041414,Matthew Caldwell,QB,LA,2026,1,2,2,2,true,Unlabeled (IR),false,202601,202602,1
3930,00-0041446,Kendrick Law,WR,DET,2026,1,2,2,2,true,Unlabeled (IR),false,202601,202602,1
3931,00-0041451,Brock Rechsteiner,WR,NO,2026,1,2,2,2,true,Unlabeled (IR),false,202601,202602,1
3932,00-0041483,Eli Stowers,TE,PHI,2026,1,2,2,2,true,Hamstring,false,202601,202602,1
3933,00-0041511,Omar Cooper Jr.,WR,NYJ,2026,2,2,1,0,false,Ankle,false,202602,202602,1
3934,00-0041577,Connor Hulstein,TE,NYJ,2026,1,1,1,1,true,Unlabeled (IR),false,202601,202601,1
