episode_id,gsis_id,full_name,position,team,season,start_week,end_week,games_missed,ir_games,starts_on_ir,injury,carried_over,parts,n_base,base_share,base_ppg,return_key,games_to_normal,share_ratio_first4,ppg_after_first4,r1,r2,r3,r4,r5,r6,r7,r8,returned,ppg_ratio_first4
0,00-0007091,Matt Hasselbeck,QB,IND,2015,17,17,1,0,false,Shoulder,true,1,8,0.879,12.067,,,,,,,,,,,,,false,
1,00-0010346,Peyton Manning,QB,DEN,2015,11,16,6,0,false,Foot,false,1,8,1.000,11.925,201517,,0.440,2.560,0.440,,,,,,,,true,0.215
3,00-0020245,Mike Vick,QB,PHI,2013,9,9,1,0,false,Hamstring,false,1,5,0.870,20.380,201316,6,0.037,0.025,0.057,0.046,0.034,0.011,0.690,0.057,1.000,0.966,true,0.001
4,00-0020245,Mike Vick,QB,PIT,2015,7,8,2,0,false,Hamstring,false,1,8,0.606,8.294,,,,,,,,,,,,,false,
5,00-0020337,Steve Smith,WR,CAR,2013,17,17,1,0,false,Knee,true,1,8,0.845,10.225,201401,3,0.817,21.475,0.864,0.781,0.734,0.888,0.982,0.817,0.959,1.006,true,2.100
7,00-0020498,Reggie Wayne,WR,IND,2014,8,8,1,0,false,Elbow,false,1,8,0.859,13.212,201409,1,1.001,10.550,0.838,1.036,1.083,1.048,0.908,0.873,0.897,0.338,true,0.798
8,00-0020531,Drew Brees,QB,NO,2015,3,3,1,0,false,right Shoulder,false,1,8,1.000,18.780,201504,0,1.000,16.535,1.000,1.000,1.000,1.000,1.000,1.000,1.000,1.000,true,0.880
9,00-0020531,Drew Brees,QB,NO,2019,3,7,5,0,false,right Thumb,false,1,8,0.971,18.092,201908,0,0.994,19.990,0.947,1.030,0.988,1.009,0.988,0.968,0.927,0.999,true,1.105
10,00-0020531,Drew Brees,QB,NO,2020,11,14,4,4,true,right Shoulder,false,1,8,0.951,19.375,202015,0,0.946,15.847,1.030,0.957,0.852,,,,,,true,0.818
13,00-0021206,Josh McCown,QB,CLE,2015,2,2,1,0,false,Concussion,false,1,8,1.000,11.855,201503,0,1.000,22.270,1.000,1.000,1.000,1.000,0.910,0.890,0.810,1.000,true,1.879
14,00-0021206,Josh McCown,QB,CLE,2015,9,9,1,0,false,right Shoulder,false,1,8,0.897,13.915,201512,0,0.883,11.270,0.903,1.114,1.070,0.446,0.624,1.103,1.114,1.114,true,0.810
15,00-0021206,Josh McCown,QB,CLE,2016,3,7,5,0,false,left Shoulder,false,1,8,0.860,16.520,201608,3,0.846,9.425,1.116,0.465,0.651,1.151,1.163,1.163,1.163,1.163,true,0.571
16,00-0021206,Josh McCown,QB,NYJ,2017,15,17,3,3,true,Unlabeled (IR),true,1,8,1.000,20.258,201810,0,0.765,5.190,1.000,1.000,1.000,0.060,0.080,0.080,0.060,,true,0.256
17,00-0021206,Josh McCown,QB,HOU,2020,10,12,2,0,false,Not Injury Related,false,2,8,0.600,6.400,,,,,,,,,,,,,false,
19,00-0021429,Carson Palmer,QB,ARI,2014,5,5,1,0,false,right Shoulder,false,1,8,0.994,16.155,201406,0,1.006,18.685,1.006,1.006,1.006,1.006,0.865,1.006,1.006,0.966,true,1.157
20,00-0021429,Carson Palmer,QB,ARI,2016,5,5,1,0,false,Concussion,false,1,8,0.882,16.030,201606,0,1.108,16.015,1.031,1.133,1.133,1.133,1.133,1.133,1.133,1.133,true,0.999
21,00-0021429,Carson Palmer,QB,ARI,2017,9,17,9,9,true,Unlabeled (IR),true,1,8,0.989,16.863,,,,,,,,,,,,,false,
22,00-0021570,Kassim Osgood,WR,SF,2014,2,15,13,13,true,Unlabeled (IR),false,1,8,0.073,0.450,,,,,,,,,,,,,false,
23,00-0021678,Tony Romo,QB,DAL,2013,17,17,1,0,false,Back,true,1,8,0.975,15.732,201401,0,1.026,15.210,1.026,1.026,1.026,1.026,1.026,1.026,1.026,0.841,true,0.967
24,00-0021678,Tony Romo,QB,DAL,2015,1,9,16,7,true,Back,false,3,8,0.946,19.080,201617,,0.127,5.160,0.127,,,,,,,,true,0.270
30,00-0022178,Willis McGahee,RB,CLE,2013,15,15,1,0,false,Concussion,false,1,8,0.366,5.988,201316,,0.082,,0.082,,,,,,,,true,
33,00-0022414,Malcom Floyd,WR,SD,2015,11,11,1,0,false,Shoulder,false,1,8,0.794,9.988,201512,0,1.093,3.750,0.983,1.109,1.184,1.096,1.159,0.265,,,true,0.375
35,00-0022427,Wes Welker,WR,DEN,2013,15,17,3,0,false,Concussion,true,1,8,0.841,13.138,201403,3,0.823,10.150,0.773,0.999,0.571,0.951,0.927,0.689,0.975,1.117,true,0.773
37,00-0022787,Matt Schaub,QB,HOU,2013,7,7,1,0,false,Ankle,false,1,5,0.956,13.828,201311,2,0.756,7.055,0.492,0.439,1.046,1.046,0.251,1.046,1.046,0.031,true,0.510
38,00-0022787,Matt Schaub,QB,OAK,2014,4,4,1,0,false,Not Injury Related,false,1,8,0.777,9.637,201413,1,0.730,6.170,0.309,1.286,1.286,0.039,0.270,0.129,0.026,0.141,true,0.640
40,00-0022811,Jerricho Cotchery,WR,CAR,2015,3,4,2,0,false,Ankle,false,1,8,0.663,7.625,201506,,0.585,5.350,0.558,0.513,0.619,0.649,0.468,0.543,0.815,0.498,true,0.702
41,00-0022847,Ben Hartsock,TE,CAR,2013,11,12,2,0,false,Knee,false,1,8,0.400,0.000,201314,1,0.812,0.000,0.525,1.450,1.025,0.250,,,,,true,
43,00-0022921,Larry Fitzgerald,WR,ARI,2020,12,13,2,2,true,Not Injury Related,false,1,8,0.801,6.875,202014,,0.944,8.100,0.899,0.849,1.086,,,,,,true,1.178
45,00-0022924,Ben Roethlisberger,QB,PIT,2015,4,6,3,0,false,Knee,false,1,8,0.991,19.607,201508,0,0.936,19.710,1.009,0.868,0.898,0.968,0.999,0.979,1.009,1.009,true,1.005
46,00-0022924,Ben Roethlisberger,QB,PIT,2016,7,7,1,0,false,Knee,false,1,8,0.988,20.350,201609,0,0.987,19.200,1.013,1.003,1.013,0.922,1.003,1.013,1.013,1.013,true,0.943
47,00-0022924,Ben Roethlisberger,QB,PIT,2019,3,17,14,14,true,Not Injury Related,true,1,8,0.960,17.960,202001,0,1.039,20.210,1.042,1.042,1.042,1.031,0.927,1.042,1.021,0.979,true,1.125
48,00-0022924,Ben Roethlisberger,QB,PIT,2020,17,17,1,0,false,Not Injury Related,true,1,8,0.974,17.155,202101,0,1.027,12.080,1.027,1.027,1.027,1.027,1.027,1.027,1.027,1.027,true,0.704
49,00-0022924,Ben Roethlisberger,QB,PIT,2021,10,10,1,1,true,Pectoral,false,1,8,1.000,14.422,202111,0,1.000,18.900,1.000,1.000,1.000,1.000,1.000,0.860,1.000,1.000,true,1.310
51,00-0022943,Benjamin Watson,TE,NO,2013,11,11,1,0,false,Concussion,false,1,8,0.496,4.643,201312,4,0.776,3.325,0.806,0.705,0.866,0.725,1.169,1.270,0.746,0.987,true,0.716
52,00-0022943,Benjamin Watson,TE,BAL,2016,1,17,16,16,true,Unlabeled (IR),true,1,8,0.833,12.638,201701,,0.799,9.150,0.733,0.889,0.829,0.745,1.069,0.841,0.961,0.589,true,0.724
54,00-0022999,John Kuhn,RB,NO,2017,4,17,13,13,true,Biceps,true,1,8,0.234,2.729,,,,,,,,,,,,,false,
58,00-0023310,Lance Moore,WR,PIT,2014,1,2,2,0,false,Groin,false,1,8,0.433,7.075,201403,,0.486,5.133,0.023,0.416,0.439,1.064,0.786,0.624,0.462,0.647,true,0.726
59,00-0023310,Lance Moore,WR,DET,2015,13,13,1,0,false,Ankle,false,1,8,0.640,9.137,201515,1,0.880,1.800,0.766,0.969,0.906,,,,,,true,0.197
60,00-0023367,Nate Washington,WR,HOU,2015,5,6,2,0,false,Hamstring,false,1,8,0.902,9.963,201507,0,0.978,14.900,1.042,0.920,1.019,0.931,0.875,0.920,0.898,0.798,true,1.496
61,00-0023436,Alex Smith,QB,KC,2014,17,17,1,0,false,Spleen,true,1,8,0.986,14.445,201501,0,1.014,16.300,1.014,1.014,1.014,1.014,1.014,1.014,1.014,0.892,true,1.128
62,00-0023436,Alex Smith,QB,KC,2016,9,9,1,0,false,Head,false,1,8,0.998,15.172,201610,0,1.003,13.840,1.003,1.003,1.003,1.003,1.003,1.003,0.992,0.952,true,0.912
63,00-0023436,Alex Smith,QB,WAS,2018,12,17,22,22,true,Unlabeled (IR),true,2,8,1.000,14.213,202005,2,0.838,9.230,0.540,0.810,1.000,1.000,1.000,1.000,0.510,1.000,true,0.649
64,00-0023436,Alex Smith,QB,WAS,2020,15,15,1,0,false,Calf,false,1,8,0.879,9.780,202017,,1.138,10.480,1.138,,,,,,,,true,1.072
67,00-0023459,Aaron Rodgers,QB,GB,2013,10,16,7,0,false,Collarbone,false,1,7,1.000,21.463,201317,0,1.000,16.475,1.000,1.000,1.000,1.000,1.000,0.760,1.000,0.840,true,0.768
68,00-0023459,Aaron Rodgers,QB,GB,2017,7,14,7,7,true,Right Collarbone,false,1,8,0.988,23.793,201715,2,0.954,20.695,1.013,0.780,1.013,1.013,1.013,1.013,1.013,1.013,true,0.870
69,00-0023459,Aaron Rodgers,QB,GB,2017,16,17,2,2,true,Unlabeled (IR),true,1,8,0.878,22.385,201801,0,1.074,18.975,0.877,1.140,1.140,1.140,1.140,1.140,1.140,1.140,true,0.848
70,00-0023459,Aaron Rodgers,QB,GB,2021,9,9,1,1,true,Unlabeled (IR),false,1,8,0.961,20.675,202110,0,1.027,24.975,1.040,1.020,1.040,1.009,1.040,1.040,0.874,0.479,true,1.208
71,00-0023459,Aaron Rodgers,QB,NYJ,2023,2,18,16,13,true,Achilles,true,1,8,0.961,14.195,202401,1,0.975,14.090,0.780,1.040,1.040,1.040,1.040,1.040,1.040,1.040,true,0.993
72,00-0023460,Jason Campbell,QB,CLE,2013,13,13,1,0,false,Concussion,false,1,4,0.755,13.515,201314,0,1.325,14.595,1.325,1.325,1.325,1.325,0.172,0.132,0.159,0.212,true,1.080
73,00-0023462,Roddy White,WR,ATL,2013,7,8,2,0,false,Hamstring,false,1,4,0.705,4.600,201310,0,1.376,10.575,1.348,1.404,1.376,1.376,1.376,1.333,1.418,1.404,true,2.299
75,00-0023496,Vincent Jackson,WR,TB,2015,1,16,15,15,true,Knee,false,1,8,0.959,13.050,201601,1,0.892,6.425,0.834,0.897,0.897,0.939,0.761,,,,true,0.492
76,00-0023496,Vincent Jackson,WR,TB,2016,7,17,11,11,true,Unlabeled (IR),true,1,8,0.751,8.262,,,,,,,,,,,,,false,
77,00-0023500,Frank Gore,RB,MIA,2018,16,17,2,2,true,Not Injury Related,true,1,8,0.450,8.562,201901,1,1.083,11.525,0.644,1.356,1.356,0.978,1.156,1.222,0.644,0.756,true,1.346
78,00-0023500,Frank Gore,RB,NYJ,2020,17,17,1,1,true,Chest,true,1,8,0.412,7.425,,,,,,,,,,,,,false,
83,00-0023564,Darren Sproles,RB,PHI,2016,15,15,1,0,false,Concussion,false,1,8,0.510,10.213,201616,2,1.000,10.050,0.941,0.745,0.961,1.353,0.137,0.784,0.235,0.863,true,0.984
84,00-0023564,Darren Sproles,RB,PHI,2017,4,17,13,13,true,Unlabeled (IR),true,1,8,0.453,10.325,201801,,0.702,8.900,0.884,0.265,0.972,0.685,1.105,0.840,0.663,0.773,true,0.862
85,00-0023564,Darren Sproles,RB,PHI,2018,2,12,10,0,false,Hamstring,false,1,8,0.446,10.075,201813,3,0.768,12.050,0.269,0.986,0.695,1.120,0.852,0.672,0.784,0.807,true,1.196
86,00-0023564,Darren Sproles,RB,PHI,2019,6,8,3,0,false,Quadricep,false,1,8,0.344,7.525,201909,,0.349,2.000,0.349,,,,,,,,true,0.266
87,00-0023564,Darren Sproles,RB,PHI,2019,11,17,7,7,true,Quadricep,true,1,8,0.306,6.000,,,,,,,,,,,,,false,
89,00-0023645,Derek Anderson,QB,CAR,2016,17,17,1,0,false,Illness,true,1,8,0.351,4.280,201703,3,0.883,-0.130,0.427,0.199,0.057,2.847,2.762,,,,true,-0.030
90,00-0023645,Derek Anderson,QB,BUF,2018,10,14,4,0,false,Concussion,false,1,8,0.335,2.269,,,,,,,,,,,,,false,
92,00-0023662,Matt Cassel,QB,MIN,2014,1,3,3,3,true,Unlabeled (IR),false,1,8,0.785,12.240,201501,1,0.962,13.107,0.025,1.274,1.274,1.274,1.274,0.548,1.274,1.274,true,1.071
93,00-0023682,Ryan Fitzpatrick,QB,MIA,2020,17,17,1,1,true,Unlabeled (IR),true,1,8,0.904,17.808,202101,,0.321,0.720,0.321,,,,,,,,true,0.040
94,00-0023682,Ryan Fitzpatrick,QB,WAS,2021,2,18,16,16,true,Hip,true,1,8,0.812,18.538,,,,,,,,,,,,,false,
95,00-0023752,Daniel Fells,TE,NYG,2015,1,2,6,6,true,Foot,false,2,8,0.407,2.186,,,,,,,,,,,,,false,
98,00-0024204,Fred Jackson,RB,BUF,2014,8,8,1,0,false,Groin,false,1,8,0.581,16.337,201410,2,1.011,13.075,0.637,0.826,1.273,1.308,1.273,1.187,0.998,0.292,true,0.800
99,00-0024217,Reggie Bush,RB,SF,2015,1,8,8,8,true,Calf,false,1,8,0.361,10.287,201601,4,0.138,0.167,0.221,0.111,0.111,0.111,0.886,0.941,0.249,0.554,true,0.016
100,00-0024221,Vernon Davis,TE,SF,2015,5,5,1,0,false,Knee,false,1,8,0.984,4.829,201506,1,0.666,4.625,0.590,0.945,0.956,0.173,0.488,0.691,0.783,0.386,true,0.958
101,00-0024221,Vernon Davis,TE,WAS,2019,5,17,12,6,false,Concussion,true,1,8,0.598,7.287,,,,,,,,,,,,,false,
103,00-0024226,Jay Cutler,QB,CHI,2013,9,9,1,0,false,Groin,false,1,6,1.000,18.067,201310,3,0.915,15.280,0.840,1.000,0.820,1.000,1.000,1.000,1.000,0.870,true,0.846
104,00-0024226,Jay Cutler,QB,CHI,2013,11,14,4,0,false,Ankle,false,1,7,0.893,15.360,201315,0,1.070,16.770,1.120,0.918,1.120,1.120,1.120,1.120,0.974,1.120,true,1.092
105,00-0024226,Jay Cutler,QB,CHI,2015,3,3,1,0,false,Hamstring,false,1,8,0.989,14.958,201504,0,1.011,18.420,1.011,1.011,1.011,1.011,1.011,1.011,1.011,1.011,true,1.231
106,00-0024226,Jay Cutler,QB,CHI,2016,13,17,5,4,false,right Shoulder,true,1,8,0.966,11.508,201702,0,1.030,9.085,1.035,1.035,1.035,1.014,1.035,0.528,1.035,1.035,true,0.789
107,00-0024226,Jay Cutler,QB,MIA,2017,8,8,1,0,false,Ribs,false,1,8,0.998,10.115,201709,0,0.837,13.445,1.003,1.003,0.381,0.962,1.003,1.003,1.003,0.040,true,1.329
108,00-0024226,Jay Cutler,QB,MIA,2017,12,12,1,0,false,Concussion,false,1,8,0.936,12.332,201713,0,1.057,14.380,1.025,1.068,1.068,1.068,0.043,,,,true,1.166
110,00-0024240,Santonio Holmes,WR,NYJ,2013,5,9,5,0,false,Foot,false,1,3,0.763,12.267,201311,3,0.668,6.600,0.694,0.983,0.052,0.943,1.114,0.904,1.035,0.498,true,0.538
111,00-0024242,DeAngelo Williams,RB,CAR,2014,5,8,3,0,false,Ankle,false,2,8,0.420,10.825,201409,0,0.774,4.675,0.929,0.881,0.833,0.452,2.024,2.214,0.190,0.238,true,0.432
112,00-0024242,DeAngelo Williams,RB,CAR,2014,14,14,1,0,false,Hand,false,1,8,0.395,9.688,201501,0,1.241,11.525,2.152,2.354,0.203,0.253,0.405,0.101,0.456,1.797,true,1.190
113,00-0024242,DeAngelo Williams,RB,PIT,2016,7,7,1,0,false,Knee,false,1,8,0.661,16.075,201609,,0.439,12.250,0.091,0.030,1.195,,,,,,true,0.762
114,00-0024242,DeAngelo Williams,RB,PIT,2016,10,13,4,0,false,Knee,false,1,8,0.557,14.125,201616,,0.726,24.400,0.036,1.417,,,,,,,true,1.727
117,00-0024243,Marcedes Lewis,TE,JAX,2016,12,17,6,6,true,Unlabeled (IR),true,1,8,0.424,4.062,201701,0,1.900,7.050,2.360,1.912,1.251,2.077,1.959,1.770,2.053,1.841,true,1.735
119,00-0024268,Anthony Fasano,TE,KC,2013,14,15,2,0,false,Concussion,false,1,7,0.880,6.614,201316,0,1.068,6.500,1.057,1.034,1.045,1.136,1.023,1.068,0.864,0.966,true,0.983
121,00-0024272,Devin Hester,WR,ATL,2015,1,4,4,0,false,Toe,false,1,8,0.276,5.275,201514,,0.054,0.000,0.072,0.036,,,,,,,true,0.000
123,00-0024276,Tony Scheffler,TE,DET,2013,6,7,2,0,false,Concussion,false,1,4,0.198,1.900,,,,,,,,,,,,,false,
124,00-0024296,Charlie Whitehurst,QB,TEN,2015,1,16,14,14,true,Unlabeled (IR),false,2,8,0.650,9.720,201605,,1.046,9.380,1.046,,,,,,,,true,0.965
125,00-0024313,Owen Daniels,TE,BAL,2014,8,8,1,0,false,Knee,false,1,8,0.759,9.987,201409,0,1.143,5.750,0.988,1.213,1.186,1.186,1.278,1.252,1.278,1.199,true,0.576
126,00-0024318,Brad Smith,WR,PHI,2014,6,8,2,0,false,Groin,false,1,8,0.041,0.817,201410,0,3.394,0.000,4.364,2.182,1.939,5.091,0.485,0.485,1.939,1.212,true,0.000
129,00-0024334,Brandon Marshall,WR,CHI,2014,1,14,13,13,true,Ankle,false,1,8,0.916,19.263,201501,0,1.048,21.500,1.070,1.091,1.080,0.950,0.928,1.091,0.982,1.004,true,1.116
130,00-0024334,Brandon Marshall,WR,NYG,2017,6,17,11,11,true,Toe,true,1,8,0.854,6.488,201801,,0.712,7.125,0.761,0.937,0.726,0.422,0.141,0.445,0.035,,true,1.098
132,00-0024389,Delanie Walker,TE,TEN,2018,2,17,15,15,true,Unlabeled (IR),true,1,8,0.746,11.775,201901,,0.640,11.300,0.616,0.750,0.777,0.415,0.576,0.777,0.107,,true,0.960
133,00-0024389,Delanie Walker,TE,TEN,2019,8,17,8,5,false,Ankle,true,2,8,0.501,8.575,,,,,,,,,,,,,false,
136,00-0024466,Marques Colston,WR,NO,2015,17,17,1,0,false,Chest,true,1,8,0.621,9.712,,,,,,,,,,,,,false,
138,00-0024813,Pierre Thomas,RB,NO,2014,1,16,15,15,true,Rib,false,1,8,0.519,14.025,201509,,0.270,6.433,0.116,0.116,0.039,0.810,0.501,,,,true,0.459
139,00-0025394,Adrian Peterson,RB,MIN,2016,3,14,11,11,true,Knee,false,1,8,0.595,13.363,201615,5,0.349,2.850,0.353,0.252,0.387,0.403,0.134,1.244,0.908,1.294,true,0.213
140,00-0025394,Adrian Peterson,RB,MIN,2016,16,17,2,0,false,Knee,true,1,8,0.592,12.425,201701,4,0.295,2.625,0.253,0.388,0.405,0.135,1.249,0.911,1.300,0.759,true,0.211
141,00-0025394,Adrian Peterson,RB,ARI,2017,14,17,4,3,false,Neck,true,1,8,0.461,7.900,201801,4,0.867,15.200,1.149,0.737,1.127,0.455,1.149,1.236,1.301,0.997,true,1.924
142,00-0025396,Ted Ginn,WR,NO,2018,5,15,10,9,false,Knee,false,1,8,0.656,10.950,201816,1,0.926,11.000,0.625,1.128,0.914,1.036,1.082,0.975,1.021,1.067,true,1.005
143,00-0025399,Marshawn Lynch,RB,SEA,2015,5,5,1,0,false,Hamstring,false,1,8,0.662,15.862,201506,2,1.117,13.200,1.238,0.845,1.192,1.192,0.709,0.604,0.468,0.649,true,0.832
144,00-0025399,Marshawn Lynch,RB,SEA,2015,12,17,6,0,false,Abdomen,true,1,8,0.600,13.825,201701,,0.671,6.725,0.783,0.667,0.517,0.717,0.800,0.867,0.200,1.017,true,0.486
145,00-0025399,Marshawn Lynch,RB,OAK,2018,8,17,10,10,true,Unlabeled (IR),true,1,8,0.580,13.175,201917,,0.534,9.400,0.534,,,,,,,,true,0.713
148,00-0025410,Dwayne Bowe,WR,KC,2013,17,17,1,0,false,Concussion,true,1,8,0.798,11.225,201402,0,1.019,8.375,1.053,0.953,0.991,1.078,1.078,0.991,1.041,1.166,true,0.746
149,00-0025418,Greg Olsen,TE,CAR,2017,3,10,8,8,true,Unlabeled (IR),false,1,8,0.887,8.738,201712,1,0.890,8.575,0.383,1.037,1.093,1.048,1.048,0.270,1.104,1.127,true,0.981
150,00-0025418,Greg Olsen,TE,CAR,2018,2,5,3,0,false,Foot,false,1,8,0.764,5.913,201806,0,1.283,13.125,1.283,1.309,1.270,1.270,1.034,1.270,1.283,0.249,true,2.220
151,00-0025418,Greg Olsen,TE,CAR,2018,14,17,4,4,true,Foot,true,1,8,0.863,9.725,201901,0,1.026,13.150,1.090,0.962,0.928,1.125,1.136,1.043,0.904,1.067,true,1.352
152,00-0025418,Greg Olsen,TE,CAR,2019,14,15,2,0,false,Concussion,false,1,8,0.924,7.488,201916,,0.625,5.225,0.617,0.401,0.714,0.769,0.682,0.606,0.899,0.671,true,0.698
153,00-0025418,Greg Olsen,TE,SEA,2020,12,15,4,4,true,Foot,false,1,8,0.626,4.375,202016,,0.303,2.500,0.303,,,,,,,,true,0.571
155,00-0025425,Zach Miller,TE,SEA,2014,1,10,9,9,true,Ankle,false,1,8,0.828,7.714,,,,,,,,,,,,,false,
156,00-0025430,Drew Stanton,QB,ARI,2014,17,17,1,0,false,Knee,true,1,8,0.857,11.260,201503,,0.128,-0.087,0.047,0.327,0.012,0.128,0.082,0.198,0.478,0.210,true,-0.008
157,00-0025430,Drew Stanton,QB,CLE,2019,3,17,14,14,true,Knee,true,1,8,0.604,6.462,,,,,,,,,,,,,false,
160,00-0025460,Jacoby Jones,WR,SD,2015,3,4,2,0,false,Ankle,false,1,8,0.145,1.813,201506,,0.207,0.000,0.207,,,,,,,,true,0.000
162,00-0025464,Matt Spaeth,TE,PIT,2015,4,4,1,0,false,Hand,false,1,8,0.359,1.650,201505,4,0.794,0.700,1.115,0.725,0.780,0.557,0.864,1.505,0.557,0.585,true,0.424
163,00-0025464,Matt Spaeth,TE,PIT,2015,9,10,2,0,false,Knee,false,1,8,0.329,0.000,201512,0,0.958,1.600,0.943,1.643,0.608,0.639,0.456,0.760,,,true,
168,00-0025631,Jason Snelling,RB,ATL,2013,8,8,1,0,false,Ankle,false,1,5,0.344,11.700,201309,,0.305,3.800,0.116,0.610,0.203,0.291,0.233,0.291,0.814,0.930,true,0.325
170,00-0025708,Matt Moore,QB,MIA,2017,13,14,2,0,false,Foot,false,1,8,0.681,10.867,201901,1,1.028,10.615,0.191,0.983,1.468,1.468,0.029,0.015,,,true,0.977
172,00-0026019,Danny Woodhead,RB,SD,2014,1,3,3,3,true,Unlabeled (IR),false,1,8,0.439,12.725,201501,0,1.157,15.675,1.185,1.162,1.026,1.254,0.889,1.231,1.026,0.843,true,1.232
173,00-0026019,Danny Woodhead,RB,SD,2016,3,17,14,14,true,Unlabeled (IR),true,1,8,0.561,14.500,201701,,0.423,6.700,0.160,0.392,0.588,0.552,0.677,0.535,0.463,0.695,true,0.462
174,00-0026019,Danny Woodhead,RB,BAL,2017,2,9,8,8,true,Thigh,false,1,8,0.501,14.688,201711,,0.618,6.925,0.439,0.658,0.618,0.758,0.599,0.519,0.778,,true,0.471
177,00-0026035,Danny Amendola,WR,NE,2016,14,17,4,0,false,Ankle,true,1,8,0.359,4.050,201701,0,1.484,13.925,1.115,1.338,1.422,2.063,1.199,1.422,1.031,1.087,true,3.438
178,00-0026035,Danny Amendola,WR,NE,2017,2,2,1,0,false,Concussion,false,1,8,0.360,4.800,201703,0,1.500,11.675,1.333,1.417,2.056,1.194,1.417,1.028,1.083,1.611,true,2.432
179,00-0026035,Danny Amendola,WR,DET,2020,11,12,2,0,false,Hip,false,1,8,0.539,8.162,202013,0,0.928,8.875,0.910,0.947,0.780,1.077,0.761,0.408,0.371,0.798,true,1.087
180,00-0026035,Danny Amendola,WR,HOU,2021,3,4,2,0,false,Thigh,false,1,8,0.458,8.800,202107,0,0.962,3.725,0.940,1.399,1.071,0.437,0.852,1.158,,,true,0.423
181,00-0026035,Danny Amendola,WR,HOU,2021,13,17,4,4,true,Knee,false,2,8,0.396,5.188,202118,,1.338,32.300,1.338,,,,,,,,true,6.227
182,00-0026069,Mike Tolbert,RB,BUF,2017,11,13,3,0,false,Hamstring,false,1,8,0.255,4.813,201714,1,1.007,2.833,0.745,0.863,1.412,,,,,,true,0.589
183,00-0026143,Matt Ryan,QB,IND,2022,8,9,2,0,false,right Shoulder,false,1,8,0.995,12.615,202210,0,1.005,12.645,1.005,1.005,1.005,1.005,1.005,,,,true,1.002
185,00-0026144,Darren McFadden,RB,OAK,2013,10,12,3,0,false,Hamstring,false,1,6,0.677,13.473,201313,4,0.587,4.525,0.296,0.502,0.842,0.709,1.020,1.404,1.005,1.123,true,0.336
186,00-0026144,Darren McFadden,RB,OAK,2013,14,15,2,0,false,Ankle,false,1,7,0.606,11.906,201316,3,0.858,7.900,0.561,0.941,0.792,1.139,1.568,1.123,1.255,1.288,true,0.664
188,00-0026153,Jonathan Stewart,RB,CAR,2013,15,17,3,0,false,Knee,true,1,5,0.304,5.040,201401,0,1.826,8.700,1.151,2.171,1.382,2.599,3.026,2.007,1.480,1.480,true,1.726
189,00-0026153,Jonathan Stewart,RB,CAR,2015,15,17,3,0,false,Foot,true,1,8,0.726,14.712,201601,2,0.709,13.375,0.799,0.165,0.923,0.950,0.950,1.005,1.088,0.799,true,0.909
190,00-0026153,Jonathan Stewart,RB,CAR,2016,3,5,3,0,false,Hamstring,false,1,8,0.660,13.237,201606,0,1.053,12.900,1.015,1.045,1.045,1.106,1.197,0.879,1.091,1.258,true,0.975
191,00-0026153,Jonathan Stewart,RB,NYG,2018,4,17,13,13,true,Foot,true,1,8,0.314,8.338,,,,,,,,,,,,,false,
192,00-0026158,Joe Flacco,QB,BAL,2018,12,12,1,0,false,Hip,false,1,8,0.949,16.108,201901,0,1.054,14.385,1.054,1.054,1.054,1.054,1.054,1.054,1.043,1.054,true,0.893
193,00-0026158,Joe Flacco,QB,DEN,2019,9,2,10,8,true,Neck,false,2,8,0.999,10.657,202004,1,0.763,10.090,0.050,1.001,1.001,1.001,1.001,0.080,1.001,1.001,true,0.947
194,00-0026158,Joe Flacco,QB,NYJ,2021,12,16,2,2,true,Unlabeled (IR),false,2,8,0.765,9.377,202201,0,1.010,10.670,1.307,1.307,1.307,0.118,1.307,1.307,1.268,1.294,true,1.138
196,00-0026164,Chris Johnson,RB,ARI,2016,1,1,1,1,true,Unlabeled (IR),false,1,8,0.511,11.825,201602,,0.406,4.925,0.626,0.078,0.411,0.509,0.743,0.802,0.782,,true,0.416
197,00-0026164,Chris Johnson,RB,ARI,2016,5,17,12,12,true,Groin,true,1,8,0.356,6.525,201702,1,1.018,5.175,0.730,1.067,1.151,1.123,,,,,true,0.793
199,00-0026173,Donnie Avery,WR,KC,2014,5,12,7,0,false,Groin,false,1,8,0.617,5.700,201413,,0.502,1.000,0.972,0.032,,,,,,,true,0.175
201,00-0026176,Jordy Nelson,WR,GB,2017,17,17,1,0,false,Shoulder,true,1,8,0.930,5.387,201801,0,0.911,14.350,1.043,0.892,0.774,0.935,0.957,1.022,0.968,0.806,true,2.664
202,00-0026176,Jordy Nelson,WR,OAK,2018,11,11,1,0,false,Knee,false,1,8,0.860,10.037,201812,0,1.081,11.275,1.047,1.058,1.093,1.128,0.919,1.035,,,true,1.123
205,00-0026182,Eddie Royal,WR,CHI,2015,9,12,4,0,false,Knee,false,1,8,0.841,11.312,201514,0,0.936,8.350,1.070,1.129,0.785,0.761,0.868,0.927,0.618,0.666,true,0.738
206,00-0026182,Eddie Royal,WR,CHI,2016,7,7,1,0,false,Toe,false,1,8,0.718,11.137,201610,,0.595,2.367,1.017,0.557,0.209,,,,,,true,0.212
207,00-0026182,Eddie Royal,WR,CHI,2016,15,17,3,2,false,Toe,true,1,8,0.600,10.938,,,,,,,,,,,,,false,
209,00-0026184,Matt Forte,RB,CHI,2015,9,9,1,0,false,Knee,false,1,8,0.876,18.213,201512,5,0.585,16.075,0.628,0.639,0.536,0.536,0.445,0.947,0.867,0.924,true,0.883
210,00-0026184,Matt Forte,RB,NYJ,2016,17,17,1,1,true,Knee,true,1,8,0.503,13.213,201701,0,1.010,9.325,1.194,0.955,0.736,1.154,0.995,0.955,0.955,0.816,true,0.706
211,00-0026184,Matt Forte,RB,NYJ,2017,4,5,2,0,false,Knee,false,1,8,0.430,8.975,201706,0,1.186,16.525,1.349,1.163,1.116,1.116,0.953,0.884,1.209,0.837,true,1.841
212,00-0026184,Matt Forte,RB,NYJ,2017,10,10,1,0,false,Knee,false,1,8,0.406,8.287,201712,0,1.028,7.875,1.009,0.935,1.280,0.886,1.034,,,,true,0.950
213,00-0026184,Matt Forte,RB,NYJ,2017,17,17,1,1,true,Knee,true,1,8,0.464,12.200,,,,,,,,,,,,,false,
216,00-0026189,DeSean Jackson,WR,WAS,2015,2,7,5,0,false,Hamstring,false,2,8,0.794,14.150,201509,4,0.876,11.300,1.058,0.605,1.109,0.731,0.932,0.869,0.794,0.882,true,0.799
217,00-0026189,DeSean Jackson,WR,TB,2017,16,16,1,0,false,Ankle,false,1,8,0.647,9.763,201801,1,0.807,19.350,0.463,0.911,0.896,0.958,0.803,0.695,0.803,0.741,true,1.982
218,00-0026189,DeSean Jackson,WR,TB,2018,13,15,3,0,false,Thumb,false,1,8,0.570,10.938,201816,4,0.539,13.567,0.632,1.211,0.228,0.088,0.947,1.351,0.544,0.842,true,1.240
219,00-0026189,DeSean Jackson,WR,PHI,2019,3,8,6,0,false,Abdomen,false,1,8,0.547,12.113,201909,1,0.763,5.900,0.091,0.986,1.406,0.566,0.877,0.493,0.493,0.091,true,0.487
220,00-0026189,DeSean Jackson,WR,PHI,2019,11,17,7,7,true,Unlabeled (IR),true,1,8,0.508,12.229,202001,0,1.034,7.425,1.064,1.517,0.611,0.946,0.532,0.532,0.099,0.631,true,0.607
221,00-0026189,DeSean Jackson,WR,PHI,2020,4,6,3,0,false,Hamstring,false,1,8,0.473,10.429,202007,,0.566,8.933,1.016,0.571,0.571,0.106,0.677,0.677,0.635,0.508,true,0.857
222,00-0026189,DeSean Jackson,WR,PHI,2020,8,15,7,7,true,Hamstring,false,1,8,0.417,9.757,202016,,0.545,13.400,0.647,0.647,0.120,0.766,0.766,0.719,0.575,0.144,true,1.373
223,00-0026189,DeSean Jackson,WR,PHI,2020,17,17,1,0,false,Ankle,true,1,8,0.416,10.057,202101,,0.577,8.900,0.649,0.120,0.769,0.769,0.721,0.577,0.144,0.408,true,0.885
224,00-0026189,DeSean Jackson,WR,LA,2021,8,8,1,0,false,Not injury related - resting player,false,1,8,0.281,8.400,202110,1,1.244,6.200,0.604,1.209,1.707,1.458,1.813,1.031,1.849,0.924,true,0.738
225,00-0026197,Chad Henne,QB,KC,2019,1,8,8,8,true,Unlabeled (IR),false,1,8,0.580,7.537,202007,,0.703,6.850,0.345,0.310,1.724,0.431,0.069,0.103,0.155,0.121,true,0.909
226,00-0026201,Martellus Bennett,TE,CHI,2015,1,1,13,13,true,Ribs,false,2,8,0.910,12.312,201602,0,0.951,18.150,1.099,1.077,0.868,0.758,0.615,0.582,0.659,0.714,true,1.474
227,00-0026201,Martellus Bennett,TE,NE,2017,13,17,5,5,true,Shoulder,true,1,8,0.745,6.762,,,,,,,,,,,,,false,
229,00-0026213,Jamaal Charles,RB,KC,2015,1,5,5,5,true,Unlabeled (IR),false,1,8,0.801,18.450,201604,,0.218,3.850,0.162,0.287,0.050,0.374,0.324,0.374,0.212,0.312,true,0.209
230,00-0026213,Jamaal Charles,RB,KC,2016,8,17,10,9,false,Knee,true,1,8,0.609,15.338,201701,,0.423,6.650,0.493,0.427,0.493,0.279,0.411,0.378,0.296,0.509,true,0.434
233,00-0026224,Harry Douglas,WR,ATL,2014,5,7,3,0,false,Foot,false,1,8,0.905,10.750,201408,,0.619,5.300,0.519,0.519,0.718,0.718,0.751,0.840,0.917,0.696,true,0.493
234,00-0026224,Harry Douglas,WR,TEN,2015,7,8,2,0,false,Ribs,false,1,8,0.713,8.637,201509,0,1.263,8.350,1.165,1.123,1.404,1.361,0.982,1.221,1.179,1.249,true,0.967
235,00-0026224,Harry Douglas,WR,TEN,2017,1,11,10,10,true,Unlabeled (IR),false,1,8,0.249,5.317,201712,,0.824,1.800,0.965,0.683,,,,,,,true,0.339
237,00-0026225,Craig Stevens,TE,TEN,2013,13,13,1,0,false,Concussion,false,1,8,0.419,0.533,201314,2,1.009,,0.525,0.525,1.409,1.576,0.645,0.334,0.931,0.597,true,
238,00-0026225,Craig Stevens,TE,TEN,2014,1,7,7,6,true,Quadricep,false,1,8,0.373,0.625,201501,0,1.336,2.767,1.879,1.020,1.396,1.047,0.698,0.698,1.047,1.503,true,4.427
241,00-0026267,Jacob Tamme,TE,ATL,2015,4,4,1,0,false,Concussion,false,1,8,0.398,3.971,201505,0,1.969,14.125,1.987,1.836,2.013,2.038,2.390,1.811,2.088,1.962,true,3.557
242,00-0026267,Jacob Tamme,TE,ATL,2016,9,17,8,6,false,Shoulder,true,1,8,0.719,8.400,,,,,,,,,,,,,false,
243,00-0026281,Gary Barnidge,TE,CLE,2014,14,15,2,0,false,Rib,false,1,8,0.459,2.371,201417,1,1.292,10.667,0.174,1.853,1.417,1.722,1.896,1.984,1.722,1.635,true,4.498
245,00-0026293,Matt Slater,WR,NE,2016,12,12,1,0,false,Foot,false,1,8,0.070,0.125,201614,,0.321,0.000,0.857,0.143,0.143,0.143,0.571,0.714,0.714,0.429,true,0.000
246,00-0026293,Matt Slater,WR,NE,2017,2,2,1,0,false,Hamstring,false,1,8,0.060,0.125,201706,,0.625,0.000,0.167,0.667,0.833,0.833,0.500,0.667,0.500,0.167,true,0.000
247,00-0026293,Matt Slater,WR,NE,2017,11,11,1,0,false,Hamstring,false,1,8,0.044,0.000,201715,,0.857,0.000,1.143,0.686,0.914,0.686,0.229,0.686,1.829,0.686,true,
248,00-0026298,Kellen Davis,TE,NYJ,2016,9,17,8,6,false,Elbow,true,1,8,0.465,0.000,,,,,,,,,,,,,false,
251,00-0026345,Pierre Garcon,WR,SF,2017,9,17,8,8,true,Neck,true,1,8,0.828,12.487,201801,0,0.952,6.275,0.967,0.931,0.918,0.991,0.761,0.955,0.677,0.810,true,0.503
252,00-0026345,Pierre Garcon,WR,SF,2018,10,17,7,3,false,Knee,true,1,8,0.701,5.963,,,,,,,,,,,,,false,
253,00-0026364,Steve Johnson,WR,BUF,2013,11,11,1,0,false,Groin,false,1,8,0.799,12.663,201313,0,0.911,6.725,1.077,1.102,1.052,0.413,0.601,0.739,0.200,0.088,true,0.531
254,00-0026364,Steve Johnson,WR,BUF,2013,16,17,2,0,false,Not Injury Related,true,1,8,0.736,9.338,201401,,0.530,9.350,0.448,0.652,0.801,0.217,0.095,0.299,0.462,0.448,true,1.001
255,00-0026364,Steve Johnson,WR,SF,2014,15,17,3,0,false,Knee,true,1,8,0.304,7.388,201501,0,2.675,12.625,3.029,3.029,2.831,1.811,2.667,2.568,3.292,3.029,true,1.709
256,00-0026364,Steve Johnson,WR,SD,2015,5,5,1,0,false,Hamstring,false,1,8,0.586,7.275,201507,0,1.497,10.000,1.382,1.330,1.706,1.569,1.569,1.143,,,true,1.375
257,00-0026364,Steve Johnson,WR,SD,2015,14,17,17,16,false,Groin,true,2,8,0.845,11.562,,,,,,,,,,,,,false,
259,00-0026367,Peyton Hillis,RB,NYG,2013,16,16,1,0,false,Concussion,false,1,5,0.434,8.980,201317,3,0.726,4.800,1.359,0.230,0.207,1.106,0.945,1.037,0.138,,true,0.535
260,00-0026367,Peyton Hillis,RB,NYG,2014,1,11,10,9,true,Concussion,false,1,6,0.398,8.350,,,,,,,,,,,,,false,
262,00-0026373,Justin Forsett,RB,DET,2016,13,13,1,1,true,Unlabeled (IR),false,1,8,0.528,7.463,201614,,0.863,7.475,0.796,1.043,0.512,1.100,,,,,true,1.002
263,00-0026498,Matthew Stafford,QB,DET,2019,11,17,7,2,false,Hip,true,1,8,1.000,20.020,202001,0,1.000,18.295,1.000,1.000,1.000,1.000,1.000,1.000,1.000,0.800,true,0.914
264,00-0026498,Matthew Stafford,QB,LA,2022,12,18,7,6,false,Concussion,true,1,8,0.998,11.702,202301,0,1.003,14.015,1.003,1.003,1.003,1.003,1.003,1.003,1.003,0.682,true,1.198
265,00-0026544,Chase Daniel,QB,LAC,2021,16,16,1,1,true,Unlabeled (IR),false,1,8,0.510,6.245,202202,,0.221,2.827,0.020,0.098,0.392,0.373,,,,,true,0.453
268,00-0026625,Brian Hoyer,QB,HOU,2015,11,11,1,0,false,Concussion,false,1,8,0.815,15.005,201512,0,1.209,13.295,1.227,1.227,1.153,1.227,0.331,1.227,1.227,1.227,true,0.886
269,00-0026625,Brian Hoyer,QB,HOU,2015,15,15,1,0,false,Concussion,false,1,8,0.845,17.642,201517,2,0.967,13.435,1.183,0.320,1.183,1.183,1.183,1.183,0.497,1.183,true,0.762
270,00-0026625,Brian Hoyer,QB,CHI,2016,8,17,9,9,true,Unlabeled (IR),true,1,8,0.901,14.615,201701,0,1.107,9.755,1.110,1.110,1.110,1.098,1.110,0.277,0.144,0.055,true,0.667
271,00-0026625,Brian Hoyer,QB,NE,2022,5,18,13,13,true,Concussion,true,1,8,0.168,1.735,202301,1,2.388,2.470,0.179,2.328,4.657,,,,,,true,1.424
274,00-0026739,Jordan Norwood,WR,DEN,2015,9,9,1,0,false,Hamstring,false,1,5,0.542,4.525,201511,3,0.743,3.975,0.314,0.720,0.461,1.476,1.015,0.959,1.033,1.125,true,0.878
277,00-0026796,Arian Foster,RB,HOU,2013,10,10,1,0,false,Back,false,1,7,0.599,15.500,201401,0,1.257,19.825,1.621,1.169,0.885,1.353,1.453,1.487,1.086,1.086,true,1.279
278,00-0026796,Arian Foster,RB,HOU,2015,1,3,3,0,false,Groin,false,1,8,0.765,22.988,201504,2,0.814,19.250,0.549,0.797,0.889,1.020,1.137,0.209,0.209,0.327,true,0.837
279,00-0026796,Arian Foster,RB,MIA,2016,3,4,2,0,false,Hamstring,false,1,8,0.642,16.512,201606,,0.319,2.700,0.249,0.389,,,,,,,true,0.164
281,00-0026855,Antone Smith,RB,ATL,2013,15,15,1,0,false,Knee,false,1,4,0.075,7.375,201317,1,1.467,6.500,0.400,1.333,2.533,1.600,1.600,2.000,2.667,2.000,true,0.881
282,00-0026855,Antone Smith,RB,ATL,2014,1,11,10,10,true,Hamstring,false,1,5,0.064,7.375,201509,2,1.914,3.767,0.625,0.312,1.719,5.000,4.688,,,,true,0.511
283,00-0026855,Antone Smith,RB,TB,2016,10,17,8,8,true,Unlabeled (IR),true,1,8,0.128,2.329,,,,,,,,,,,,,false,
288,00-0026901,Mike Wallace,WR,PHI,2018,3,17,14,13,true,Ankle,true,1,8,0.749,11.512,,,,,,,,,,,,,false,
290,00-0026932,Cedric Peerman,RB,CIN,2016,1,11,10,10,true,Unlabeled (IR),false,1,8,0.085,1.214,201616,,1.176,0.750,0.235,2.118,,,,,,,true,0.618
291,00-0026932,Cedric Peerman,RB,CIN,2017,1,17,16,16,true,Unlabeled (IR),true,1,8,0.086,1.429,,,,,,,,,,,,,false,
293,00-0026937,Brandon Gibson,WR,NE,2016,1,2,2,2,true,Unlabeled (IR),false,1,8,0.532,5.450,,,,,,,,,,,,,false,
298,00-0026983,Darrius Heyward-Bey,WR,PIT,2016,10,15,6,0,false,Foot,false,1,8,0.445,7.533,201617,,0.242,1.867,0.787,0.045,0.067,0.067,0.202,0.045,0.180,0.157,true,0.248
299,00-0026983,Darrius Heyward-Bey,WR,PIT,2018,6,6,1,0,false,Ankle,false,1,8,0.126,1.700,201808,,0.594,0.633,0.238,0.396,1.347,0.396,0.713,1.505,0.238,0.158,true,0.373
300,00-0026988,Knowshon Moreno,RB,MIA,2014,1,6,5,5,true,Elbow,false,1,8,0.630,18.388,,,,,,,,,,,,,false,
301,00-0026993,Josh Freeman,QB,MIN,2013,8,8,1,0,false,Concussion,false,1,3,1.000,8.280,201517,,0.850,10.360,0.850,,,,,,,,true,1.251
303,00-0026995,Jeremy Maclin,WR,KC,2016,10,12,3,0,false,Groin,false,1,8,0.887,11.963,201614,0,0.921,7.500,0.856,0.946,0.980,0.901,0.823,0.710,0.699,0.766,true,0.627
305,00-0026996,Brandon Pettigrew,TE,DET,2015,1,13,25,25,true,Hamstring,false,2,8,0.626,2.000,,,,,,,,,,,,,false,
308,00-0026998,Percy Harvin,WR,BUF,2015,1,2,10,9,true,Not Injury Related,false,2,8,0.688,9.425,201609,,0.691,3.700,0.349,1.033,,,,,,,true,0.393
309,00-0026998,Percy Harvin,WR,BUF,2016,13,17,5,4,false,Illness,true,1,8,0.611,8.486,,,,,,,,,,,,,false,
311,00-0027003,Donald Brown,RB,SD,2014,6,8,3,0,false,Concussion,false,1,8,0.444,9.675,201409,,0.710,2.850,0.744,0.586,0.563,0.946,0.834,1.172,0.789,1.104,true,0.295
315,00-0027029,LeSean McCoy,RB,BUF,2015,4,5,2,0,false,Hamstring,false,1,8,0.619,13.725,201506,0,1.248,17.650,1.309,1.390,1.002,1.293,1.374,1.390,1.196,1.390,true,1.286
316,00-0027029,LeSean McCoy,RB,BUF,2015,16,17,2,0,false,Knee,true,1,8,0.800,17.263,201601,0,1.006,19.850,1.075,1.150,0.938,0.862,1.000,0.775,0.500,0.925,true,1.150
317,00-0027029,LeSean McCoy,RB,TB,2020,5,5,1,0,false,Ankle,false,1,8,0.265,6.150,202006,,0.632,3.100,1.132,0.151,0.075,1.170,0.679,0.642,,,true,0.504
318,00-0027057,Brandon Tate,WR,BUF,2016,9,9,1,0,false,Concussion,false,1,8,0.165,2.950,201611,0,1.848,2.725,2.424,3.212,1.152,0.606,0.424,0.424,0.364,0.182,true,0.924
320,00-0027061,Jared Cook,TE,GB,2016,5,9,5,0,false,Ankle,false,1,8,0.610,4.725,201611,4,0.758,7.400,1.016,0.754,0.820,0.443,1.082,0.967,0.869,1.164,true,1.566
321,00-0027061,Jared Cook,TE,NO,2019,7,8,2,0,false,Ankle,false,1,8,0.665,5.650,201910,0,0.959,14.525,1.053,1.053,0.872,0.857,0.165,0.632,0.767,0.571,true,2.571
322,00-0027061,Jared Cook,TE,NO,2020,4,4,1,0,false,Groin,false,1,8,0.484,15.163,202005,0,0.997,11.125,1.116,1.013,1.116,0.744,0.744,0.765,0.620,0.744,true,0.734
323,00-0027061,Jared Cook,TE,LAC,2021,17,17,1,1,true,Unlabeled (IR),false,1,8,0.512,6.812,202118,,1.366,12.000,1.366,,,,,,,,true,1.761
326,00-0027077,Brian Hartline,WR,CLE,2015,9,9,1,0,false,Concussion,false,1,8,0.535,5.175,201510,0,1.467,16.025,1.196,1.757,1.813,1.103,,,,,true,3.097
327,00-0027077,Brian Hartline,WR,CLE,2016,1,2,2,2,true,Unlabeled (IR),false,1,8,0.630,9.125,,,,,,,,,,,,,false,
329,00-0027089,Louis Murphy,WR,TB,2014,1,12,29,28,false,Back,false,4,8,0.089,2.420,201710,0,5.155,5.450,4.958,5.183,5.972,4.507,5.296,5.296,5.296,,true,2.252
333,00-0027125,Zach Miller,TE,CHI,2016,12,17,6,6,true,Unlabeled (IR),true,1,8,0.889,12.512,201701,,0.717,6.825,0.675,0.844,0.551,0.799,0.776,0.776,0.743,0.405,true,0.545
334,00-0027125,Zach Miller,TE,CHI,2017,10,17,24,24,true,Unlabeled (IR),true,2,8,0.629,8.838,,,,,,,,,,,,,false,
337,00-0027150,Julian Edelman,WR,NE,2015,11,17,5,0,false,Foot,true,2,8,0.880,20.400,201601,0,0.932,10.425,0.977,0.898,0.841,1.011,0.841,1.034,1.011,1.000,true,0.511
338,00-0027150,Julian Edelman,WR,NE,2017,1,17,16,16,true,Unlabeled (IR),true,1,8,0.735,15.950,201805,0,1.207,16.025,0.952,1.238,1.333,1.306,1.224,1.116,1.170,1.211,true,1.005
339,00-0027150,Julian Edelman,WR,NE,2020,8,17,10,10,true,Knee,true,1,8,0.711,9.578,,,,,,,,,,,,,false,
342,00-0027155,Rashad Jennings,RB,NYG,2014,6,9,3,0,false,Knee,false,1,8,0.651,14.850,201411,0,0.887,14.575,1.290,0.983,0.983,0.292,0.031,0.829,0.522,0.430,true,0.981
343,00-0027155,Rashad Jennings,RB,NYG,2014,16,16,1,0,false,Ankle,false,1,8,0.569,13.775,201417,,0.646,8.175,0.949,0.598,0.492,0.545,0.738,0.668,0.809,0.369,true,0.593
345,00-0027215,Logan Paulsen,TE,ATL,2018,14,14,1,0,false,Knee,false,1,8,0.379,4.275,201815,1,0.986,2.900,0.581,1.373,1.003,,,,,,true,0.678
346,00-0027218,Joique Bell,RB,DET,2014,5,5,1,0,false,Concussion,false,1,8,0.559,14.850,201406,0,1.190,12.650,1.145,1.324,1.092,1.199,1.271,1.235,1.128,1.145,true,0.852
347,00-0027218,Joique Bell,RB,DET,2015,4,5,2,0,false,Ankle,false,1,8,0.525,13.438,201507,,0.610,5.400,0.419,0.533,1.143,0.343,0.457,0.419,0.457,0.762,true,0.402
348,00-0027253,Thad Lewis,QB,SF,2016,1,17,16,16,true,Unlabeled (IR),true,1,5,0.804,11.150,,,,,,,,,,,,,false,
349,00-0027265,Victor Cruz,WR,NYG,2013,16,10,18,16,false,Knee,false,3,8,0.886,11.000,201601,0,1.078,11.125,1.004,1.061,1.117,1.128,1.128,1.128,0.835,0.260,true,1.011
350,00-0027265,Victor Cruz,WR,NYG,2016,3,3,1,1,true,Unlabeled (IR),false,1,8,0.849,10.075,201604,0,1.102,6.650,1.178,1.178,1.178,0.872,0.271,1.060,0.884,0.507,true,0.660
351,00-0027321,Jeff Cumberland,TE,NYJ,2015,4,4,1,0,false,Concussion,false,1,8,0.730,4.883,201506,,0.466,3.233,0.425,0.425,0.548,0.466,0.740,0.123,0.274,0.041,true,0.662
352,00-0027321,Jeff Cumberland,TE,SD,2016,1,17,16,16,true,Unlabeled (IR),true,1,8,0.234,1.420,201711,0,1.455,0.733,1.626,0.941,1.455,1.797,0.856,1.155,1.112,,true,0.516
354,00-0027325,LeGarrette Blount,RB,NE,2015,2,1,13,13,true,Unlabeled (IR),false,2,8,0.214,7.314,201602,0,2.667,14.825,2.994,3.322,2.526,1.825,1.825,2.526,2.386,2.620,true,2.027
356,00-0027356,Marlon Moore,WR,CLE,2014,12,13,2,0,false,Hamstring,false,1,8,0.134,1.450,201502,3,0.486,1.250,0.150,0.224,0.374,1.196,2.841,1.196,4.561,4.187,true,0.862
357,00-0027356,Marlon Moore,WR,CLE,2015,17,17,1,0,false,Concussion,true,1,8,0.379,2.950,,,,,,,,,,,,,false,
360,00-0027531,Chris Ivory,RB,JAX,2016,2,2,1,0,false,Not Injury Related,false,1,8,0.494,11.500,201603,5,0.775,6.200,0.972,0.506,0.810,0.810,0.810,0.891,0.952,1.195,true,0.539
361,00-0027531,Chris Ivory,RB,JAX,2016,13,13,1,0,false,Hamstring,false,1,8,0.429,7.275,201615,1,0.950,9.475,0.606,1.353,0.910,0.933,0.793,1.026,0.653,0.956,true,1.302
363,00-0027581,Seyi Ajirotutu,WR,PHI,2015,2,2,1,0,false,Concussion,false,1,8,0.163,0.562,201503,,0.215,0.467,0.185,0.062,0.431,0.185,,,,,true,0.830
364,00-0027581,Seyi Ajirotutu,WR,PHI,2015,17,17,1,0,false,Ankle,true,1,8,0.180,1.114,,,,,,,,,,,,,false,
365,00-0027583,Richie Brockel,TE,CAR,2014,1,1,6,5,true,Ankle,false,2,8,0.224,0.550,201503,,0.112,0.000,0.134,0.089,,,,,,,true,0.000
366,00-0027583,Richie Brockel,TE,CAR,2015,7,7,1,0,false,Hamstring,false,1,8,0.139,0.000,,,,,,,,,,,,,false,
368,00-0027595,Bryan Walters,WR,SEA,2014,8,8,1,0,false,Concussion,false,1,8,0.205,1.840,201410,7,0.195,0.000,0.244,0.146,0.244,0.146,0.244,2.049,0.488,0.878,true,0.000
369,00-0027595,Bryan Walters,WR,JAX,2016,10,10,1,0,false,Concussion,false,1,8,0.273,5.300,201612,1,2.000,5.950,0.477,2.202,2.606,2.716,3.266,3.413,,,true,1.123
372,00-0027651,Dexter McCluster,RB,TEN,2014,1,1,29,28,true,Knee,false,3,8,0.557,10.088,201603,,0.206,2.400,0.269,0.233,0.072,0.251,0.161,0.072,,,true,0.238
373,00-0027651,Dexter McCluster,RB,SD,2016,9,17,8,8,true,Unlabeled (IR),true,1,8,0.184,4.688,,,,,,,,,,,,,false,
375,00-0027654,Arrelious Benn,WR,JAX,2016,16,16,1,0,false,Concussion,false,1,8,0.116,1.250,201617,0,1.247,2.200,1.032,0.946,1.118,1.892,1.892,1.720,1.032,1.118,true,1.760
376,00-0027654,Arrelious Benn,WR,JAX,2017,11,17,7,7,true,Knee,true,1,8,0.144,0.440,,,,,,,,,,,,,false,
378,00-0027656,Rob Gronkowski,TE,NE,2015,13,13,1,0,false,Knee,false,1,8,0.939,15.825,201514,1,0.919,12.875,0.650,1.001,1.044,0.980,0.245,0.746,0.863,0.948,true,0.814
379,00-0027656,Rob Gronkowski,TE,NE,2016,11,11,1,0,false,Chest,false,1,8,0.794,13.100,201612,3,0.835,12.950,0.126,1.209,0.769,1.235,1.260,1.172,1.209,1.260,true,0.989
380,00-0027656,Rob Gronkowski,TE,NE,2016,13,17,5,5,true,Back,true,1,8,0.778,12.600,201701,2,1.141,15.950,1.235,0.785,1.260,1.286,1.196,1.235,1.286,1.119,true,1.266
381,00-0027656,Rob Gronkowski,TE,TB,2021,5,7,3,0,false,Ribs,false,1,8,0.746,13.475,202108,2,0.784,13.550,0.134,0.791,1.099,1.112,1.179,1.139,1.206,1.273,true,1.006
382,00-0027656,Rob Gronkowski,TE,TB,2021,10,10,1,0,false,Back,false,1,8,0.726,14.100,202111,1,1.074,16.350,0.812,1.129,1.143,1.212,1.170,1.239,1.308,1.143,true,1.160
383,00-0027659,Jimmy Clausen,QB,CHI,2014,17,17,1,0,false,Concussion,true,1,3,0.117,0.560,201502,0,7.736,8.290,5.229,8.571,8.571,8.571,,,,,true,14.804
385,00-0027675,Ed Dickson,TE,SEA,2019,1,17,16,16,true,Knee,true,1,8,0.528,4.414,,,,,,,,,,,,,false,
386,00-0027681,Brandon LaFell,WR,OAK,2018,12,17,6,6,true,Unlabeled (IR),true,1,8,0.755,7.367,,,,,,,,,,,,,false,
387,00-0027685,Emmanuel Sanders,WR,DEN,2017,7,7,1,0,false,Ankle,false,1,8,0.748,12.771,201709,1,1.040,7.850,0.602,1.164,1.258,1.137,1.057,0.896,0.656,1.151,true,0.615
388,00-0027685,Emmanuel Sanders,WR,DEN,2017,17,17,1,0,false,Ankle,true,1,8,0.743,7.050,201801,0,1.165,18.175,1.158,1.104,1.185,1.212,1.279,1.145,0.983,1.091,true,2.578
389,00-0027685,Emmanuel Sanders,WR,DEN,2018,14,17,4,4,true,Heel,true,1,8,0.853,16.365,201901,0,1.000,16.700,1.044,1.091,0.927,0.938,0.739,0.493,1.021,0.962,true,1.020
390,00-0027685,Emmanuel Sanders,WR,NO,2020,8,8,1,1,true,Unlabeled (IR),false,1,8,0.824,11.975,202009,5,0.537,6.825,0.364,0.704,0.704,0.376,0.765,1.020,0.862,0.619,true,0.570
392,00-0027688,Colt McCoy,QB,WAS,2014,1,15,14,14,true,Neck,false,1,3,0.113,0.110,201510,3,2.360,6.160,0.441,5.559,0.618,2.824,8.824,2.559,8.824,3.265,true,56.000
393,00-0027688,Colt McCoy,QB,WAS,2018,14,3,7,1,false,Fibula,false,2,8,0.519,9.986,201905,,1.190,3.335,1.928,0.713,1.928,0.193,1.928,0.058,0.173,0.135,true,0.334
394,00-0027688,Colt McCoy,QB,ARI,2022,1,5,5,5,true,Unlabeled (IR),false,1,8,0.482,5.827,202210,0,1.689,8.200,2.010,1.637,1.990,1.119,,,,,true,1.407
395,00-0027688,Colt McCoy,QB,ARI,2022,16,18,3,0,false,Concussion,true,1,8,0.689,9.160,,,,,,,,,,,,,false,
396,00-0027690,Eric Decker,WR,NYJ,2016,4,17,13,11,false,Shoulder,true,1,8,0.940,17.400,201701,2,0.867,5.600,1.000,0.691,0.894,0.883,0.883,0.883,0.979,0.468,true,0.322
397,00-0027691,Andre Roberts,WR,WAS,2015,1,15,14,14,true,Knee,false,1,8,0.622,4.237,201601,,0.289,2.400,0.048,0.177,0.241,0.691,0.482,0.289,0.610,0.112,true,0.566
398,00-0027691,Andre Roberts,WR,BUF,2019,1,2,2,0,false,Quadricep,false,1,8,0.271,3.062,201903,,0.415,0.575,0.111,0.369,0.700,0.479,0.295,1.069,0.700,0.479,true,0.188
399,00-0027691,Andre Roberts,WR,BUF,2019,17,17,1,0,false,Foot,true,1,8,0.144,0.425,202001,7,0.696,0.325,0.139,0.696,1.252,0.696,2.296,0.139,0.070,1.043,true,0.765
400,00-0027691,Andre Roberts,WR,LAC,2021,16,16,1,1,true,Unlabeled (IR),false,1,8,0.081,1.125,202118,,0.369,0.000,0.369,,,,,,,,true,0.000
401,00-0027691,Andre Roberts,WR,CAR,2022,2,16,14,14,true,Unlabeled (IR),false,1,8,0.080,1.200,,,,,,,,,,,,,false,
402,00-0027695,Tony Moeaki,TE,ATL,2015,13,13,1,0,false,Hamstring,false,1,8,0.247,1.925,201515,,0.741,4.233,0.970,0.606,0.646,,,,,,true,2.199
403,00-0027696,Jimmy Graham,TE,SEA,2015,1,12,11,11,true,Unlabeled (IR),false,1,8,0.706,16.286,201601,1,0.839,11.650,0.297,1.161,0.949,0.949,1.345,1.373,1.288,1.260,true,0.715
404,00-0027696,Jimmy Graham,TE,SEA,2016,15,15,1,1,true,Not Injury Related,false,1,8,0.897,14.163,201616,,0.802,6.900,0.914,0.646,0.914,0.735,0.735,0.758,0.691,0.702,true,0.487
405,00-0027696,Jimmy Graham,TE,CHI,2021,7,8,2,2,true,Not injury related - resting player,false,1,8,0.358,6.400,202109,,0.678,7.200,0.811,0.559,0.559,0.783,0.531,0.727,0.783,0.727,true,1.125
408,00-0027702,Mike Williams,WR,BUF,2014,14,15,2,0,false,Calf,false,1,8,0.459,5.533,,,,,,,,,,,,,false,
410,00-0027708,Marcus Easley,WR,BUF,2014,4,7,4,0,false,Knee,false,1,8,0.060,0.412,201412,1,0.875,3.200,0.833,1.000,1.167,0.500,0.333,2.167,2.667,,true,7.758
411,00-0027708,Marcus Easley,WR,BUF,2015,1,17,31,31,true,Concussion,true,2,8,0.098,0.412,,,,,,,,,,,,,false,
415,00-0027718,Garrett Graham,TE,HOU,2014,14,17,4,0,false,Ankle,true,1,8,0.819,3.875,201501,,0.656,2.800,0.281,0.831,0.769,0.745,0.354,0.489,0.660,0.269,true,0.723
416,00-0027718,Garrett Graham,TE,DEN,2016,1,1,1,1,true,Unlabeled (IR),false,1,8,0.436,1.857,,,,,,,,,,,,,false,
418,00-0027725,Clay Harbor,TE,JAX,2014,1,2,2,0,false,Calf,false,1,8,0.311,4.357,201404,0,2.900,11.925,2.956,2.859,3.084,2.699,2.635,2.602,2.442,0.353,true,2.737
419,00-0027725,Clay Harbor,TE,NO,2017,1,17,16,16,true,Unlabeled (IR),true,1,8,0.141,2.450,,,,,,,,,,,,,false,
420,00-0027732,Michael Hoomanawanui,TE,NE,2013,12,13,2,0,false,Knee,false,1,8,0.691,3.740,201315,0,1.103,2.550,1.288,1.389,1.230,0.506,0.940,0.926,0.405,0.767,true,0.682
421,00-0027732,Michael Hoomanawanui,TE,NO,2016,1,17,16,16,true,Unlabeled (IR),true,1,8,0.384,3.117,201701,1,1.101,1.367,0.756,0.886,1.251,1.511,1.511,1.485,1.016,1.642,true,0.439
422,00-0027732,Michael Hoomanawanui,TE,NO,2017,16,17,18,16,false,Concussion,true,2,8,0.495,0.480,,,,,,,,,,,,,false,
424,00-0027753,Andrew Quarless,TE,GB,2015,1,17,5,5,true,Unlabeled (IR),true,2,8,0.606,5.337,,,,,,,,,,,,,false,
431,00-0027791,James Starks,RB,GB,2016,7,9,3,0,false,Knee,false,1,8,0.314,6.900,201610,0,1.657,10.850,2.263,1.562,2.422,0.382,0.382,,,,true,1.572
432,00-0027791,James Starks,RB,GB,2016,16,17,2,0,false,Concussion,true,1,8,0.451,7.325,,,,,,,,,,,,,false,
434,00-0027793,Antonio Brown,WR,PIT,2017,16,17,2,0,false,Calf,true,1,8,0.947,25.675,201801,0,1.008,18.550,1.045,0.992,0.992,1.003,0.982,0.908,1.045,1.055,true,0.722
435,00-0027793,Antonio Brown,WR,TB,2020,8,8,1,1,true,Unlabeled (IR),false,1,8,0.957,21.812,202009,,0.684,9.150,0.815,0.512,0.648,0.762,0.512,0.491,0.627,0.877,true,0.419
436,00-0027793,Antonio Brown,WR,TB,2021,3,3,1,1,true,Knee,false,1,8,0.611,16.837,202104,,0.965,22.275,0.834,0.933,0.802,1.292,0.573,,,,true,1.323
437,00-0027793,Antonio Brown,WR,TB,2021,7,15,8,3,false,Ankle,false,1,8,0.571,18.950,202116,,0.998,12.850,1.383,0.613,,,,,,,true,0.678
438,00-0027796,Joe Webb,QB,HOU,2019,1,17,16,16,true,Unlabeled (IR),true,1,8,0.106,1.220,,,,,,,,,,,,,false,
443,00-0027854,Sam Bradford,QB,PHI,2015,11,11,1,0,false,Concussion,false,1,8,1.000,12.942,201513,0,0.995,14.830,1.000,1.000,0.980,1.000,1.000,1.000,1.000,1.000,true,1.146
444,00-0027854,Sam Bradford,QB,MIN,2017,3,4,2,0,false,Knee,false,1,8,0.979,15.247,201705,1,0.794,3.535,0.378,1.022,1.022,0.756,,,,,true,0.232
445,00-0027854,Sam Bradford,QB,MIN,2017,6,17,11,8,false,Knee,true,1,8,0.979,16.155,201801,0,0.933,4.233,1.022,1.022,0.756,,,,,,true,0.262
446,00-0027861,C.J. Spiller,RB,NO,2015,1,16,15,15,true,Knee,false,1,8,0.326,8.575,201604,,0.429,4.150,0.460,0.705,0.153,0.398,0.552,0.582,0.582,,true,0.484
448,00-0027864,Ryan Mathews,RB,SD,2014,3,9,7,0,false,Knee,false,1,8,0.497,17.463,201411,0,0.905,11.300,0.864,0.884,0.884,0.985,0.442,0.201,1.126,0.462,true,0.647
449,00-0027864,Ryan Mathews,RB,SD,2014,16,17,2,0,false,Ankle,true,1,8,0.444,14.912,201501,,0.625,7.650,0.496,0.225,1.262,0.518,0.541,0.541,0.428,0.676,true,0.513
450,00-0027864,Ryan Mathews,RB,PHI,2015,11,13,3,0,false,Concussion,false,1,8,0.260,11.075,201514,0,1.010,5.975,1.000,1.577,0.808,0.654,1.846,1.115,0.462,1.577,true,0.540
451,00-0027864,Ryan Mathews,RB,PHI,2016,12,13,2,0,false,Knee,false,1,8,0.254,11.537,201614,0,1.852,11.833,1.970,1.616,1.970,,,,,,true,1.026
452,00-0027864,Ryan Mathews,RB,PHI,2016,17,17,1,1,true,Unlabeled (IR),true,1,8,0.288,11.400,,,,,,,,,,,,,false,
453,00-0027874,Demaryius Thomas,WR,HOU,2018,17,17,1,1,true,Unlabeled (IR),true,1,8,0.796,8.875,201902,1,0.763,6.750,0.138,0.980,1.030,0.904,0.754,0.980,0.929,0.804,true,0.761
454,00-0027888,Toby Gerhart,RB,MIN,2013,17,17,1,0,false,Hamstring,true,1,8,0.254,6.325,201401,0,2.148,7.175,2.601,2.759,1.970,1.261,0.709,0.906,1.261,0.512,true,1.134
455,00-0027888,Toby Gerhart,RB,JAX,2014,6,7,2,0,false,Foot,false,1,8,0.394,6.800,201408,6,0.559,5.075,0.584,0.813,0.330,0.508,0.711,0.787,1.016,1.168,true,0.746
456,00-0027888,Toby Gerhart,RB,JAX,2015,1,2,14,13,true,Groin,false,2,8,0.291,5.975,,,,,,,,,,,,,false,
458,00-0027890,Ben Tate,RB,CLE,2014,2,3,2,0,false,Knee,false,1,8,0.694,12.150,201405,0,0.894,11.950,0.951,1.023,0.807,0.793,0.649,0.476,0.303,0.216,true,0.984
460,00-0027891,Golden Tate,WR,NYG,2019,13,13,1,0,false,Concussion,false,1,8,0.796,13.112,201914,2,1.002,11.900,1.105,0.716,1.042,1.143,0.779,1.155,0.942,0.741,true,0.908
461,00-0027891,Golden Tate,WR,NYG,2020,16,16,1,0,false,Calf,false,1,8,0.505,7.365,,,,,,,,,,,,,false,
463,00-0027893,Damian Williams,WR,TEN,2013,11,13,3,0,false,Hip,false,1,7,0.416,4.086,201316,,0.577,3.300,0.385,1.299,0.048,,,,,,true,0.808
464,00-0027893,Damian Williams,WR,STL,2014,12,12,1,0,false,Hamstring,false,1,8,0.358,4.086,,,,,,,,,,,,,false,
465,00-0027902,Dez Bryant,WR,DAL,2015,1,16,15,15,true,Foot,false,1,8,0.853,20.263,201601,0,1.009,13.325,1.126,0.985,0.891,1.032,0.821,1.044,1.021,0.903,true,0.658
466,00-0027902,Dez Bryant,WR,NO,2018,10,17,8,8,true,Ankle,true,1,8,0.827,11.050,202009,,0.435,4.967,0.036,0.653,0.725,0.326,0.338,0.375,,,true,0.449
467,00-0027902,Dez Bryant,WR,BAL,2020,14,14,1,1,true,Unlabeled (IR),false,1,8,0.700,9.300,202015,,0.410,7.950,0.386,0.400,0.443,,,,,,true,0.855
468,00-0027905,Will Tukuafu,RB,SEA,2016,14,17,4,3,false,Concussion,true,1,8,0.141,0.900,,,,,,,,,,,,,false,
469,00-0027918,Andrew Hawkins,WR,CLE,2015,8,9,2,0,false,Concussion,false,1,8,0.726,6.300,201510,0,0.905,5.275,0.923,0.867,0.826,1.005,1.033,1.184,1.088,0.799,true,0.837
470,00-0027918,Andrew Hawkins,WR,CLE,2015,12,15,4,0,false,Concussion,false,1,8,0.726,6.250,201601,2,0.933,3.750,0.867,0.826,1.005,1.033,1.184,1.088,0.799,0.923,true,0.600
471,00-0027925,James Develin,RB,NE,2019,3,17,14,13,false,Neck,true,1,8,0.395,5.283,,,,,,,,,,,,,false,
472,00-0027939,Cam Newton,QB,CAR,2014,15,15,1,0,false,Back,false,1,8,0.979,15.903,201416,0,1.022,20.475,1.022,1.022,1.022,1.022,1.022,1.022,1.022,1.022,true,1.288
473,00-0027939,Cam Newton,QB,CAR,2016,5,5,1,0,false,Concussion,false,1,8,0.963,26.475,201606,0,1.039,19.550,1.039,1.039,1.039,1.039,1.039,1.039,1.018,1.029,true,0.738
474,00-0027939,Cam Newton,QB,CAR,2018,16,17,2,0,false,right Shoulder,true,1,8,0.983,20.343,201901,0,1.018,19.240,1.018,1.018,1.018,1.018,1.018,1.018,0.631,1.018,true,0.946
475,00-0027939,Cam Newton,QB,CAR,2019,3,17,14,8,false,Foot,true,1,8,0.989,14.903,202001,0,1.011,22.485,1.011,1.011,1.011,1.011,0.627,1.011,1.011,1.011,true,1.509
476,00-0027942,A.J. Green,WR,CIN,2016,12,17,4,1,false,Hamstring,true,2,8,0.891,18.800,201701,0,1.024,17.125,1.010,1.088,1.032,0.965,0.965,0.987,1.066,0.426,true,0.911
477,00-0027942,A.J. Green,WR,CIN,2018,10,10,1,0,false,Toe,false,1,8,0.860,16.600,201813,6,0.666,6.575,0.291,0.767,0.721,0.884,0.826,0.488,0.919,1.012,true,0.396
478,00-0027942,A.J. Green,WR,CIN,2018,14,17,20,5,true,Toe,true,2,8,0.859,18.462,202001,5,0.801,6.475,0.769,0.722,0.885,0.827,0.489,0.920,1.013,0.990,true,0.351
479,00-0027942,A.J. Green,WR,ARI,2021,9,9,1,1,true,Unlabeled (IR),false,1,8,0.830,10.325,202110,3,0.837,8.200,0.831,0.831,0.819,0.867,0.904,1.036,0.976,1.072,true,0.794
480,00-0027942,A.J. Green,WR,ARI,2022,4,4,1,0,false,Knee,false,1,8,0.787,7.613,202205,0,0.603,2.567,0.914,0.876,0.597,0.025,0.559,0.978,0.673,0.762,true,0.337
482,00-0027944,Julio Jones,WR,ATL,2016,15,15,1,0,false,Toe,false,1,8,0.806,21.025,201616,1,0.946,14.750,0.769,0.980,1.005,1.029,1.054,0.248,0.980,1.091,true,0.702
483,00-0027944,Julio Jones,WR,ATL,2020,14,17,4,0,false,Hamstring,true,1,8,0.684,16.338,202101,0,0.984,10.325,1.141,1.097,0.731,0.965,0.629,1.082,0.658,0.497,true,0.632
484,00-0027944,Julio Jones,WR,TEN,2021,4,5,2,0,false,Hamstring,false,1,8,0.766,16.812,202106,,0.744,7.375,0.861,0.561,0.966,0.587,0.444,0.653,0.887,0.679,true,0.439
485,00-0027944,Julio Jones,WR,TEN,2021,8,8,1,0,false,Hamstring,false,1,8,0.713,12.463,202109,,0.712,4.125,1.039,0.632,0.477,0.702,0.954,0.730,0.393,0.800,true,0.331
486,00-0027944,Julio Jones,WR,TEN,2021,10,12,3,3,true,Hamstring,false,1,8,0.662,10.600,202114,,0.743,6.450,0.679,0.513,0.755,1.026,0.785,0.423,0.860,0.543,true,0.608
487,00-0027944,Julio Jones,WR,TEN,2021,17,17,1,1,true,Hamstring,false,1,8,0.581,7.737,202118,0,0.882,10.050,1.170,0.895,0.482,0.981,0.619,0.877,1.067,1.118,true,1.299
488,00-0027944,Julio Jones,WR,TB,2022,7,7,1,0,false,Knee,false,1,8,0.540,7.450,202208,2,0.954,9.425,1.056,0.667,0.944,1.148,1.204,1.333,0.500,0.519,true,1.265
493,00-0027948,Blaine Gabbert,QB,TB,2019,1,17,16,13,false,left Shoulder,true,1,8,0.455,4.100,202006,,0.363,3.830,0.308,0.044,0.132,0.967,0.110,0.352,0.242,0.264,true,0.934
495,00-0027950,Christian Ponder,QB,MIN,2013,14,14,1,0,false,Concussion,false,1,8,0.929,13.177,201404,,0.608,6.240,0.140,1.077,,,,,,,true,0.474
498,00-0027966,Mark Ingram,RB,NO,2014,3,5,3,0,false,Hand,false,1,8,0.222,6.063,201407,0,2.674,17.575,1.528,3.551,2.966,2.652,3.371,1.528,3.146,1.034,true,2.899
499,00-0027966,Mark Ingram,RB,NO,2015,1,13,12,12,true,Shoulder,false,1,8,0.557,13.738,201601,1,0.964,16.150,0.753,1.040,0.879,1.184,0.951,0.915,0.143,0.682,true,1.176
500,00-0027966,Mark Ingram,RB,BAL,2019,17,17,1,0,false,Calf,true,1,8,0.480,15.138,202001,,0.703,8.075,0.750,0.875,0.667,0.521,0.625,0.250,0.542,0.188,true,0.533
501,00-0027966,Mark Ingram,RB,BAL,2020,12,12,1,1,true,Not Injury Related,false,1,8,0.305,7.750,202013,3,0.746,7.433,0.656,0.066,0.754,1.508,1.016,1.148,0.689,1.443,true,0.959
502,00-0027966,Mark Ingram,RB,NO,2021,14,14,1,1,true,Knee,false,1,8,0.459,9.625,202115,0,0.899,3.225,1.068,1.003,0.719,0.807,0.719,1.046,0.480,0.719,true,0.335
503,00-0027966,Mark Ingram,RB,NO,2022,9,11,3,0,false,Knee,false,1,8,0.350,4.963,202212,0,1.029,5.450,0.857,1.200,,,,,,,true,1.098
504,00-0027966,Mark Ingram,RB,NO,2022,15,18,4,4,true,Knee,true,1,8,0.299,4.863,,,,,,,,,,,,,false,
505,00-0027973,Andy Dalton,QB,CIN,2015,15,17,3,0,false,right Thumb,true,1,8,0.975,19.332,201601,0,1.026,15.390,1.026,1.026,1.026,1.026,1.026,0.995,1.026,1.026,true,0.796
506,00-0027973,Andy Dalton,QB,CIN,2018,13,17,5,5,true,Unlabeled (IR),true,1,8,0.962,15.415,201901,0,1.039,14.775,1.039,1.039,1.039,1.039,1.039,1.039,1.039,1.039,true,0.958
507,00-0027973,Andy Dalton,QB,DAL,2020,8,9,2,1,false,Concussion,false,1,8,0.790,11.120,202011,0,1.266,16.130,1.266,1.266,1.266,1.266,1.266,1.266,1.266,1.177,true,1.451
508,00-0027973,Andy Dalton,QB,CHI,2021,3,3,1,0,false,Knee,false,1,8,0.991,15.795,202105,2,0.641,10.975,0.050,0.494,1.009,1.009,0.989,1.009,0.958,0.888,true,0.695
509,00-0027973,Andy Dalton,QB,CHI,2021,15,16,2,1,true,left Hand,false,1,8,0.728,12.840,202117,0,1.309,12.410,1.347,1.375,1.306,1.210,1.210,1.361,1.155,1.237,true,0.967
510,00-0027974,Colin Kaepernick,QB,SF,2015,1,9,9,9,true,right Hand,false,1,8,1.000,12.680,201601,1,0.760,18.140,0.040,1.000,1.000,1.000,1.000,1.000,1.000,0.780,true,1.431
512,00-0027981,Kyle Rudolph,TE,MIN,2014,4,9,6,0,false,Abdomen,false,1,8,0.833,10.162,201411,1,0.910,4.900,0.360,1.057,1.105,1.117,1.057,0.817,1.117,1.021,true,0.482
513,00-0027981,Kyle Rudolph,TE,MIN,2020,15,17,3,1,false,Foot,true,1,8,0.736,6.438,202101,0,0.842,3.900,1.046,0.964,0.557,0.801,0.815,0.611,0.774,0.475,true,0.606
516,00-0027994,Shane Vereen,RB,NYG,2016,4,13,9,9,true,Unlabeled (IR),false,1,8,0.378,8.787,201614,,0.728,7.150,0.106,0.583,1.430,0.795,0.715,0.742,0.874,0.583,true,0.814
517,00-0027994,Shane Vereen,RB,NYG,2016,16,17,2,2,true,Triceps,true,1,8,0.355,9.525,201701,,0.979,7.600,1.521,0.845,0.761,0.789,0.930,0.620,0.761,0.789,true,0.798
518,00-0027996,Torrey Smith,WR,SF,2016,15,17,3,2,false,Concussion,true,1,8,0.838,5.050,201701,1,0.910,5.850,0.848,1.027,0.907,0.860,0.752,0.669,0.752,0.549,true,1.158
519,00-0027996,Torrey Smith,WR,CAR,2018,8,11,4,0,false,Knee,false,1,8,0.681,5.275,201812,,0.176,2.900,0.323,0.191,0.044,0.147,0.411,,,,true,0.550
521,00-0028000,Daniel Thomas,RB,MIA,2013,13,13,1,0,false,Ankle,false,1,8,0.341,6.550,201314,5,1.231,7.150,1.934,0.821,1.905,0.264,0.586,0.879,0.996,0.791,true,1.092
522,00-0028002,Randall Cobb,WR,GB,2018,5,5,1,0,false,Hamstring,false,1,8,0.834,15.457,201808,1,0.810,9.050,0.552,0.912,0.960,0.816,0.828,0.984,0.852,0.900,true,0.585
523,00-0028002,Randall Cobb,WR,GB,2018,11,11,1,0,false,Hamstring,false,1,8,0.829,13.075,201813,3,0.902,7.625,0.965,0.821,0.833,0.989,0.857,0.905,0.893,0.977,true,0.583
524,00-0028002,Randall Cobb,WR,HOU,2020,12,17,6,6,true,Toe,true,1,8,0.650,10.887,202101,6,0.473,8.450,0.400,0.277,0.508,0.708,0.846,0.600,0.969,1.046,true,0.776
525,00-0028002,Randall Cobb,WR,GB,2021,14,18,5,5,true,Core,true,1,8,0.584,9.457,202201,,0.702,6.250,1.045,0.497,0.685,0.582,1.079,0.617,0.959,0.771,true,0.661
526,00-0028002,Randall Cobb,WR,GB,2022,7,10,4,4,true,Ankle,false,1,8,0.492,8.625,202211,0,0.975,7.350,1.137,0.914,1.015,0.832,0.975,0.934,0.650,0.832,true,0.852
528,00-0028007,Rob Housler,TE,CLE,2015,7,8,2,0,false,Hamstring,false,1,8,0.193,1.167,201515,,1.074,2.850,0.571,0.364,2.286,,,,,,true,2.443
530,00-0028009,DeMarco Murray,RB,TEN,2017,17,17,1,0,false,Knee,true,1,8,0.689,11.587,,,,,,,,,,,,,false,
531,00-0028011,Stevan Ridley,RB,NE,2013,5,5,1,0,false,Knee,false,1,3,0.360,3.967,201306,0,1.229,19.150,1.194,0.972,0.889,1.861,0.722,0.167,0.528,0.444,true,4.828
532,00-0028011,Stevan Ridley,RB,NE,2014,1,7,7,6,true,Knee,false,1,8,0.290,9.287,201510,,0.345,0.225,0.483,0.448,0.241,0.207,0.621,0.345,0.690,1.517,true,0.024
534,00-0028017,Leonard Hankerson,WR,ATL,2015,8,9,2,0,false,Hamstring,false,1,8,0.545,8.075,201511,,0.538,13.600,1.046,0.275,0.294,,,,,,true,1.684
535,00-0028017,Leonard Hankerson,WR,ATL,2015,12,12,1,0,false,Hamstring,false,1,8,0.537,9.014,201515,,0.288,,0.279,0.298,,,,,,,true,
536,00-0028020,Vincent Brown,WR,OAK,2014,7,9,3,0,false,Hamstring,false,1,8,0.642,3.786,201410,,0.405,3.750,0.591,0.311,0.498,0.218,0.420,0.794,,,true,0.991
537,00-0028020,Vincent Brown,WR,OAK,2014,16,17,2,0,false,Groin,true,1,8,0.358,3.714,201514,,1.427,3.200,1.427,,,,,,,,true,0.862
538,00-0028021,Jerrel Jernigan,WR,NYG,2014,1,2,2,2,true,Unlabeled (IR),false,1,8,0.266,6.871,,,,,,,,,,,,,false,
540,00-0028040,Jordan Cameron,TE,CLE,2013,16,16,1,0,false,Concussion,false,1,8,0.991,11.738,201317,2,0.678,7.050,0.595,0.313,0.858,0.948,0.938,0.958,0.303,0.787,true,0.601
541,00-0028040,Jordan Cameron,TE,CLE,2014,9,12,4,0,false,Concussion,false,1,8,0.808,10.163,201414,0,1.062,8.600,0.966,1.003,1.077,1.201,1.214,0.508,0.929,1.214,true,0.846
542,00-0028040,Jordan Cameron,TE,MIA,2016,4,17,13,9,false,Concussion,true,1,8,0.691,5.775,,,,,,,,,,,,,false,
544,00-0028042,Luke Stocker,TE,TB,2016,3,4,2,0,false,Ankle,false,1,8,0.545,3.180,201607,0,0.867,2.450,1.009,0.991,0.532,0.936,0.495,1.046,0.037,0.459,true,0.770
545,00-0028042,Luke Stocker,TE,TB,2016,14,14,1,0,false,Ankle,false,1,8,0.428,2.067,201615,1,0.836,0.367,0.585,0.959,1.263,0.538,0.257,0.515,0.187,0.327,true,0.177
547,00-0028043,Roy Helu,RB,WAS,2014,15,15,1,0,false,Toe,false,1,8,0.402,9.388,201417,,0.590,8.667,1.441,0.124,0.248,0.547,0.969,0.373,0.075,0.075,true,0.923
550,00-0028050,Greg Salas,WR,NYJ,2014,1,13,12,12,true,Wrist,false,1,7,0.360,5.175,201516,0,1.090,6.500,1.167,1.222,1.194,0.778,,,,,true,1.256
551,00-0028050,Greg Salas,WR,BUF,2016,4,8,5,4,false,Groin,false,1,8,0.311,3.133,,,,,,,,,,,,,false,
553,00-0028052,Cecil Shorts,WR,JAX,2014,5,5,1,0,false,Hamstring,false,1,8,0.958,12.263,201406,1,0.888,9.650,0.846,0.940,0.888,0.877,0.794,0.982,0.950,0.982,true,0.787
554,00-0028052,Cecil Shorts,WR,HOU,2015,5,5,1,0,false,Shoulder,false,1,8,0.875,9.098,201506,,0.789,10.560,0.891,0.811,0.697,0.754,0.709,0.914,0.320,0.034,true,1.161
555,00-0028052,Cecil Shorts,WR,HOU,2015,7,8,2,0,false,Hamstring,false,1,8,0.870,10.498,201510,,0.747,11.785,0.816,0.701,0.759,0.713,0.920,0.322,0.034,0.126,true,1.123
556,00-0028052,Cecil Shorts,WR,HOU,2015,16,17,2,0,false,Hamstring,true,1,8,0.715,11.355,201601,4,0.364,1.100,0.042,0.154,0.573,0.685,1.091,0.965,0.741,0.392,true,0.097
557,00-0028052,Cecil Shorts,WR,TB,2016,3,5,3,0,false,Hamstring,false,1,8,0.561,8.620,201607,1,1.056,2.933,0.731,0.873,1.390,1.229,0.944,0.499,0.089,,true,0.340
558,00-0028052,Cecil Shorts,WR,TB,2016,14,17,4,4,true,Unlabeled (IR),true,1,8,0.415,3.967,,,,,,,,,,,,,false,
560,00-0028053,Kendall Hunter,RB,NO,2015,15,16,2,2,true,Unlabeled (IR),false,1,8,0.200,2.488,,,,,,,,,,,,,false,
563,00-0028063,Taiwan Jones,RB,OAK,2015,5,5,1,0,false,Foot,false,1,5,0.096,2.640,201507,0,1.302,5.600,2.188,1.354,1.458,0.208,0.208,0.104,0.417,0.833,true,2.121
564,00-0028063,Taiwan Jones,RB,BUF,2017,10,17,8,8,true,Unlabeled (IR),true,1,8,0.034,1.600,201804,,2.074,1.475,0.593,0.593,6.519,0.593,0.296,0.296,0.296,0.296,true,0.922
565,00-0028063,Taiwan Jones,RB,BUF,2018,7,14,11,8,false,Neck,false,2,8,0.026,1.117,201917,,2.476,1.475,8.381,0.762,0.381,0.381,0.381,0.381,,,true,1.321
566,00-0028063,Taiwan Jones,RB,BUF,2020,9,10,2,0,false,Hamstring,false,1,8,0.050,1.575,202015,,0.200,0.000,0.200,0.200,0.200,,,,,,true,0.000
567,00-0028064,Bilal Powell,RB,NYJ,2015,7,8,2,0,false,Ankle,false,1,8,0.364,5.713,201511,0,1.326,15.850,1.677,1.237,1.512,0.880,1.402,1.704,0.660,0.632,true,2.775
568,00-0028064,Bilal Powell,RB,NYJ,2018,8,17,9,9,true,Unlabeled (IR),true,1,8,0.504,10.488,201903,,0.144,0.400,0.040,0.060,0.337,0.139,0.337,0.179,0.457,0.417,true,0.038
569,00-0028064,Bilal Powell,RB,NYJ,2019,15,15,1,0,false,Ankle,false,1,8,0.166,2.188,201916,,0.872,2.250,0.421,1.323,,,,,,,true,1.029
570,00-0028067,Julius Thomas,TE,JAX,2015,1,4,4,0,false,Hand,false,1,8,0.701,9.913,201505,3,0.913,7.650,0.756,1.041,0.770,1.084,0.984,1.041,0.998,1.027,true,0.772
571,00-0028067,Julius Thomas,TE,JAX,2016,12,17,5,4,false,Back,true,2,8,0.719,9.737,201702,7,1.012,4.400,1.336,0.821,1.043,0.849,1.127,0.737,0.765,1.016,true,0.452
572,00-0028067,Julius Thomas,TE,MIA,2017,16,17,2,2,true,Unlabeled (IR),true,1,8,0.669,8.938,,,,,,,,,,,,,false,
575,00-0028074,Anthony Sherman,RB,KC,2020,8,8,1,1,true,Unlabeled (IR),false,1,8,0.111,1.925,202011,,0.404,0.000,0.270,0.360,0.270,0.719,0.899,0.539,0.719,,true,0.000
576,00-0028083,Jacquizz Rodgers,RB,ATL,2013,17,17,1,0,false,Concussion,true,1,8,0.359,6.500,201401,0,0.899,5.600,1.087,0.864,0.780,0.864,0.725,0.836,0.641,0.697,true,0.862
577,00-0028083,Jacquizz Rodgers,RB,CHI,2015,1,1,6,6,true,Unlabeled (IR),false,2,8,0.316,5.213,201602,2,1.423,7.000,0.696,0.727,1.328,2.941,2.150,1.992,1.075,0.348,true,1.343
578,00-0028083,Jacquizz Rodgers,RB,TB,2016,9,11,3,0,false,Foot,false,1,8,0.354,6.125,201613,2,1.230,7.675,0.961,0.311,1.724,1.922,1.357,1.329,1.668,0.509,true,1.253
579,00-0028086,Denarius Moore,WR,OAK,2013,12,14,3,0,false,Shoulder,false,1,8,0.745,12.438,201315,2,0.836,6.100,0.591,0.671,0.899,1.181,0.980,0.846,0.510,0.389,true,0.490
580,00-0028086,Denarius Moore,WR,OAK,2014,15,17,3,0,false,Knee,true,1,8,0.520,3.750,201506,,0.072,0.000,0.115,0.058,0.077,0.038,0.019,,,,true,0.000
582,00-0028090,T.J. Yates,QB,HOU,2016,1,1,3,3,true,Unlabeled (IR),false,2,7,0.330,3.743,201714,0,2.629,8.505,1.909,3.030,2.545,3.030,,,,,true,2.272
584,00-0028091,Jeremy Kerley,WR,NYJ,2013,11,11,1,0,false,Elbow,false,1,7,0.796,10.500,201314,2,0.792,9.950,0.591,0.666,0.968,0.943,0.804,0.792,1.106,0.968,true,0.948
585,00-0028093,Niles Paul,TE,WAS,2016,10,17,8,8,true,Unlabeled (IR),true,1,8,0.244,1.720,201701,1,1.600,0.350,0.328,2.092,2.010,1.969,0.903,0.574,0.287,2.010,true,0.203
586,00-0028093,Niles Paul,TE,WAS,2017,9,9,1,0,false,Concussion,false,1,8,0.287,1.380,201711,0,1.339,3.725,1.704,1.565,0.974,1.113,1.287,1.913,1.113,0.939,true,2.699
587,00-0028093,Niles Paul,TE,JAX,2018,7,14,7,7,true,Unlabeled (IR),false,1,8,0.326,2.863,,,,,,,,,,,,,false,
588,00-0028097,Lee Smith,TE,OAK,2016,5,17,12,12,true,Unlabeled (IR),true,1,8,0.493,2.571,201701,0,0.701,1.800,0.893,0.934,0.487,0.487,0.426,0.447,0.426,0.589,true,0.700
590,00-0028112,Charles Clay,TE,BUF,2015,1,16,15,15,true,Back,false,1,8,0.766,11.175,201601,0,1.184,5.850,1.279,1.188,1.083,1.188,1.188,1.005,1.240,0.731,true,0.523
591,00-0028112,Charles Clay,TE,BUF,2017,7,9,3,0,false,Knee,false,1,8,0.878,15.075,201710,4,0.698,6.000,0.684,0.615,0.741,0.752,0.991,0.866,0.821,0.752,true,0.398
592,00-0028112,Charles Clay,TE,BUF,2018,10,10,1,0,false,Hamstring,false,1,8,0.681,4.237,201813,,0.822,1.167,0.910,0.807,0.881,0.690,0.235,0.367,0.484,0.396,true,0.275
593,00-0028114,Dwayne Harris,WR,DAL,2013,13,16,3,0,false,Hamstring,false,2,8,0.251,3.912,201401,,0.637,2.800,0.517,1.075,0.279,0.677,0.557,0.637,0.438,0.358,true,0.716
594,00-0028114,Dwayne Harris,WR,NYG,2017,6,17,11,11,true,Unlabeled (IR),true,1,8,0.090,1.038,201803,7,0.444,1.500,0.333,0.444,0.778,0.222,0.222,0.333,0.333,1.000,true,1.446
595,00-0028114,Dwayne Harris,WR,OAK,2019,3,17,14,12,false,Ankle,true,3,8,0.084,1.325,,,,,,,,,,,,,false,
597,00-0028118,Tyrod Taylor,QB,BUF,2015,7,7,1,0,false,Knee,false,1,8,0.544,10.800,201509,0,1.839,15.705,1.839,1.839,1.839,1.839,1.839,1.839,1.839,1.839,true,1.454
598,00-0028118,Tyrod Taylor,QB,LAC,2020,3,5,3,0,false,Ribs,false,1,8,0.118,1.570,202009,1,5.191,11.510,0.085,8.511,3.660,8.511,8.511,8.511,4.766,1.532,true,7.331
599,00-0028118,Tyrod Taylor,QB,HOU,2021,3,8,6,6,true,Thigh,false,1,8,0.311,6.447,202109,0,2.859,10.400,3.213,3.213,3.213,1.799,0.578,0.610,0.418,0.129,true,1.613
600,00-0028118,Tyrod Taylor,QB,NYG,2022,5,5,1,0,false,Concussion,false,1,8,0.750,11.345,202214,6,0.140,3.440,0.253,0.173,0.053,0.080,0.040,0.427,1.333,1.333,true,0.303
601,00-0028118,Tyrod Taylor,QB,NYG,2023,9,12,4,4,true,Ribs,false,1,8,0.346,7.870,202315,1,1.798,11.595,0.173,1.415,2.888,2.715,0.722,1.069,1.097,2.888,true,1.473
602,00-0028118,Tyrod Taylor,QB,NYJ,2025,8,8,1,0,false,Knee,false,1,8,0.561,11.432,202512,0,1.247,10.767,1.782,1.782,0.178,,,,,,true,0.942
603,00-0028118,Tyrod Taylor,QB,NYJ,2025,15,15,1,0,false,Groin,false,1,8,0.685,12.370,,,,,,,,,,,,,false,
606,00-0028121,Jordan Todman,RB,HOU,2017,6,17,2,0,false,Calf,true,2,8,0.043,0.886,,,,,,,,,,,,,false,
607,00-0028142,Virgil Green,TE,DEN,2016,3,4,2,0,false,Calf,false,1,8,0.349,2.013,201606,0,2.057,6.767,2.208,1.749,2.122,2.151,2.007,1.778,2.036,1.405,true,3.362
608,00-0028142,Virgil Green,TE,DEN,2016,16,16,1,0,false,Concussion,false,1,8,0.674,4.117,201617,1,0.839,7.500,0.712,0.965,0.891,0.787,0.980,0.638,0.653,0.623,true,1.822
609,00-0028142,Virgil Green,TE,LAC,2019,4,4,1,0,false,Groin,false,1,8,0.641,1.567,201905,,0.624,1.975,1.201,0.577,0.265,0.452,0.530,0.437,0.468,0.546,true,1.261
610,00-0028142,Virgil Green,TE,LAC,2020,8,17,10,10,true,Ankle,true,1,8,0.312,0.967,,,,,,,,,,,,,false,
612,00-0028156,Ryan Taylor,TE,GB,2013,7,8,2,0,false,Knee,false,1,3,0.207,1.550,201309,4,0.387,0.700,0.242,0.677,0.339,0.290,0.919,1.210,1.742,1.113,true,0.452
618,00-0028198,Matt Asiata,RB,MIN,2014,12,12,1,0,false,Concussion,false,1,8,0.509,13.637,201413,0,1.435,16.350,1.474,1.533,1.278,1.455,1.278,0.393,0.118,0.491,true,1.199
619,00-0028202,Shaun Draughn,RB,SF,2015,9,16,7,7,true,Knee,false,1,5,0.116,0.740,201601,0,2.608,3.925,2.241,2.931,2.500,2.759,1.034,0.690,2.845,1.207,true,5.304
620,00-0028237,Chris Hogan,WR,NE,2016,11,11,1,0,false,Back,false,1,8,0.798,8.537,201612,0,1.034,12.675,1.154,1.078,1.041,0.865,1.078,1.204,1.129,1.078,true,1.485
621,00-0028237,Chris Hogan,WR,NE,2017,10,13,4,0,false,Shoulder,false,1,8,0.918,13.025,201714,0,1.011,7.125,0.981,0.992,0.981,1.090,0.937,0.992,0.654,0.719,true,0.547
622,00-0028237,Chris Hogan,WR,CAR,2019,5,14,9,9,true,Knee,false,1,8,0.455,5.000,201915,1,1.440,2.575,0.176,1.626,1.956,2.000,2.000,1.758,1.934,1.429,true,0.515
623,00-0028237,Chris Hogan,WR,NYJ,2020,6,12,6,6,true,Ribs,false,1,8,0.666,3.963,202101,,0.398,3.525,0.345,0.540,0.390,0.315,0.210,,,,true,0.890
625,00-0028263,Andre Holmes,WR,BUF,2017,16,17,2,1,false,Neck,true,1,8,0.320,4.300,201801,1,1.312,2.775,0.531,1.812,1.438,1.469,1.594,1.656,2.125,1.719,true,0.645
626,00-0028263,Andre Holmes,WR,DEN,2018,17,17,1,1,true,Ankle,true,1,8,0.251,2.157,,,,,,,,,,,,,false,
627,00-0028267,Allen Reisner,TE,BAL,2016,1,2,2,2,true,Unlabeled (IR),false,1,4,0.802,2.250,,,,,,,,,,,,,false,
629,00-0028292,Nick Bellore,RB,DET,2018,13,13,1,0,false,Ankle,false,1,8,0.125,0.100,201814,,1.020,0.600,0.560,0.640,2.400,0.480,0.400,0.080,0.560,0.320,true,6.000
630,00-0028292,Nick Bellore,RB,SEA,2022,8,8,1,0,false,Concussion,false,1,8,0.034,0.280,202209,2,0.889,0.000,1.185,0.296,1.185,0.889,1.778,0.889,0.593,0.593,true,0.000
631,00-0028292,Nick Bellore,RB,WAS,2024,11,17,2,0,false,Knee,false,2,8,0.033,0.050,,,,,,,,,,,,,false,
633,00-0028352,Dane Sanzenbacher,WR,CIN,2014,1,17,16,16,true,Unlabeled (IR),true,1,8,0.122,2.080,,,,,,,,,,,,,false,
634,00-0028353,Andre Smith,TE,CLE,2013,15,17,3,0,false,Calf,true,1,4,0.040,0.000,,,,,,,,,,,,,false,
636,00-0028411,Dontrelle Inman,WR,SD,2015,14,14,1,0,false,Neck,false,1,8,0.781,7.325,201515,0,1.158,10.025,1.139,1.242,1.242,1.011,1.114,1.152,1.242,1.101,true,1.369
637,00-0028411,Dontrelle Inman,WR,IND,2018,14,14,1,0,false,Shoulder,false,1,8,0.665,8.500,201815,1,0.793,8.700,0.752,0.872,0.932,0.617,0.827,0.481,1.128,0.827,true,1.024
638,00-0028411,Dontrelle Inman,WR,LAC,2019,5,11,7,7,true,Unlabeled (IR),false,1,8,0.545,6.538,201915,3,0.679,3.250,1.009,0.239,0.532,0.936,1.248,1.284,1.468,1.046,true,0.497
639,00-0028411,Dontrelle Inman,WR,WAS,2020,10,10,1,0,false,Hamstring,false,1,8,0.573,6.025,202012,,0.192,2.500,0.279,0.245,0.052,,,,,,true,0.415
641,00-0028434,Doug Baldwin,WR,SEA,2018,2,3,2,0,false,Knee,false,1,8,0.833,12.600,201804,0,0.976,7.475,0.913,1.057,0.901,1.033,1.069,1.189,1.069,1.081,true,0.593
642,00-0028442,Ricardo Lockette,WR,SEA,2015,1,2,11,10,true,Neck,false,2,8,0.170,1.725,,,,,,,,,,,,,false,
646,00-0028497,Kamar Aiken,WR,IND,2017,10,10,1,0,false,Hamstring,false,1,8,0.673,3.387,201712,2,0.606,0.000,0.164,0.446,0.877,0.937,1.204,0.743,1.160,0.818,true,0.000
653,00-0028702,Chris Matthews,WR,BAL,2016,1,17,16,16,true,Unlabeled (IR),true,1,8,0.281,2.543,201702,,0.480,1.333,0.356,0.427,0.711,0.427,1.138,,,,true,0.524
656,00-0028825,Terrelle Pryor,WR,WAS,2017,11,17,7,6,false,Ankle,true,1,8,0.680,6.250,201801,1,0.669,5.950,0.588,1.000,1.029,0.059,0.309,0.912,1.206,0.618,true,0.952
657,00-0028838,Larry Donnell,TE,NYG,2015,1,13,12,12,true,Neck,false,1,8,0.760,8.062,201601,,0.605,6.333,0.724,0.711,0.803,0.184,0.645,0.711,0.026,0.461,true,0.786
658,00-0028838,Larry Donnell,TE,NYG,2016,3,3,1,1,true,Unlabeled (IR),false,1,8,0.695,8.338,201604,,0.428,3.067,0.201,0.705,0.777,0.029,0.504,,,,true,0.368
659,00-0028838,Larry Donnell,TE,NYG,2016,5,5,1,0,false,Concussion,false,1,8,0.649,7.275,201606,,0.539,2.300,0.755,0.832,0.031,0.539,,,,,true,0.316
660,00-0028841,Will Johnson,RB,NYG,2016,1,17,16,16,true,Unlabeled (IR),true,1,8,0.050,1.120,,,,,,,,,,,,,false,
662,00-0028903,Garrett Celek,TE,SF,2014,13,13,15,15,true,Ankle,false,2,8,0.226,1.450,201601,0,2.729,5.775,2.519,2.166,2.961,3.271,3.448,1.945,2.608,2.210,true,3.983
663,00-0028903,Garrett Celek,TE,SF,2018,17,9,9,8,false,Concussion,false,2,8,0.275,4.700,201910,1,0.782,0.000,0.436,1.164,1.127,0.400,0.327,,,,true,0.000
664,00-0028903,Garrett Celek,TE,SF,2019,15,17,3,3,true,Back,true,1,8,0.221,3.525,,,,,,,,,,,,,false,
665,00-0028905,Chris Owusu,WR,NYJ,2015,1,2,8,8,true,Knee,false,2,8,0.316,2.857,,,,,,,,,,,,,false,
667,00-0028958,Cory Harkey,TE,LA,2016,15,17,3,3,true,Tricep,true,1,8,0.134,,,,,,,,,,,,,,false,
668,00-0028986,Case Keenum,QB,HOU,2013,16,16,1,0,false,right Thumb,false,1,7,0.873,14.383,201416,0,0.882,9.447,1.146,1.146,0.092,1.146,1.146,1.146,1.146,1.146,true,0.657
669,00-0028986,Case Keenum,QB,WAS,2019,9,9,1,0,false,Concussion,false,1,8,0.919,12.523,201912,,0.484,7.100,0.022,0.544,1.088,0.283,0.065,0.076,1.088,0.065,true,0.567
670,00-0028986,Case Keenum,QB,CLE,2021,15,15,1,1,true,Unlabeled (IR),false,1,8,0.417,6.377,202118,3,1.419,6.030,2.395,0.575,0.335,2.371,1.174,,,,true,0.946
671,00-0028986,Case Keenum,QB,HOU,2024,1,18,17,17,true,Unlabeled (IR),true,1,8,0.481,6.670,,,,,,,,,,,,,false,
672,00-0028987,Phillip Supernaw,TE,TEN,2016,12,12,1,0,false,Concussion,false,1,8,0.364,2.125,201614,,0.646,0.000,0.852,0.302,0.660,0.770,0.385,1.017,0.495,0.192,true,0.000
674,00-0029000,Cole Beasley,WR,BUF,2020,17,17,1,0,false,Knee,true,1,8,0.743,15.875,202101,5,0.899,11.500,1.226,0.808,0.889,0.673,0.525,1.172,0.956,0.902,true,0.724
675,00-0029000,Cole Beasley,WR,BUF,2021,16,16,1,1,true,Not injury related - resting player,false,1,8,0.648,11.375,202117,,0.463,4.750,0.757,0.788,0.216,0.093,0.216,0.139,,,true,0.418
677,00-0029004,Lance Dunbar,RB,DAL,2015,1,4,4,4,true,Unlabeled (IR),false,1,8,0.139,3.686,201601,0,1.189,4.375,1.586,0.937,0.649,1.586,0.577,0.865,1.514,0.649,true,1.187
678,00-0029004,Lance Dunbar,RB,LA,2017,1,9,8,8,true,Unlabeled (IR),false,1,8,0.129,1.843,201710,,1.553,6.100,1.165,0.621,2.874,,,,,,true,3.310
679,00-0029033,Griff Whalen,WR,MIA,2016,1,1,1,1,true,Unlabeled (IR),false,1,8,0.194,6.667,201603,6,0.323,0.000,0.103,0.206,0.723,0.258,0.619,0.258,3.148,3.665,true,0.000
680,00-0029051,Jarrett Boykin,WR,GB,2014,5,6,2,0,false,Groin,false,1,8,0.713,8.057,201407,,0.298,0.000,0.295,0.168,0.463,0.267,0.084,0.253,0.253,0.365,true,0.000
681,00-0029068,Derrick Coleman,RB,SEA,2013,8,10,3,0,false,Hamstring,false,1,6,0.263,3.000,201313,,0.570,4.550,0.684,0.380,0.418,0.797,0.076,0.684,0.797,0.380,true,1.517
682,00-0029068,Derrick Coleman,RB,SEA,2014,1,8,7,6,true,Foot,false,1,8,0.223,2.580,201501,1,0.910,0.300,0.315,1.213,0.989,1.124,1.124,0.090,0.180,0.270,true,0.116
683,00-0029068,Derrick Coleman,RB,SEA,2015,7,7,1,0,false,Concussion,false,1,8,0.165,0.720,201508,,0.273,0.033,0.121,0.242,0.364,0.364,0.364,0.606,0.061,0.606,true,0.046
684,00-0029104,Jonas Gray,RB,NE,2014,17,17,1,0,false,Ankle,true,1,7,0.279,9.486,201503,3,0.817,4.075,0.754,0.395,0.574,1.544,1.472,0.574,2.585,,true,0.430
685,00-0029119,Derek Carrier,TE,SF,2014,1,8,33,32,true,Foot,false,3,3,0.177,,201610,1,1.019,1.500,0.792,1.189,1.075,1.019,0.962,0.453,0.906,0.736,true,
686,00-0029119,Derek Carrier,TE,LV,2021,5,17,12,12,true,Pectoral,false,1,8,0.064,1.900,202118,,2.353,0.000,2.353,,,,,,,,true,0.000
687,00-0029129,Rod Streater,WR,OAK,2014,4,4,1,0,false,Foot,false,1,8,0.735,11.538,201501,,0.201,2.333,0.218,0.163,0.231,0.190,0.054,0.163,0.218,0.177,true,0.202
688,00-0029129,Rod Streater,WR,CLE,2018,7,17,10,10,true,Unlabeled (IR),true,1,8,0.339,5.600,,,,,,,,,,,,,false,
690,00-0029137,Alshon Jeffery,WR,CHI,2015,1,16,15,15,true,Hamstring,false,1,8,0.944,19.788,201601,0,0.985,12.175,1.007,1.017,1.060,0.858,0.975,0.975,0.996,0.985,true,0.615
691,00-0029137,Alshon Jeffery,WR,PHI,2018,1,2,2,0,false,Shoulder,false,1,8,0.838,14.838,201804,0,1.060,19.900,0.991,1.110,0.991,1.146,1.039,1.158,1.194,1.170,true,1.341
692,00-0029137,Alshon Jeffery,WR,PHI,2019,11,11,1,0,false,Ankle,false,1,8,0.750,14.686,201913,,0.490,7.175,1.200,0.307,0.360,0.093,0.653,0.747,0.600,0.827,true,0.489
693,00-0029137,Alshon Jeffery,WR,PHI,2019,15,8,11,3,true,Foot,false,2,8,0.761,14.300,202010,,0.456,0.875,0.355,0.092,0.644,0.736,0.591,0.814,0.473,,true,0.061
695,00-0029151,Matt Simms,QB,ATL,2019,1,17,16,16,true,Unlabeled (IR),true,1,3,0.377,3.313,,,,,,,,,,,,,false,
697,00-0029159,Jermaine Kearse,WR,SEA,2014,17,17,1,0,false,Hamstring,true,1,8,0.795,6.950,201501,0,0.950,9.900,1.145,0.906,0.780,0.969,0.792,0.742,0.780,0.893,true,1.424
698,00-0029159,Jermaine Kearse,WR,NYJ,2018,17,17,17,16,false,Achilles,true,2,8,0.770,5.443,,,,,,,,,,,,,false,
701,00-0029205,Travaris Cadet,RB,BUF,2017,17,17,1,1,true,Unlabeled (IR),true,1,8,0.245,6.900,201817,,1.347,3.200,1.347,,,,,,,,true,0.464
706,00-0029239,Brandon Bolden,RB,NE,2016,5,5,1,0,false,Knee,false,1,8,0.273,6.550,201607,,0.514,2.100,0.183,0.147,0.257,1.468,0.183,0.294,0.220,0.624,true,0.321
707,00-0029239,Brandon Bolden,RB,NE,2019,2,2,1,0,false,Hamstring,false,1,8,0.123,4.725,201903,2,1.306,8.500,2.286,0.653,1.143,1.143,1.796,0.490,1.143,0.816,true,1.799
708,00-0029239,Brandon Bolden,RB,NE,2020,8,17,10,10,true,Unlabeled (IR),true,1,8,0.090,3.588,202101,1,3.306,5.975,0.333,5.111,3.556,4.222,2.222,3.111,3.556,5.222,true,1.666
710,00-0029262,Rueben Randle,WR,CHI,2017,1,1,1,1,true,Unlabeled (IR),false,1,8,0.885,11.988,,,,,,,,,,,,,false,
711,00-0029263,Russell Wilson,QB,SEA,2021,6,8,3,3,true,right Finger,false,1,8,0.969,20.222,202110,0,1.032,12.585,1.032,1.032,1.032,1.032,1.032,1.032,1.032,1.032,true,0.622
712,00-0029263,Russell Wilson,QB,DEN,2022,15,15,1,0,false,Concussion,false,1,8,1.000,13.412,202216,1,0.938,17.535,0.750,1.000,1.000,1.000,1.000,1.000,1.000,1.000,true,1.307
713,00-0029264,Bernard Pierce,RB,JAX,2015,1,13,12,12,true,Concussion,false,1,8,0.145,3.237,,,,,,,,,,,,,false,
714,00-0029269,Travis Benjamin,WR,LAC,2018,5,6,2,0,false,Foot,false,1,8,0.502,6.812,201807,4,0.468,0.475,0.219,0.697,0.458,0.498,1.274,0.876,0.697,1.174,true,0.070
715,00-0029269,Travis Benjamin,WR,LAC,2019,7,17,19,19,true,Quadricep,true,2,8,0.474,2.800,202105,,0.169,0.000,0.485,0.084,0.021,0.084,0.106,0.063,0.042,0.148,true,0.000
716,00-0029273,Robert Turbin,RB,CLE,2015,1,4,4,0,false,Ankle,false,1,8,0.236,4.425,201506,0,1.228,3.400,0.931,1.524,1.270,1.185,0.296,1.312,0.804,0.974,true,0.768
717,00-0029273,Robert Turbin,RB,IND,2017,7,17,10,10,true,Elbow,true,1,8,0.366,7.438,201805,,0.410,0.150,0.300,0.519,,,,,,,true,0.020
718,00-0029273,Robert Turbin,RB,IND,2018,7,8,2,0,false,Shoulder,false,1,8,0.321,4.650,,,,,,,,,,,,,false,
720,00-0029275,Ladarius Green,TE,SD,2015,1,9,23,23,true,Ankle,false,2,8,0.275,2.500,201610,2,0.927,9.425,0.582,0.436,0.945,1.745,1.345,2.073,,,true,3.770
721,00-0029275,Ladarius Green,TE,PIT,2016,17,17,1,0,false,Concussion,true,1,8,0.427,6.850,,,,,,,,,,,,,false,
724,00-0029293,Marvin Jones,WR,CIN,2014,1,6,5,5,true,Foot,false,1,8,0.508,13.412,201501,0,1.527,9.850,1.241,1.576,1.695,1.596,1.813,1.576,1.773,1.537,true,0.734
725,00-0029293,Marvin Jones,WR,DET,2018,11,17,7,5,false,Knee,true,1,8,0.929,13.413,201901,0,0.948,13.025,0.872,0.991,0.883,1.044,0.883,1.034,0.958,0.948,true,0.971
726,00-0029293,Marvin Jones,WR,DET,2019,15,17,3,3,true,Unlabeled (IR),true,1,8,0.900,16.875,202001,0,1.003,7.950,1.011,1.000,1.011,0.989,0.900,1.000,1.089,1.056,true,0.471
727,00-0029293,Marvin Jones,WR,DET,2023,7,7,1,0,false,Not injury related - personal matter,false,1,8,0.500,4.417,,,,,,,,,,,,,false,
728,00-0029298,Cyrus Gray,RB,KC,2014,1,10,9,9,true,Hand,false,1,8,0.049,1.100,,,,,,,,,,,,,false,
731,00-0029311,Junior Hemingway,WR,KC,2014,13,14,2,0,false,Concussion,false,1,8,0.343,2.471,201415,,0.088,0.000,0.117,0.058,,,,,,,true,0.000
732,00-0029317,Edwin Baker,RB,NO,2014,11,11,1,0,false,Concussion,false,1,3,0.507,14.267,,,,,,,,,,,,,false,
733,00-0029319,Josh Bellamy,WR,NYJ,2019,9,17,9,8,false,Foot,true,1,8,0.330,1.371,,,,,,,,,,,,,false,
735,00-0029336,Brittan Golden,WR,ARI,2017,16,1,3,3,true,Unlabeled (IR),false,2,8,0.134,2.000,,,,,,,,,,,,,false,
738,00-0029388,Deonte Thompson,WR,BUF,2018,17,17,1,0,false,Toe,true,1,8,0.247,1.712,,,,,,,,,,,,,false,
739,00-0029394,Brenton Bersin,WR,CAR,2017,1,1,1,1,true,Unlabeled (IR),false,1,8,0.073,1.700,201709,0,2.379,1.667,1.931,1.931,3.172,2.483,3.724,3.310,10.897,7.862,true,0.980
740,00-0029414,Orson Charles,TE,CLE,2018,15,17,3,3,true,Ankle,true,1,8,0.186,0.567,,,,,,,,,,,,,false,
741,00-0029432,Chase Ford,TE,MIN,2015,1,9,8,8,true,Shoulder,false,1,8,0.490,5.750,,,,,,,,,,,,,false,
743,00-0029438,Chris Polk,RB,PHI,2014,6,6,1,0,false,Hamstring,false,1,8,0.074,5.583,201408,0,1.966,3.625,2.034,2.305,2.847,0.678,3.254,2.169,0.678,0.136,true,0.649
746,00-0029492,Jamize Olawale,RB,OAK,2015,2,2,1,0,false,Ankle,false,1,8,0.113,4.733,201504,0,1.511,0.400,1.067,1.867,2.133,0.978,0.978,2.400,2.933,1.244,true,0.085
747,00-0029492,Jamize Olawale,RB,OAK,2017,1,1,1,0,false,Quadricep,false,1,8,0.201,5.450,201703,,0.783,1.200,0.696,1.540,0.248,0.646,0.398,0.944,0.348,0.994,true,0.220
748,00-0029492,Jamize Olawale,RB,OAK,2017,6,6,1,0,false,Concussion,false,1,8,0.189,1.883,201707,,0.623,3.500,0.689,0.424,1.007,0.371,1.060,0.106,0.212,0.318,true,1.858
749,00-0029492,Jamize Olawale,RB,DAL,2020,8,17,9,9,true,Unlabeled (IR),true,1,8,0.105,0.000,,,,,,,,,,,,,false,
750,00-0029510,Jonathan Grimes,RB,HOU,2015,4,5,2,0,false,Knee,false,1,8,0.266,4.775,201507,1,0.911,4.550,0.188,1.052,1.390,1.014,1.127,1.352,1.615,1.089,true,0.953
751,00-0029510,Jonathan Grimes,RB,HOU,2016,4,7,4,0,false,Ankle,false,1,8,0.290,7.175,201608,,0.897,2.875,0.862,0.655,1.310,0.759,0.931,0.655,2.034,,true,0.401
752,00-0029510,Jonathan Grimes,RB,HOU,2016,11,11,1,0,false,Illness,false,1,8,0.282,6.725,201612,,0.938,3.475,0.673,1.345,0.779,0.956,0.673,2.088,,,true,0.517
754,00-0029534,Cooper Helfet,TE,SEA,2014,13,13,1,0,false,Ankle,false,1,7,0.416,4.817,201416,,0.565,1.450,0.866,0.048,0.072,1.275,0.120,0.168,0.096,0.192,true,0.301
758,00-0029567,Nick Foles,QB,PHI,2013,8,8,1,0,false,Concussion,false,1,4,0.413,12.995,201309,0,2.339,28.615,2.085,2.424,2.424,2.424,2.424,2.424,2.303,2.424,true,2.202
759,00-0029567,Nick Foles,QB,PHI,2014,10,17,8,0,false,Collarbone,true,1,8,1.000,16.035,201501,0,1.000,13.675,1.000,1.000,1.000,1.000,1.000,1.000,1.000,1.000,true,0.853
760,00-0029567,Nick Foles,QB,JAX,2019,2,9,8,8,true,Abdomen,false,1,8,0.896,13.723,201911,0,0.815,11.990,1.116,1.116,0.446,0.580,1.116,1.116,1.116,1.116,true,0.874
761,00-0029567,Nick Foles,QB,CHI,2021,9,9,1,0,false,Not injury related - personal matter,false,1,8,0.926,13.047,202116,,0.686,6.200,1.080,0.043,1.080,0.540,,,,,true,0.475
762,00-0029567,Nick Foles,QB,IND,2022,18,18,1,0,false,Ribs,true,1,8,0.755,9.103,,,,,,,,,,,,,false,
764,00-0029580,Rishard Matthews,WR,MIA,2015,1,16,15,15,true,Ribs,false,1,8,0.227,3.643,201601,0,2.264,7.500,2.286,2.374,2.769,1.626,2.418,1.758,2.945,3.868,true,2.059
765,00-0029580,Rishard Matthews,WR,NYJ,2018,16,17,2,2,true,Unlabeled (IR),true,1,8,0.504,2.029,,,,,,,,,,,,,false,
767,00-0029587,Rhett Ellison,TE,MIN,2013,8,9,2,0,false,Ankle,false,1,3,0.107,,201311,0,4.453,3.533,3.562,4.875,4.875,4.500,7.969,7.500,2.625,5.062,true,
768,00-0029587,Rhett Ellison,TE,MIN,2015,1,17,16,16,true,Concussion,true,1,8,0.511,4.567,201601,,0.489,1.333,0.411,0.372,0.743,0.430,0.333,0.293,0.724,0.489,true,0.292
769,00-0029587,Rhett Ellison,TE,NYG,2018,17,17,1,0,false,Concussion,true,1,8,0.626,3.829,201901,,0.671,2.575,0.511,0.782,0.559,0.830,0.687,1.597,0.639,0.655,true,0.673
770,00-0029587,Rhett Ellison,TE,NYG,2019,12,17,6,1,false,Concussion,true,1,8,0.514,3.963,,,,,,,,,,,,,false,
772,00-0029590,Taylor Thompson,TE,TEN,2014,1,8,8,8,true,Knee,false,1,8,0.344,1.717,,,,,,,,,,,,,false,
774,00-0029601,Brandon Bostick,TE,GB,2014,11,12,2,0,false,Hip,false,1,8,0.193,4.367,201414,,0.273,0.000,0.208,0.208,0.104,0.571,1.610,0.623,0.727,0.519,true,0.000
775,00-0029604,Kirk Cousins,QB,MIN,2021,17,17,1,1,true,Ribs,false,1,8,1.000,17.210,202118,0,1.000,17.030,1.000,1.000,1.000,1.000,1.000,1.000,1.000,1.000,true,0.990
776,00-0029604,Kirk Cousins,QB,MIN,2023,9,18,9,9,true,Unlabeled (IR),true,1,8,0.943,17.860,202401,0,1.061,10.590,1.061,1.061,1.061,1.061,1.061,1.061,0.955,1.061,true,0.593
777,00-0029608,T.Y. Hilton,WR,IND,2018,5,6,2,0,false,Chest,false,1,8,0.922,11.812,201807,4,0.756,17.525,0.575,0.889,0.824,0.737,0.943,0.943,0.878,0.618,true,1.484
778,00-0029608,T.Y. Hilton,WR,IND,2019,9,11,3,0,false,Calf,false,1,8,0.789,16.625,201912,3,0.685,6.775,0.469,0.659,0.748,0.862,1.014,0.735,0.672,0.951,true,0.408
779,00-0029608,T.Y. Hilton,WR,IND,2019,13,14,2,0,false,Calf,false,1,8,0.835,15.862,201915,6,0.775,7.900,0.623,0.707,0.814,0.958,0.695,0.635,0.898,1.138,true,0.498
780,00-0029608,T.Y. Hilton,WR,IND,2021,1,5,5,5,true,Unlabeled (IR),false,1,8,0.623,13.288,202106,7,0.787,5.425,0.803,0.707,0.980,0.659,0.980,0.707,0.434,1.076,true,0.408
781,00-0029608,T.Y. Hilton,WR,IND,2021,9,9,1,0,false,Concussion,false,1,8,0.639,15.137,202110,5,0.810,5.775,0.955,0.642,0.955,0.689,0.423,1.049,0.971,1.096,true,0.382
783,00-0029613,Doug Martin,RB,TB,2014,11,11,1,0,false,Ankle,false,1,8,0.640,9.225,201412,,0.699,7.825,0.531,0.812,0.594,0.859,0.578,0.719,0.641,0.922,true,0.848
784,00-0029613,Doug Martin,RB,TB,2016,3,9,5,0,false,Hamstring,false,2,8,0.605,14.562,201610,1,1.045,11.975,0.678,1.289,1.306,0.909,1.107,1.091,0.595,0.876,true,0.822
785,00-0029613,Doug Martin,RB,TB,2017,13,13,1,0,false,Concussion,false,1,8,0.514,8.188,201714,,0.331,3.775,0.526,0.448,0.097,0.253,0.487,0.331,0.136,0.214,true,0.461
786,00-0029615,Lamar Miller,RB,HOU,2016,17,17,1,0,false,Ankle,true,1,8,0.565,14.363,201701,0,1.296,14.925,1.434,1.310,1.239,1.204,1.558,1.186,1.540,1.292,true,1.039
787,00-0029615,Lamar Miller,RB,HOU,2019,1,17,16,16,true,Unlabeled (IR),true,1,8,0.590,13.750,202010,,0.169,2.600,0.169,,,,,,,,true,0.189
790,00-0029632,Mohamed Sanu,WR,ATL,2016,14,14,1,0,false,Groin,false,1,8,0.803,10.375,201615,1,0.916,9.975,0.847,0.885,0.922,1.009,1.034,1.047,0.511,1.109,true,0.961
791,00-0029632,Mohamed Sanu,WR,ATL,2017,6,6,1,0,false,Hamstring,false,1,8,0.794,10.725,201707,0,1.027,12.275,1.121,1.146,0.907,0.932,0.957,1.008,1.096,0.920,true,1.145
792,00-0029632,Mohamed Sanu,WR,SF,2021,10,18,9,9,true,Knee,true,1,8,0.460,4.350,,,,,,,,,,,,,false,
793,00-0029634,James Hanna,TE,DAL,2016,1,17,16,16,true,Unlabeled (IR),true,1,8,0.254,1.133,201701,2,1.113,4.900,1.103,0.512,1.182,1.655,1.064,1.222,0.828,0.591,true,4.324
794,00-0029654,A.J. Jenkins,WR,KC,2014,1,12,11,11,true,Shoulder,false,1,8,0.100,3.400,,,,,,,,,,,,,false,
795,00-0029664,Josh Gordon,WR,CLE,2018,2,2,1,0,false,Hamstring,false,1,8,0.838,9.662,201804,2,0.669,10.350,0.263,0.310,0.967,1.134,1.003,0.955,0.991,0.907,true,1.071
796,00-0029664,Josh Gordon,WR,NE,2019,7,8,2,1,false,Knee,false,1,8,0.820,10.675,201910,,0.494,3.525,0.451,0.402,0.439,0.683,0.451,0.122,0.159,0.134,true,0.330
797,00-0029664,Josh Gordon,WR,SEA,2020,8,12,5,5,true,Unlabeled (IR),false,1,8,0.570,6.088,202105,,0.325,0.700,0.175,0.228,0.193,0.702,0.509,0.754,0.754,0.404,true,0.115
798,00-0029664,Josh Gordon,WR,KC,2021,15,15,1,1,true,Unlabeled (IR),false,1,8,0.265,0.760,202116,2,0.858,0.375,0.453,0.755,1.019,1.208,0.377,,,,true,0.493
799,00-0029665,Robert Griffin,QB,WAS,2014,3,7,5,0,false,Ankle,false,1,8,0.948,14.095,201409,0,0.815,7.870,1.055,1.055,1.055,0.095,0.876,1.055,1.055,1.034,true,0.558
800,00-0029665,Robert Griffin,QB,CLE,2016,2,12,11,11,true,Unlabeled (IR),false,1,8,0.754,9.810,201614,0,1.280,14.285,1.327,1.327,1.141,1.327,0.013,0.265,0.080,0.398,true,1.456
801,00-0029665,Robert Griffin,QB,BAL,2020,13,17,5,5,true,Thigh,true,1,8,0.227,1.094,,,,,,,,,,,,,false,
802,00-0029668,Andrew Luck,QB,IND,2015,11,17,7,0,false,Abdomen,true,1,8,0.869,15.578,201601,0,1.148,19.120,1.151,1.151,1.140,1.151,1.151,1.151,1.151,1.151,true,1.227
803,00-0029668,Andrew Luck,QB,IND,2016,12,12,1,0,false,Concussion,false,1,8,0.999,18.188,201613,1,0.931,22.370,0.791,1.001,0.931,1.001,1.001,1.001,1.001,0.981,true,1.230
804,00-0029668,Andrew Luck,QB,IND,2017,1,17,16,8,false,right Shoulder,true,1,8,0.965,20.890,201801,0,1.031,20.085,1.036,1.036,1.016,1.036,1.036,1.036,0.912,1.036,true,0.961
805,00-0029673,DeVier Posey,WR,HOU,2013,16,17,2,0,false,Ankle,true,1,8,0.337,3.300,201415,,2.756,4.000,2.756,,,,,,,,true,1.212
806,00-0029673,DeVier Posey,WR,HOU,2014,17,17,1,0,false,Calf,true,1,8,0.312,3.633,,,,,,,,,,,,,false,
810,00-0029677,Brandon Weeden,QB,CLE,2013,14,14,1,0,false,Concussion,false,1,7,0.773,9.763,201408,6,0.463,5.005,0.233,1.294,0.194,0.129,0.026,0.414,1.294,1.294,true,0.513
811,00-0029683,Ronnie Hillman,RB,DEN,2014,11,14,4,0,false,Foot,false,1,8,0.481,11.863,201417,6,0.758,5.725,0.935,0.478,0.873,0.748,0.914,0.748,1.081,1.184,true,0.483
813,00-0029689,Dwayne Allen,TE,IND,2014,12,13,2,0,false,Ankle,false,1,8,0.725,11.125,201414,0,0.790,5.450,0.966,1.076,0.179,0.938,0.414,1.062,0.579,0.552,true,0.490
814,00-0029689,Dwayne Allen,TE,IND,2014,17,16,16,15,false,Knee,false,2,8,0.665,10.429,201601,0,1.188,8.075,1.053,1.278,1.233,1.188,1.068,0.120,0.977,1.233,true,0.774
815,00-0029689,Dwayne Allen,TE,IND,2016,7,8,2,0,false,Ankle,false,1,8,0.715,6.575,201609,0,0.951,10.400,0.909,1.147,0.881,0.867,0.811,0.657,0.895,0.811,true,1.582
816,00-0029689,Dwayne Allen,TE,NE,2018,12,13,2,0,false,Knee,false,1,8,0.425,1.850,201815,1,0.722,0.000,0.118,1.153,0.894,,,,,,true,0.000
818,00-0029697,Coby Fleener,TE,NO,2017,13,17,5,5,true,Concussion,true,1,8,0.338,4.125,,,,,,,,,,,,,false,
819,00-0029701,Ryan Tannehill,QB,MIA,2016,15,17,19,16,false,Knee,true,2,8,1.000,13.470,201801,0,0.932,14.220,1.000,1.000,1.000,0.730,1.000,1.000,1.000,0.960,true,1.056
820,00-0029701,Ryan Tannehill,QB,MIA,2018,7,10,4,0,false,right Shoulder,false,1,8,0.938,15.413,201812,0,1.056,15.215,1.067,1.067,1.024,1.067,1.067,1.067,0.032,0.448,true,0.987
821,00-0029701,Ryan Tannehill,QB,TEN,2022,16,18,3,2,false,Ankle,true,1,8,0.972,13.945,202301,0,1.018,10.080,1.028,1.028,0.987,1.028,1.028,0.689,1.028,0.781,true,0.723
822,00-0029701,Ryan Tannehill,QB,TEN,2023,8,9,2,0,false,Ankle,false,1,8,0.953,11.448,202316,,0.966,9.640,1.050,0.798,1.050,,,,,,true,0.842
824,00-0029708,Kendall Wright,WR,TEN,2015,9,11,3,0,false,Knee,false,1,8,0.710,12.100,201512,,0.581,4.375,0.775,0.831,0.197,0.521,0.394,0.493,0.718,0.549,true,0.362
825,00-0029708,Kendall Wright,WR,TEN,2015,14,15,2,0,false,Ribs,false,1,8,0.672,10.738,201516,,0.424,9.350,0.208,0.550,0.416,0.520,0.758,0.580,1.011,0.639,true,0.871
826,00-0029708,Kendall Wright,WR,TEN,2015,17,2,3,0,false,Knee,false,2,8,0.693,8.950,201604,,0.545,8.950,0.534,0.404,0.505,0.736,0.563,0.982,0.621,0.780,true,1.000
829,00-0029731,Fozzy Whittaker,RB,CAR,2014,8,9,2,0,false,Thigh,false,1,8,0.238,5.225,201410,,0.537,4.600,0.842,0.884,0.042,0.379,0.505,0.168,0.547,0.716,true,0.880
830,00-0029731,Fozzy Whittaker,RB,CAR,2015,17,17,1,0,false,Ankle,true,1,8,0.179,2.557,201601,0,2.517,11.400,1.007,3.301,2.517,3.245,1.958,1.231,1.007,1.287,true,4.458
831,00-0029731,Fozzy Whittaker,RB,CAR,2017,7,8,2,0,false,Ankle,false,1,8,0.125,3.967,201712,,0.500,0.075,0.080,0.160,0.960,0.800,0.560,0.560,,,true,0.019
832,00-0029731,Fozzy Whittaker,RB,CAR,2018,1,17,16,16,true,Unlabeled (IR),true,1,8,0.061,2.043,,,,,,,,,,,,,false,
833,00-0029738,Darren Fells,TE,ARI,2015,7,8,2,0,false,Shoulder,false,1,8,0.758,6.543,201510,4,0.663,4.275,0.739,0.607,0.475,0.832,1.149,1.201,1.109,0.911,true,0.653
834,00-0029738,Darren Fells,TE,ARI,2016,5,5,1,0,false,Shoulder,false,1,8,0.701,5.200,201606,,0.378,2.500,0.570,0.114,0.613,0.214,0.157,0.471,0.627,0.485,true,0.481
835,00-0029738,Darren Fells,TE,ARI,2016,8,8,1,0,false,Ankle,false,1,8,0.628,4.200,201610,,0.406,2.550,0.685,0.239,0.175,0.526,0.701,0.542,0.510,0.622,true,0.607
836,00-0029740,Ifeanyi Momah,TE,ARI,2016,10,17,8,8,true,Unlabeled (IR),true,1,4,0.062,1.750,201701,,1.640,1.867,0.640,5.120,0.320,0.480,0.480,0.960,0.320,1.920,true,1.067
837,00-0029740,Ifeanyi Momah,TE,ARI,2017,11,17,7,7,true,Unlabeled (IR),true,1,8,0.080,1.120,,,,,,,,,,,,,false,
839,00-0029778,Darius Johnson,WR,ATL,2013,16,16,1,0,false,Ankle,false,1,8,0.652,5.087,201317,,0.736,1.400,0.736,,,,,,,,true,0.275
840,00-0029793,Brandon Williams,TE,CAR,2015,1,14,9,8,true,Foot,false,3,8,0.080,0.320,201601,0,1.781,0.000,1.375,0.875,2.625,2.250,1.875,1.625,2.125,2.625,true,0.000
841,00-0029793,Brandon Williams,TE,SEA,2016,15,15,1,1,true,Knee,false,1,8,0.147,0.867,201617,0,1.678,2.567,1.288,2.576,1.220,1.627,1.898,4.475,1.492,1.017,true,2.962
842,00-0029793,Brandon Williams,TE,IND,2017,16,17,2,2,true,Concussion,true,1,8,0.321,2.300,,,,,,,,,,,,,false,
843,00-0029795,Benny Cunningham,RB,STL,2013,7,7,1,0,false,Ankle,false,1,4,0.223,2.450,201309,,0.921,6.900,0.584,0.719,2.067,0.315,0.899,0.584,0.449,0.090,true,2.816
844,00-0029795,Benny Cunningham,RB,LA,2016,15,17,3,3,true,Neck,true,1,8,0.265,3.950,201701,2,0.575,5.150,0.226,0.302,0.906,0.868,0.038,0.151,1.774,1.019,true,1.304
845,00-0029848,Nick Williams,WR,ATL,2016,15,15,1,0,false,Concussion,false,1,8,0.228,6.680,201617,1,1.363,2.000,0.440,1.626,1.846,1.538,0.703,0.571,,,true,0.299
846,00-0029848,Nick Williams,WR,SF,2019,1,1,1,1,true,Unlabeled (IR),false,1,8,0.206,3.433,,,,,,,,,,,,,false,
848,00-0029854,C.J. Anderson,RB,DEN,2016,8,17,9,9,true,Knee,true,1,8,0.634,14.113,201701,0,1.112,15.425,1.105,1.152,1.105,1.089,0.742,0.931,0.757,0.552,true,1.093
850,00-0029878,MarQueis Gray,TE,CLE,2013,11,12,2,0,false,Hamstring,false,1,5,0.066,0.767,201313,2,3.712,1.433,0.606,0.758,2.121,11.364,4.394,1.818,3.030,1.212,true,1.870
851,00-0029878,MarQueis Gray,TE,BUF,2015,1,5,5,4,true,Forearm,false,1,8,0.196,2.414,201601,5,0.280,0.000,0.102,0.102,0.357,0.561,0.713,1.987,4.331,3.975,true,0.000
852,00-0029878,MarQueis Gray,TE,MIA,2018,1,17,16,16,true,Foot,true,1,8,0.126,0.800,,,,,,,,,,,,,false,
853,00-0029883,Joseph Fauria,TE,DET,2014,1,14,13,13,true,Ankle,false,1,8,0.275,3.950,,,,,,,,,,,,,false,
854,00-0029892,Kyle Juszczyk,RB,SF,2017,6,7,2,0,false,Back,false,1,8,0.369,4.763,201708,4,0.936,2.425,0.814,0.624,1.681,0.624,1.437,1.329,1.247,1.519,true,0.509
855,00-0029892,Kyle Juszczyk,RB,SF,2019,6,9,4,0,false,Knee,false,1,8,0.588,3.143,201910,7,0.826,3.325,0.800,0.902,0.817,0.783,0.715,0.664,0.715,1.157,true,1.058
856,00-0029892,Kyle Juszczyk,RB,SF,2022,8,8,1,0,false,Finger,false,1,8,0.540,4.257,202210,3,0.829,4.267,0.704,0.796,0.796,1.019,1.204,0.963,0.778,0.852,true,1.002
857,00-0029910,Timothy Wright,TE,DET,2016,1,17,16,16,true,Unlabeled (IR),true,1,8,0.307,2.971,,,,,,,,,,,,,false,
859,00-0029931,Zach Line,RB,MIN,2016,16,16,1,0,false,Concussion,false,1,8,0.195,0.225,201617,1,0.833,0.000,0.564,0.872,1.231,0.667,1.385,1.282,0.718,0.615,true,0.000
860,00-0029931,Zach Line,RB,NO,2019,12,14,3,0,false,Knee,false,1,8,0.253,1.533,201915,0,1.327,0.400,1.188,1.465,,,,,,,true,0.261
863,00-0030000,Kenbrell Thompkins,WR,NYJ,2016,1,1,1,1,true,Unlabeled (IR),false,1,8,0.570,6.957,,,,,,,,,,,,,false,
864,00-0030035,Adam Thielen,WR,MIN,2019,8,8,1,0,false,Hamstring,false,1,8,0.900,14.838,201909,2,0.694,9.300,0.111,0.567,1.033,1.067,0.989,1.044,0.978,1.033,true,0.627
865,00-0030035,Adam Thielen,WR,MIN,2019,10,11,2,0,false,Hamstring,false,1,8,0.799,14.363,201915,1,1.030,10.825,0.638,1.164,1.202,1.114,1.177,1.102,1.164,1.164,true,0.754
866,00-0030035,Adam Thielen,WR,MIN,2020,12,12,1,1,true,Unlabeled (IR),false,1,8,0.912,14.975,202013,0,0.995,15.300,0.997,0.986,1.030,0.964,1.041,1.030,1.096,1.052,true,1.022
867,00-0030035,Adam Thielen,WR,MIN,2021,14,14,1,0,false,Ankle,false,1,8,0.946,16.087,202116,1,0.861,10.225,0.391,1.004,1.025,1.025,1.025,1.015,0.919,0.919,true,0.636
868,00-0030035,Adam Thielen,WR,MIN,2021,17,18,2,2,true,Ankle,true,1,8,0.833,15.262,202201,0,1.159,12.275,1.141,1.165,1.165,1.165,1.153,1.045,1.045,1.129,true,0.804
869,00-0030035,Adam Thielen,WR,CAR,2024,4,10,7,7,true,Hamstring,false,1,8,0.876,8.312,202412,2,0.839,15.475,0.696,0.833,0.856,0.970,0.673,0.970,0.867,0.650,true,1.862
870,00-0030047,Marquess Wilson,WR,CHI,2015,1,10,22,21,true,Foot,false,2,8,0.680,5.029,201611,,0.544,10.333,0.676,0.868,0.088,,,,,,true,2.055
871,00-0030047,Marquess Wilson,WR,CHI,2016,15,17,3,3,true,Groin,true,1,8,0.764,8.375,,,,,,,,,,,,,false,
872,00-0030049,Chris Gragg,TE,BUF,2014,13,15,3,0,false,Knee,false,1,8,0.319,2.940,201504,2,1.137,6.133,0.282,0.722,1.161,2.384,0.220,0.251,0.314,0.596,true,2.086
873,00-0030049,Chris Gragg,TE,BUF,2016,1,17,32,32,true,Unlabeled (IR),true,2,8,0.385,2.150,,,,,,,,,,,,,false,
874,00-0030061,Zach Ertz,TE,PHI,2015,12,12,1,0,false,Concussion,false,1,8,0.733,8.325,201513,0,1.096,17.175,1.188,1.065,1.051,1.078,1.010,1.065,1.160,1.201,true,2.063
875,00-0030061,Zach Ertz,TE,PHI,2016,2,3,2,0,false,Rib,false,1,8,0.719,14.913,201605,0,1.169,4.550,1.183,1.224,1.155,1.113,1.155,1.043,1.224,1.294,true,0.305
876,00-0030061,Zach Ertz,TE,PHI,2019,17,17,1,0,false,Ribs,true,1,8,0.841,16.650,202001,0,1.088,10.225,1.010,1.117,1.094,1.129,1.129,0.796,0.523,0.856,true,0.614
877,00-0030061,Zach Ertz,TE,PHI,2020,7,12,5,5,true,Ankle,false,1,8,0.899,12.062,202013,3,0.768,5.775,0.490,0.801,0.834,0.946,1.001,0.645,0.712,0.579,true,0.479
878,00-0030061,Zach Ertz,TE,ARI,2021,6,6,1,0,false,Not Injury Related,false,1,8,0.682,7.112,202107,1,1.040,9.625,0.718,1.070,1.172,1.201,1.114,1.128,1.216,1.304,true,1.353
879,00-0030061,Zach Ertz,TE,ARI,2022,11,18,7,6,false,Knee,true,1,8,0.891,12.750,202301,,0.785,8.400,0.864,0.763,0.662,0.853,0.842,0.516,0.595,0.797,true,0.659
880,00-0030061,Zach Ertz,TE,ARI,2023,8,12,5,5,true,Unlabeled (IR),false,1,8,0.639,8.000,202401,0,1.049,8.000,1.112,1.018,1.002,1.065,0.892,1.252,0.908,1.190,true,1.000
881,00-0030061,Zach Ertz,TE,WAS,2025,15,18,4,4,true,Not injury related - resting player,true,1,8,0.660,10.175,,,,,,,,,,,,,false,
883,00-0030068,Marquise Goodwin,WR,BUF,2014,7,7,1,0,false,Hamstring,false,1,8,0.208,0.963,201410,7,0.470,0.400,0.578,0.145,1.012,0.145,0.145,2.169,0.434,1.060,true,0.416
884,00-0030068,Marquise Goodwin,WR,BUF,2015,1,7,7,6,true,Ribs,false,1,8,0.134,0.857,201601,0,4.467,7.667,1.645,3.963,6.206,6.056,5.159,4.710,4.037,4.187,true,8.944
885,00-0030068,Marquise Goodwin,WR,BUF,2016,8,8,1,0,false,Concussion,false,1,8,0.531,5.843,201609,0,1.407,5.650,1.054,1.562,1.468,1.544,1.562,1.487,0.678,0.979,true,0.967
886,00-0030068,Marquise Goodwin,WR,SF,2018,2,2,1,0,false,Quadricep,false,1,8,0.735,14.138,201803,2,1.068,12.525,0.844,0.844,1.293,1.293,1.252,0.993,1.143,0.449,true,0.886
887,00-0030068,Marquise Goodwin,WR,SF,2018,13,13,1,0,false,Not Injury Related,false,1,8,0.672,9.588,201814,2,0.691,3.325,0.491,0.164,1.026,1.086,0.743,0.996,0.907,0.907,true,0.347
888,00-0030068,Marquise Goodwin,WR,SF,2018,17,17,1,0,false,Calf,true,1,8,0.681,8.713,201901,2,0.921,8.275,1.072,0.734,0.983,0.895,0.895,0.161,0.176,0.470,true,0.950
889,00-0030068,Marquise Goodwin,WR,SF,2019,15,17,12,12,true,Knee,true,2,8,0.505,5.313,202101,5,0.782,2.600,0.752,0.950,0.436,0.990,0.752,0.950,1.050,0.851,true,0.489
890,00-0030068,Marquise Goodwin,WR,CHI,2021,13,13,1,0,false,Foot,false,1,8,0.471,4.912,202116,3,0.796,2.950,0.658,0.764,0.679,1.082,1.125,0.891,0.870,0.976,true,0.601
891,00-0030068,Marquise Goodwin,WR,SEA,2022,9,9,1,0,false,Groin,false,1,8,0.444,4.987,202210,0,1.335,10.825,1.780,1.014,0.834,1.713,1.330,1.149,0.315,0.383,true,2.170
892,00-0030068,Marquise Goodwin,WR,SEA,2022,17,18,2,2,true,Shoulder,true,1,8,0.544,10.112,202301,,0.202,0.275,0.257,0.313,0.129,0.110,0.368,0.441,0.221,0.202,true,0.027
893,00-0030068,Marquise Goodwin,WR,CLE,2023,10,13,4,0,false,Concussion,false,1,8,0.189,0.913,202314,,0.702,3.350,0.636,0.530,0.689,0.954,,,,,true,3.671
895,00-0030085,Kenny Stills,WR,MIA,2018,8,8,1,0,false,Groin,false,1,8,0.890,9.550,201809,1,0.921,5.700,0.551,1.079,1.079,0.978,0.933,1.079,0.876,1.034,true,0.597
896,00-0030085,Kenny Stills,WR,HOU,2020,12,12,1,0,false,Quadricep,false,1,8,0.280,5.233,202103,0,1.661,1.625,1.679,0.893,2.536,1.536,0.036,1.179,0.964,1.429,true,0.311
897,00-0030089,Luke Willson,TE,SEA,2015,17,17,1,0,false,Concussion,true,1,8,0.549,4.129,201601,2,1.084,2.275,1.421,0.437,1.257,1.221,0.528,0.929,0.055,0.692,true,0.551
898,00-0030089,Luke Willson,TE,SEA,2016,7,9,3,0,false,Knee,false,1,8,0.616,2.525,201611,,0.625,4.325,0.828,0.049,0.617,1.006,0.535,0.909,0.568,0.730,true,1.713
899,00-0030089,Luke Willson,TE,DET,2018,17,17,1,0,false,Concussion,true,1,8,0.501,2.467,201904,1,0.993,2.550,0.479,1.157,1.377,0.958,1.436,0.459,0.379,0.778,true,1.034
900,00-0030091,Tavarres King,WR,NYG,2017,16,5,7,6,false,Concussion,false,2,8,0.737,5.588,,,,,,,,,,,,,false,
901,00-0030095,Corey Fuller,WR,DET,2016,1,9,17,17,true,Unlabeled (IR),false,2,8,0.235,1.933,,,,,,,,,,,,,false,
903,00-0030107,Theo Riddick,RB,DET,2014,5,5,1,0,false,Hamstring,false,1,8,0.059,1.638,201406,0,4.681,13.775,4.596,6.979,1.702,5.447,6.128,6.128,0.681,2.383,true,8.412
904,00-0030107,Theo Riddick,RB,DET,2016,6,7,2,0,false,Ankle,false,1,8,0.528,12.588,201608,0,1.384,15.750,1.611,1.327,1.100,1.498,0.891,0.588,0.796,0.929,true,1.251
905,00-0030107,Theo Riddick,RB,DET,2016,17,17,1,1,true,Wrist,true,1,8,0.713,15.162,201701,,0.519,7.825,0.435,0.589,0.688,0.365,0.688,0.604,0.589,0.519,true,0.516
906,00-0030107,Theo Riddick,RB,DET,2018,7,8,2,0,false,Knee,false,1,8,0.481,10.125,201809,0,1.044,10.900,1.164,1.226,0.873,0.914,1.101,0.873,0.914,0.914,true,1.077
907,00-0030107,Theo Riddick,RB,DEN,2019,1,17,16,16,true,Unlabeled (IR),true,1,8,0.480,9.287,202004,,0.333,2.675,0.188,0.354,0.375,0.417,,,,,true,0.288
908,00-0030107,Theo Riddick,RB,LV,2020,11,12,2,2,true,Unlabeled (IR),false,1,8,0.442,8.262,202013,,0.414,3.133,0.384,0.407,0.452,,,,,,true,0.379
909,00-0030108,Ryan Griffin,TE,HOU,2013,11,11,1,0,false,Concussion,false,1,8,0.120,0.950,201312,0,4.896,4.725,2.667,3.083,5.500,8.333,8.083,8.167,3.750,3.083,true,4.974
910,00-0030108,Ryan Griffin,TE,HOU,2017,2,2,1,0,false,Concussion,false,1,8,0.470,7.350,201703,0,1.867,8.700,1.830,2.043,1.723,1.872,1.957,0.660,1.809,1.660,true,1.184
911,00-0030108,Ryan Griffin,TE,HOU,2017,10,17,8,8,true,Hip,true,1,8,0.699,4.975,201801,0,1.102,2.875,1.216,1.116,1.088,0.987,1.016,1.202,1.088,1.073,true,0.578
912,00-0030108,Ryan Griffin,TE,HOU,2018,7,8,2,0,false,Illness,false,1,8,0.738,5.171,201809,0,1.007,3.767,1.031,1.017,0.895,1.085,1.112,1.125,0.976,1.071,true,0.728
913,00-0030108,Ryan Griffin,TE,NYJ,2019,15,17,3,3,true,Ankle,true,1,8,0.841,11.187,202001,,0.383,1.000,0.380,0.499,0.333,0.321,0.725,0.440,0.559,0.333,true,0.089
914,00-0030108,Ryan Griffin,TE,NYJ,2020,16,16,1,1,true,Unlabeled (IR),false,1,8,0.463,2.720,202017,0,1.146,2.425,0.886,1.038,1.341,1.319,1.232,1.968,1.665,1.059,true,0.892
915,00-0030108,Ryan Griffin,TE,NYJ,2021,16,18,3,3,true,Unlabeled (IR),true,1,8,0.663,5.788,202201,,0.415,0.975,0.800,0.408,0.392,0.060,0.226,0.121,0.045,0.317,true,0.168
916,00-0030108,Ryan Griffin,TE,CHI,2022,3,3,1,0,false,Achilles,false,1,8,0.621,6.000,202205,,0.213,0.867,0.419,0.064,0.241,0.129,0.048,0.338,0.193,0.064,true,0.144
917,00-0030110,Michael Williams,TE,NE,2016,1,17,16,16,true,Unlabeled (IR),true,1,8,0.503,0.340,,,,,,,,,,,,,false,
918,00-0030112,Tommy Bohanon,RB,NYJ,2014,1,4,4,4,true,Unlabeled (IR),false,1,8,0.299,1.500,201501,3,0.971,0.067,0.669,1.406,0.100,1.707,0.904,1.071,0.335,1.238,true,0.044
919,00-0030113,Charles D. Johnson,WR,MIN,2015,4,4,1,0,false,Rib,false,1,8,0.953,9.175,201507,,0.228,3.700,0.126,0.126,0.409,0.252,0.147,0.220,0.136,0.819,true,0.403
920,00-0030113,Charles D. Johnson,WR,MIN,2015,15,15,1,0,false,Ankle,false,1,8,0.299,3.400,201601,0,2.075,3.500,2.611,2.310,2.377,1.004,0.536,0.803,1.038,1.038,true,1.029
921,00-0030113,Charles D. Johnson,WR,CAR,2017,1,1,17,17,true,Unlabeled (IR),false,2,8,0.338,4.317,,,,,,,,,,,,,false,
925,00-0030147,Russell Shepard,WR,TB,2016,10,10,1,0,false,Hip,false,1,8,0.220,3.943,201611,0,2.682,4.475,2.000,2.182,3.500,3.045,4.182,3.864,4.182,1.364,true,1.135
926,00-0030147,Russell Shepard,WR,NYG,2018,6,6,1,0,false,Neck,false,1,8,0.291,1.433,201808,5,0.335,1.950,0.103,0.069,0.446,0.721,0.343,1.408,1.785,0.412,true,1.360
927,00-0030147,Russell Shepard,WR,NYG,2018,16,17,2,0,false,Ankle,true,1,8,0.286,6.000,201901,1,1.293,2.750,0.419,1.991,1.467,,,,,,true,0.458
928,00-0030147,Russell Shepard,WR,NYG,2019,4,17,13,13,true,Foot,true,1,8,0.260,5.767,,,,,,,,,,,,,false,
930,00-0030155,Demetrius Harris,TE,ARI,2021,9,9,1,1,true,Unlabeled (IR),false,1,8,0.210,0.000,202110,1,1.012,2.700,0.429,1.048,1.524,1.048,0.524,1.524,,,true,
931,00-0030162,Rico Richardson,WR,SD,2016,1,1,1,1,true,Unlabeled (IR),false,1,4,0.085,0.000,,,,,,,,,,,,,false,
933,00-0030181,Jack Doyle,TE,IND,2017,5,5,1,0,false,Concussion,false,1,8,0.801,8.113,201706,0,1.158,17.700,1.248,1.011,1.198,1.173,1.223,1.211,1.161,1.248,true,2.182
934,00-0030181,Jack Doyle,TE,IND,2018,3,7,5,0,false,Hip,false,1,8,0.977,9.738,201808,,0.765,11.375,0.747,0.890,0.839,0.583,0.696,0.716,0.706,0.747,true,1.168
935,00-0030181,Jack Doyle,TE,IND,2018,13,17,5,5,true,Unlabeled (IR),true,1,8,0.916,10.438,201901,,0.764,6.975,0.742,0.764,0.753,0.797,0.797,0.840,0.786,0.840,true,0.668
936,00-0030181,Jack Doyle,TE,IND,2020,2,2,1,0,false,Ankle,false,1,8,0.760,6.575,202003,,0.789,4.033,0.711,0.829,0.803,0.816,0.763,0.421,0.711,0.395,true,0.613
937,00-0030181,Jack Doyle,TE,IND,2020,10,10,1,0,false,Concussion,false,1,8,0.665,5.014,202011,3,0.782,4.300,0.812,0.451,0.827,1.038,1.143,0.827,0.962,0.887,true,0.858
939,00-0030216,Josh Hill,TE,NO,2016,2,4,2,0,false,Ankle,false,2,8,0.340,2.771,201606,0,2.007,5.300,1.853,1.647,2.353,2.176,1.500,1.676,2.294,0.471,true,1.912
940,00-0030216,Josh Hill,TE,NO,2016,14,17,4,4,true,Fibula,true,1,8,0.598,4.943,201701,4,0.653,3.600,0.669,0.669,1.071,0.201,1.138,0.904,1.105,0.787,true,0.728
941,00-0030216,Josh Hill,TE,NO,2020,11,11,1,0,false,Concussion,false,1,8,0.440,2.500,202012,0,0.892,0.550,1.386,1.227,0.659,0.295,0.023,,,,true,0.220
942,00-0030216,Josh Hill,TE,NO,2020,17,17,1,0,false,Hand,true,1,8,0.384,2.640,,,,,,,,,,,,,false,
943,00-0030247,George Winn,RB,IND,2017,1,17,16,16,true,Unlabeled (IR),true,1,8,0.041,0.500,,,,,,,,,,,,,false,
946,00-0030279,Keenan Allen,WR,SD,2014,16,8,9,8,false,Collarbone,false,2,8,0.967,15.075,201601,1,0.762,14.225,0.382,0.930,0.868,0.868,0.889,0.941,0.879,0.837,true,0.944
947,00-0030279,Keenan Allen,WR,SD,2016,2,17,15,15,true,Not Injury Related,true,1,8,0.904,20.438,201701,0,0.952,15.850,0.996,0.929,0.929,0.952,1.007,0.941,0.896,1.029,true,0.776
948,00-0030279,Keenan Allen,WR,LAC,2020,17,17,1,1,true,Hamstring,true,1,8,0.901,20.363,202101,0,0.960,15.850,0.921,1.021,0.921,0.976,1.010,1.010,1.087,0.999,true,0.778
949,00-0030279,Keenan Allen,WR,LAC,2021,14,14,1,1,true,Unlabeled (IR),false,1,8,0.899,16.213,202115,0,0.912,13.225,0.868,0.990,0.812,0.979,0.367,0.356,0.757,0.990,true,0.816
950,00-0030279,Keenan Allen,WR,LAC,2022,2,5,3,0,false,Hamstring,false,2,8,0.840,16.100,202207,2,0.848,13.050,0.381,0.810,1.060,1.143,1.024,1.060,1.000,1.000,true,0.811
951,00-0030279,Keenan Allen,WR,LAC,2022,9,10,2,0,false,Hamstring,false,1,8,0.765,15.200,202211,0,1.108,17.575,0.889,1.163,1.255,1.124,1.163,1.098,1.098,0.993,true,1.156
952,00-0030279,Keenan Allen,WR,LAC,2023,15,18,4,0,false,Heel,true,1,8,0.890,20.387,202401,2,0.834,9.800,0.764,0.764,0.910,0.899,1.090,1.045,1.045,1.034,true,0.481
953,00-0030279,Keenan Allen,WR,CHI,2024,3,3,1,0,false,Heel,false,1,8,0.890,19.300,202404,1,0.916,9.550,0.764,0.910,0.899,1.090,1.045,1.045,1.034,1.000,true,0.495
954,00-0030282,Stepfan Taylor,RB,ARI,2014,9,10,2,0,false,Calf,false,1,8,0.169,5.457,201411,0,1.333,4.075,1.244,1.659,0.948,1.481,2.548,2.904,2.133,0.178,true,0.747
955,00-0030287,Andre Ellington,RB,ARI,2014,14,14,1,0,false,Hip,false,1,8,0.745,17.962,201501,,0.443,10.050,0.846,0.376,0.161,0.389,0.430,0.523,0.550,0.309,true,0.559
956,00-0030287,Andre Ellington,RB,ARI,2015,2,2,1,0,false,Knee,false,1,8,0.667,14.312,201505,,0.378,6.900,0.419,0.180,0.434,0.479,0.584,0.614,0.345,0.255,true,0.482
957,00-0030287,Andre Ellington,RB,ARI,2015,13,14,2,0,false,Toe,false,1,8,0.335,7.612,201516,,0.552,3.075,0.507,0.985,0.448,0.269,0.030,0.239,0.627,0.299,true,0.404
959,00-0030288,Rex Burkhead,RB,NE,2017,3,5,2,0,false,Ribs,false,2,8,0.435,9.162,201707,,0.759,10.875,0.414,0.713,1.172,0.736,0.920,0.713,0.644,0.575,true,1.187
960,00-0030288,Rex Burkhead,RB,NE,2017,16,17,2,0,false,Knee,true,1,8,0.302,14.725,201801,5,0.926,5.200,1.686,0.760,0.496,0.760,0.694,0.860,1.091,0.826,true,0.353
961,00-0030288,Rex Burkhead,RB,NE,2018,4,12,8,8,true,Unlabeled (IR),false,1,8,0.351,12.838,201813,,0.733,6.200,0.655,0.598,0.740,0.940,0.712,1.310,0.683,2.107,true,0.483
962,00-0030288,Rex Burkhead,RB,NE,2019,5,5,1,0,false,Foot,false,1,8,0.340,9.525,201908,,0.772,4.300,0.588,1.059,0.824,0.618,0.147,0.794,0.912,0.765,true,0.451
963,00-0030288,Rex Burkhead,RB,NE,2020,12,17,6,6,true,Knee,true,1,8,0.446,12.650,202101,,0.291,1.000,0.291,0.403,0.336,0.134,0.157,0.157,1.098,0.672,true,0.079
964,00-0030288,Rex Burkhead,RB,HOU,2021,5,5,1,0,false,Hip,false,1,8,0.295,8.057,202106,2,0.788,3.675,0.237,0.237,1.661,1.017,1.424,2.068,1.559,1.492,true,0.456
965,00-0030300,Jaron Brown,WR,ARI,2016,8,17,9,9,true,Knee,true,1,8,0.417,5.100,201701,0,2.024,10.125,1.749,1.820,2.251,2.275,1.437,1.246,1.533,1.246,true,1.985
966,00-0030348,Khiry Robinson,RB,NO,2014,8,13,5,0,false,Forearm,false,2,8,0.240,6.850,201414,3,0.531,5.967,0.125,0.500,0.458,1.042,1.500,0.875,0.875,0.625,true,0.871
967,00-0030348,Khiry Robinson,RB,NO,2015,1,14,10,9,true,Lower Leg,false,3,8,0.215,6.571,201616,,1.395,0.200,1.395,,,,,,,,true,0.030
968,00-0030348,Khiry Robinson,RB,NYJ,2016,17,17,1,1,true,Lower Leg,true,1,8,0.220,8.812,,,,,,,,,,,,,false,
969,00-0030388,Joseph Randle,RB,DAL,2015,8,8,1,0,false,Back,false,1,8,0.319,11.325,,,,,,,,,,,,,false,
971,00-0030391,Mike James,RB,TB,2016,1,1,1,1,true,Unlabeled (IR),false,1,8,0.201,4.426,201609,0,1.060,2.700,1.242,1.540,0.398,,,,,,true,0.610
972,00-0030391,Mike James,RB,DET,2017,1,17,16,16,true,Unlabeled (IR),true,1,8,0.146,1.783,,,,,,,,,,,,,false,
974,00-0030400,Marlon Brown,WR,BAL,2015,16,6,10,9,false,Back,false,3,8,0.616,2.587,,,,,,,,,,,,,false,
976,00-0030404,Chris Thompson,RB,WAS,2015,14,14,1,0,false,Shoulder,false,1,8,0.394,9.125,201516,2,0.946,7.700,0.305,0.711,1.702,1.067,1.219,0.813,0.813,1.244,true,0.844
977,00-0030404,Chris Thompson,RB,WAS,2017,12,17,6,6,true,Fibula,true,1,8,0.556,16.188,201801,,0.975,15.500,0.755,1.222,0.737,1.187,0.683,1.151,0.719,0.773,true,0.958
978,00-0030404,Chris Thompson,RB,WAS,2018,9,12,4,0,false,Rib,false,1,8,0.544,13.312,201813,4,0.846,4.500,1.177,0.736,0.791,0.680,1.232,1.177,0.846,0.956,true,0.338
979,00-0030404,Chris Thompson,RB,WAS,2019,7,11,4,0,false,Toe,false,1,8,0.521,9.000,201913,3,0.772,7.250,0.691,0.729,0.652,1.017,0.921,0.460,0.787,0.863,true,0.806
980,00-0030404,Chris Thompson,RB,JAX,2020,11,17,7,7,true,Unlabeled (IR),true,1,8,0.351,6.386,,,,,,,,,,,,,false,
982,00-0030414,Spencer Ware,RB,KC,2016,9,9,1,0,false,Concussion,false,1,8,0.543,14.975,201610,0,1.221,13.125,1.180,1.419,0.885,1.401,1.346,1.143,0.903,0.295,true,0.876
983,00-0030414,Spencer Ware,RB,KC,2017,1,17,16,16,true,Unlabeled (IR),true,1,8,0.630,12.500,201801,,0.321,2.725,0.254,0.159,0.381,0.492,0.175,0.476,0.492,0.254,true,0.218
984,00-0030414,Spencer Ware,RB,IND,2019,1,2,2,2,true,Unlabeled (IR),false,1,8,0.285,7.171,201914,0,1.333,4.100,1.368,1.404,1.228,,,,,,true,0.572
985,00-0030414,Spencer Ware,RB,KC,2019,17,17,1,1,true,Unlabeled (IR),true,1,8,0.354,8.171,,,,,,,,,,,,,false,
986,00-0030422,Dion Sims,TE,MIA,2014,9,10,2,0,false,Toe,false,1,8,0.413,2.917,201411,1,1.673,5.950,0.727,2.061,2.255,1.648,0.776,1.358,1.309,0.121,true,2.040
987,00-0030422,Dion Sims,TE,MIA,2015,2,4,2,0,false,Concussion,false,2,8,0.575,5.863,201506,0,1.039,4.375,0.991,1.165,0.609,1.391,1.061,0.696,0.939,1.339,true,0.746
988,00-0030422,Dion Sims,TE,MIA,2016,7,9,2,0,false,Concussion,false,1,8,0.669,3.700,201610,0,1.469,6.800,1.436,1.495,1.495,1.450,1.495,1.406,1.495,1.465,true,1.838
989,00-0030422,Dion Sims,TE,CHI,2018,10,17,8,7,false,Concussion,true,1,8,0.439,0.725,,,,,,,,,,,,,false,
990,00-0030431,Robert Woods,WR,BUF,2013,11,11,1,0,false,Ankle,false,1,8,0.954,8.513,201313,1,0.847,10.025,0.839,1.038,0.912,0.598,1.038,0.954,0.839,0.975,true,1.178
991,00-0030431,Robert Woods,WR,BUF,2015,1,15,14,14,true,Hip,false,1,8,0.786,11.950,201601,0,1.126,8.750,1.068,1.107,1.208,1.119,1.107,0.865,0.763,0.992,true,0.732
992,00-0030431,Robert Woods,WR,BUF,2016,12,13,2,0,false,Knee,false,1,8,0.809,11.350,201614,2,0.841,5.250,0.643,0.556,1.063,1.100,0.816,1.113,1.138,1.063,true,0.463
993,00-0030431,Robert Woods,WR,LA,2017,12,13,2,0,false,Shoulder,false,1,8,0.846,14.513,201715,0,1.064,11.050,0.886,1.075,1.146,1.146,1.134,1.182,1.182,1.146,true,0.761
994,00-0030431,Robert Woods,WR,LA,2021,10,18,8,7,false,Knee,true,1,8,0.912,14.975,202201,,0.781,8.925,0.778,0.723,0.789,0.833,0.921,0.822,0.723,0.690,true,0.596
995,00-0030431,Robert Woods,WR,HOU,2023,8,9,2,0,false,Foot,false,1,8,0.789,9.125,202310,4,0.761,4.475,0.761,0.951,0.735,0.596,0.900,1.027,1.027,0.811,true,0.490
996,00-0030431,Robert Woods,WR,HOU,2024,6,7,2,0,false,Foot,false,1,8,0.522,3.786,202408,6,0.713,3.650,0.651,0.938,0.670,0.593,0.440,0.632,0.919,1.110,true,0.964
998,00-0030432,Christine Michael,RB,IND,2017,1,17,16,16,true,Unlabeled (IR),true,1,8,0.236,4.850,201801,,0.169,0.900,0.169,,,,,,,,true,0.186
999,00-0030433,Mike Gillislee,RB,BUF,2016,12,12,1,0,false,Hamstring,false,1,8,0.270,8.350,201613,4,0.843,9.775,1.074,0.481,1.037,0.778,1.889,1.111,1.444,1.222,true,1.171
1000,00-0030433,Mike Gillislee,RB,NE,2017,17,17,1,0,false,Knee,true,1,8,0.265,7.188,201801,,0.349,1.050,0.415,0.528,0.189,0.264,,,,,true,0.146
1001,00-0030443,Levine Toilolo,TE,ATL,2017,17,17,1,0,false,Knee,true,1,8,0.491,3.586,201801,,0.733,2.450,0.590,0.590,1.038,0.712,1.059,0.672,0.489,0.468,true,0.683
1002,00-0030443,Levine Toilolo,TE,NYG,2021,1,18,17,17,true,Unlabeled (IR),true,1,8,0.321,1.060,,,,,,,,,,,,,false,
1003,00-0030450,Quinton Patton,WR,SF,2013,5,12,7,0,false,Foot,false,1,3,0.137,0.000,201316,0,1.354,4.000,2.341,1.463,1.463,0.146,4.756,3.000,1.390,2.854,true,
1004,00-0030450,Quinton Patton,WR,SF,2016,16,17,2,2,true,Unlabeled (IR),true,1,8,0.783,7.329,,,,,,,,,,,,,false,
1005,00-0030456,Giovani Bernard,RB,CIN,2014,9,11,2,0,false,Hip,false,2,8,0.689,15.350,201412,7,0.737,8.725,0.871,0.711,0.813,0.552,0.552,0.610,0.639,0.987,true,0.568
1006,00-0030456,Giovani Bernard,RB,CIN,2016,12,17,6,6,true,Unlabeled (IR),true,1,8,0.584,13.275,201701,,0.660,10.575,0.822,0.891,0.360,0.565,0.565,0.771,0.428,0.480,true,0.797
1007,00-0030456,Giovani Bernard,RB,CIN,2018,5,8,4,0,false,Knee,false,1,8,0.694,14.550,201810,,0.530,6.475,0.404,0.677,0.447,0.591,0.533,0.548,0.432,0.562,true,0.445
1008,00-0030456,Giovani Bernard,RB,TB,2021,4,4,1,0,false,Knee,false,1,8,0.460,8.175,202105,,0.408,6.775,0.500,0.348,0.326,0.457,0.630,0.217,0.022,0.217,true,0.829
1009,00-0030456,Giovani Bernard,RB,TB,2021,15,10,12,12,true,Unlabeled (IR),false,2,8,0.156,4.600,202218,,2.880,4.700,2.880,,,,,,,,true,1.022
1010,00-0030460,Markus Wheaton,WR,PIT,2013,6,9,4,0,false,Finger,false,1,3,0.113,0.000,201310,6,1.743,1.700,0.529,5.471,0.529,0.441,0.529,0.529,4.235,1.147,true,
1011,00-0030460,Markus Wheaton,WR,PIT,2016,1,1,1,0,false,Shoulder,false,1,8,0.626,11.375,201603,2,0.818,4.275,0.719,0.575,1.022,0.958,0.894,1.198,0.048,0.224,true,0.376
1012,00-0030460,Markus Wheaton,WR,PIT,2016,6,17,10,7,false,Shoulder,true,2,8,0.600,14.100,201703,0,0.808,0.633,1.000,0.933,1.250,0.050,0.233,0.150,0.050,0.150,true,0.045
1013,00-0030460,Markus Wheaton,WR,CHI,2017,6,7,2,0,false,Groin,false,1,8,0.584,7.137,201710,,0.124,0.000,0.051,0.240,0.154,0.051,0.154,0.719,0.086,0.240,true,0.000
1015,00-0030465,Kenjon Barner,RB,PHI,2016,16,17,2,2,true,Hamstring,true,1,8,0.105,2.057,201705,0,1.714,2.100,2.381,3.333,0.571,0.571,0.286,0.286,0.476,0.286,true,1.021
1016,00-0030465,Kenjon Barner,RB,CAR,2018,17,17,1,1,true,Knee,true,1,8,0.100,1.425,201903,3,0.800,0.675,0.500,0.700,0.700,1.300,2.200,1.500,0.700,0.400,true,0.474
1017,00-0030465,Kenjon Barner,RB,ATL,2019,4,5,2,0,false,Concussion,false,1,8,0.098,1.325,201907,2,1.256,2.230,0.718,0.718,1.333,2.256,1.538,0.718,0.410,0.308,true,1.683
1018,00-0030465,Kenjon Barner,RB,TB,2020,17,17,1,1,true,Unlabeled (IR),true,1,8,0.079,1.802,202118,,1.905,0.000,1.905,,,,,,,,true,0.000
1019,00-0030465,Kenjon Barner,RB,TB,2022,1,5,5,5,true,Unlabeled (IR),false,1,8,0.053,0.850,,,,,,,,,,,,,false,
1020,00-0030470,Vance McDonald,TE,SF,2014,1,14,13,13,true,Back,false,1,8,0.540,1.660,201501,7,0.736,1.525,0.926,0.370,0.741,0.907,0.500,0.370,0.463,1.519,true,0.919
1021,00-0030470,Vance McDonald,TE,SF,2015,14,14,1,0,false,Concussion,false,1,8,0.519,6.188,201515,0,1.316,8.800,0.983,1.427,1.639,1.214,1.118,0.328,0.945,1.484,true,1.422
1022,00-0030470,Vance McDonald,TE,SF,2016,15,17,3,3,true,Unlabeled (IR),true,1,8,0.653,7.900,201701,,0.433,0.000,0.460,0.383,0.598,0.291,0.766,0.644,0.690,0.598,true,0.000
1023,00-0030470,Vance McDonald,TE,PIT,2017,8,8,1,0,false,Knee,false,1,8,0.446,2.357,201710,0,1.092,7.375,1.008,0.874,1.076,1.412,1.008,1.076,1.412,1.367,true,3.129
1024,00-0030470,Vance McDonald,TE,PIT,2017,12,13,2,0,false,Ankle,false,1,8,0.407,1.743,201714,0,1.196,6.375,0.957,1.178,1.546,1.104,1.178,1.546,1.497,1.718,true,3.658
1025,00-0030470,Vance McDonald,TE,PIT,2017,15,15,1,0,false,Shoulder,false,1,8,0.350,2.700,201716,0,1.457,9.375,1.371,1.800,1.286,1.371,1.800,1.743,2.000,1.086,true,3.472
1026,00-0030470,Vance McDonald,TE,PIT,2018,1,1,1,0,false,Foot,false,1,8,0.384,4.663,201802,0,1.414,9.400,1.173,1.251,1.642,1.590,1.824,0.990,1.642,1.121,true,2.016
1027,00-0030470,Vance McDonald,TE,PIT,2019,15,15,1,0,false,Concussion,false,1,8,0.810,5.450,201916,0,0.923,2.600,1.198,1.086,0.728,0.679,0.630,0.704,0.765,0.543,true,0.477
1028,00-0030470,Vance McDonald,TE,PIT,2020,10,11,2,2,true,Illness,false,1,8,0.571,2.967,202012,,0.888,0.000,0.683,0.683,0.578,1.611,0.420,1.540,,,true,0.000
1030,00-0030472,Jordan Reed,TE,WAS,2014,2,4,3,0,false,Hamstring,false,1,8,0.589,13.237,201406,0,0.968,10.325,0.985,1.104,0.662,1.121,0.747,1.053,1.427,0.798,true,0.780
1031,00-0030472,Jordan Reed,TE,WAS,2014,12,12,1,0,false,Hamstring,false,1,8,0.538,9.075,201413,0,1.051,8.400,1.153,1.563,0.874,0.614,0.800,1.563,1.544,1.526,true,0.926
1032,00-0030472,Jordan Reed,TE,WAS,2015,5,6,2,0,false,Concussion,false,1,8,0.647,12.088,201507,0,1.035,16.875,0.911,1.143,1.189,0.896,1.390,1.467,1.297,1.359,true,1.396
1033,00-0030472,Jordan Reed,TE,WAS,2016,7,7,1,0,false,Concussion,false,1,8,0.790,20.013,201608,0,0.927,18.850,1.000,1.000,1.089,0.620,0.266,0.380,0.785,1.101,true,0.942
1034,00-0030472,Jordan Reed,TE,WAS,2016,13,13,1,0,false,Shoulder,false,1,8,0.859,15.062,201614,6,0.582,6.300,0.245,0.349,0.722,1.013,0.652,0.326,0.850,0.908,true,0.418
1035,00-0030472,Jordan Reed,TE,WAS,2017,9,17,8,3,false,Hamstring,true,2,8,0.544,9.400,201801,0,1.085,9.475,0.956,0.993,1.214,1.177,1.232,1.251,1.434,1.011,true,1.008
1036,00-0030472,Jordan Reed,TE,WAS,2018,15,17,18,12,false,Ankle,true,2,8,0.681,10.237,202001,,0.396,8.200,0.235,0.675,0.338,0.338,0.646,0.631,0.749,0.602,true,0.801
1037,00-0030472,Jordan Reed,TE,SF,2020,4,8,5,5,true,Knee,false,1,8,0.506,10.425,202009,,0.795,7.125,0.454,0.869,0.849,1.007,0.810,0.988,0.356,,true,0.683
1039,00-0030485,Eddie Lacy,RB,GB,2016,7,17,11,11,true,Ankle,true,1,8,0.493,10.088,201701,,0.533,3.650,0.284,0.690,0.569,0.589,0.345,0.264,0.162,1.015,true,0.362
1040,00-0030485,Eddie Lacy,RB,SEA,2017,10,10,1,0,false,Groin,false,1,8,0.335,5.450,201711,,0.627,3.200,0.239,1.493,0.149,,,,,,true,0.587
1042,00-0030496,Le'Veon Bell,RB,PIT,2015,3,8,6,6,true,Unlabeled (IR),false,1,8,0.903,26.588,201604,0,1.050,22.725,0.975,1.064,1.064,1.097,1.042,1.108,1.108,0.964,true,0.855
1043,00-0030496,Le'Veon Bell,RB,NYJ,2019,14,14,1,0,false,Illness,false,1,8,0.782,14.137,201915,0,0.971,10.850,1.099,1.176,0.882,0.728,0.856,0.422,0.332,0.396,true,0.767
1044,00-0030496,Le'Veon Bell,RB,NYJ,2020,2,4,3,3,true,Unlabeled (IR),false,1,8,0.762,14.675,202005,,0.515,4.925,0.879,0.433,0.341,0.407,0.341,0.393,0.682,0.236,true,0.336
1046,00-0030513,Latavius Murray,RB,OAK,2014,13,13,1,0,false,Concussion,false,1,6,0.207,2.483,201414,0,3.411,11.900,3.919,3.048,3.823,2.855,2.758,3.677,3.581,3.242,true,4.792
1047,00-0030513,Latavius Murray,RB,OAK,2016,5,6,2,0,false,Toe,false,1,8,0.653,13.850,201607,4,0.766,19.575,0.889,0.582,0.751,0.843,1.011,1.073,1.057,0.766,true,1.413
1048,00-0030513,Latavius Murray,RB,NO,2020,17,17,1,1,true,Quadricep,true,1,8,0.379,8.800,202101,1,1.069,8.275,0.818,0.950,0.871,1.637,1.294,1.003,0.977,1.162,true,0.940
1049,00-0030513,Latavius Murray,RB,BAL,2021,7,7,1,0,false,Ankle,false,1,8,0.389,7.912,202111,0,0.817,4.575,0.952,1.132,0.489,0.695,1.055,0.746,0.695,1.415,true,0.578
1050,00-0030514,Mychal Rivera,TE,JAX,2017,1,17,16,16,true,Unlabeled (IR),true,1,8,0.334,5.717,,,,,,,,,,,,,false,
1051,00-0030516,Brice Butler,WR,DAL,2015,5,5,1,0,false,Hamstring,false,1,8,0.319,2.617,201507,2,2.165,7.525,2.416,0.816,2.698,2.729,0.973,1.192,1.255,2.573,true,2.876
1052,00-0030516,Brice Butler,WR,DAL,2015,10,11,2,0,false,Hamstring,false,1,8,0.325,3.217,201515,1,1.769,6.650,0.800,2.646,2.677,0.954,1.169,1.231,2.523,2.492,true,2.067
1053,00-0030520,Mike Glennon,QB,NYG,2021,18,18,1,0,false,left Wrist,true,1,8,0.785,8.390,,,,,,,,,,,,,false,
1054,00-0030521,Justin Hunter,WR,TEN,2014,1,10,21,21,true,Knee,false,2,8,0.490,7.075,201601,2,0.883,7.300,0.041,0.408,1.184,1.898,1.694,0.612,0.653,0.490,true,1.032
1055,00-0030521,Justin Hunter,WR,PIT,2018,14,17,4,4,true,Unlabeled (IR),true,1,8,0.225,2.520,,,,,,,,,,,,,false,
1056,00-0030522,Montee Ball,RB,DEN,2014,1,15,14,13,true,Groin,false,1,8,0.316,10.175,,,,,,,,,,,,,false,
1058,00-0030525,Tavon Austin,WR,DAL,2018,7,14,7,0,false,Groin,false,1,8,0.264,6.543,201817,3,0.872,2.325,0.493,1.403,0.720,0.872,3.526,0.720,0.607,0.758,true,0.355
1059,00-0030525,Tavon Austin,WR,DAL,2019,2,3,2,0,false,Concussion,false,1,8,0.274,5.787,201904,,1.406,6.225,0.694,0.840,3.397,0.694,0.584,0.731,1.461,0.767,true,1.076
1060,00-0030525,Tavon Austin,WR,SF,2020,1,7,7,7,true,Unlabeled (IR),false,1,8,0.267,2.450,202014,4,0.458,1.750,0.224,0.224,0.972,0.411,2.729,1.271,0.972,1.383,true,0.714
1061,00-0030525,Tavon Austin,WR,JAX,2021,1,3,3,3,true,Unlabeled (IR),false,1,8,0.216,3.163,202104,0,1.965,3.425,3.376,1.572,1.202,1.711,0.509,0.971,1.202,0.832,true,1.083
1062,00-0030526,EJ Manuel,QB,BUF,2013,6,9,4,0,false,Knee,false,1,4,1.000,13.985,201310,0,0.995,12.390,1.000,1.000,0.980,1.000,1.000,1.000,1.000,1.000,true,0.886
1063,00-0030526,EJ Manuel,QB,BUF,2013,16,16,1,0,false,Knee,false,1,8,0.948,11.970,201401,0,1.055,14.680,1.055,1.055,1.055,1.055,0.053,0.053,0.021,1.055,true,1.226
1064,00-0030533,Matt Barkley,QB,CIN,2018,1,1,1,1,true,Unlabeled (IR),false,1,8,0.727,8.245,201810,,0.777,5.980,1.375,0.371,1.223,0.137,0.027,0.014,0.289,0.619,true,0.725
1065,00-0030533,Matt Barkley,QB,CAR,2021,15,1,3,3,true,Illness,false,2,8,0.416,4.323,202317,,0.240,-0.300,0.240,,,,,,,,true,-0.069
1066,00-0030536,Zac Stacy,RB,NYJ,2015,1,10,9,9,true,Unlabeled (IR),false,1,8,0.163,5.040,,,,,,,,,,,,,false,
1067,00-0030540,Aaron Dobson,WR,NE,2013,13,14,2,0,false,Foot,false,1,8,0.695,11.700,201316,,0.583,2.400,1.122,0.331,0.691,0.187,0.201,0.101,0.705,1.165,true,0.205
1068,00-0030540,Aaron Dobson,WR,NE,2014,1,3,24,24,true,Unlabeled (IR),false,4,8,0.706,11.786,,,,,,,,,,,,,false,
1069,00-0030542,Terrance Williams,WR,DAL,2018,5,17,9,9,true,Not Injury Related,true,2,8,0.526,5.000,,,,,,,,,,,,,false,
1070,00-0030544,Gavin Escobar,TE,DAL,2015,1,16,15,14,true,Achilles,false,1,8,0.269,2.000,201601,7,0.242,0.000,0.149,0.372,0.037,0.409,0.409,0.037,0.112,1.042,true,0.000
1071,00-0030547,Denard Robinson,RB,JAX,2014,1,15,14,14,true,Foot,false,1,8,0.065,0.563,201501,2,2.692,3.600,3.692,0.154,5.077,1.846,2.154,2.769,3.077,2.308,true,6.400
1072,00-0030547,Denard Robinson,RB,JAX,2015,4,5,2,0,false,Knee,false,1,8,0.539,12.000,201506,6,0.357,2.450,0.613,0.223,0.260,0.334,0.371,0.278,0.965,1.856,true,0.204
1073,00-0030547,Denard Robinson,RB,JAX,2016,14,16,3,0,false,Ankle,false,1,8,0.453,6.725,201617,,0.243,1.700,0.243,,,,,,,,true,0.253
1074,00-0030549,Tyler Eifert,TE,CIN,2015,15,16,2,0,false,Concussion,false,1,8,0.929,15.488,201517,2,0.676,13.700,0.657,0.269,0.904,0.872,0.915,0.948,0.786,0.894,true,0.885
1075,00-0030549,Tyler Eifert,TE,CIN,2016,1,6,4,0,false,Ankle,false,2,8,0.840,15.025,201607,1,0.818,11.600,0.298,1.000,0.964,1.012,1.048,0.869,0.988,1.190,true,0.772
1076,00-0030549,Tyler Eifert,TE,CIN,2016,16,17,2,1,false,Back,true,1,8,0.725,13.950,201701,0,0.938,5.075,1.228,1.076,0.566,0.883,0.897,0.359,0.676,0.359,true,0.364
1077,00-0030549,Tyler Eifert,TE,CIN,2017,3,17,14,11,false,Back,true,1,8,0.854,12.238,201801,,0.574,9.725,0.480,0.750,0.761,0.305,0.574,0.305,0.551,0.492,true,0.795
1078,00-0030549,Tyler Eifert,TE,CIN,2018,5,17,12,12,true,Ankle,true,1,8,0.741,8.488,201901,,0.553,6.275,0.661,0.351,0.634,0.567,0.364,0.661,0.634,0.958,true,0.739
1079,00-0030549,Tyler Eifert,TE,JAX,2020,7,7,1,0,false,Neck,false,1,8,0.578,7.100,202009,0,0.948,7.025,0.952,1.091,0.710,1.039,1.247,1.091,1.108,0.883,true,0.989
1080,00-0030550,Ace Sanders,WR,JAX,2013,7,7,1,0,false,Concussion,false,1,5,0.746,6.040,201308,,0.476,6.575,0.067,0.228,0.925,0.684,0.871,0.710,0.845,0.737,true,1.089
1081,00-0030564,DeAndre Hopkins,WR,HOU,2017,17,17,1,0,false,Calf,true,1,8,0.981,22.762,201801,0,1.017,21.400,1.009,1.019,1.019,1.019,1.019,1.019,1.019,0.989,true,0.940
1082,00-0030564,DeAndre Hopkins,WR,ARI,2021,11,11,1,0,false,Hamstring,false,1,8,0.909,15.562,202113,1,0.971,18.950,0.814,0.957,1.012,1.100,1.034,1.034,0.759,0.814,true,1.218
1083,00-0030564,DeAndre Hopkins,WR,ARI,2021,15,6,10,10,true,Knee,false,2,8,0.809,13.813,202207,0,1.175,21.900,1.138,1.236,1.162,1.162,0.853,0.915,1.051,1.138,true,1.586
1084,00-0030564,DeAndre Hopkins,WR,ARI,2022,18,18,1,0,false,Knee,true,1,8,0.875,18.788,202301,4,0.754,9.900,0.891,0.686,0.834,0.606,0.949,0.994,0.720,0.789,true,0.527
1085,00-0030565,Geno Smith,QB,NYJ,2015,1,2,2,0,false,Jaw,false,1,8,0.812,8.953,201508,,0.452,6.960,1.095,0.209,0.431,0.074,1.231,0.025,0.148,0.234,true,0.777
1086,00-0030565,Geno Smith,QB,NYJ,2016,8,17,9,9,true,Unlabeled (IR),true,1,8,0.805,11.443,201709,,0.373,2.425,0.075,1.242,0.025,0.149,0.236,0.025,0.211,0.311,true,0.212
1087,00-0030565,Geno Smith,QB,LV,2025,15,15,1,0,false,Shoulder,false,1,8,0.979,10.895,202516,0,0.988,10.160,1.022,0.920,1.022,,,,,,true,0.933
1088,00-0030565,Geno Smith,QB,LV,2025,18,18,1,0,false,Ankle,true,1,8,0.946,11.957,202601,,1.057,9.300,1.057,,,,,,,,true,0.778
1089,00-0030578,Cordarrelle Patterson,RB,ATL,2022,5,8,4,4,true,Knee,false,1,8,0.546,10.613,202209,2,0.842,10.825,0.714,0.696,0.897,1.062,0.842,0.915,0.677,0.915,true,1.020
1090,00-0030578,Cordarrelle Patterson,RB,PIT,2024,5,7,3,0,false,Ankle,false,1,8,0.180,3.486,202410,,0.708,2.625,0.556,0.833,0.667,0.778,0.778,0.778,0.278,0.056,true,0.753
1091,00-0030586,Ryan Nassib,QB,NYG,2016,16,17,2,2,true,right Elbow,true,1,4,0.068,1.050,,,,,,,,,,,,,false,
1092,00-0030656,Isaiah Crowell,RB,NYJ,2018,15,17,19,19,true,Toe,true,2,8,0.432,11.312,,,,,,,,,,,,,false,
1094,00-0030663,Willie Snead,WR,BAL,2020,12,13,2,2,true,Unlabeled (IR),false,1,8,0.654,7.775,202014,0,0.631,2.575,1.224,0.994,0.275,0.031,0.092,0.092,0.138,0.138,true,0.331
1095,00-0030668,Charcandrick West,RB,KC,2016,4,4,1,0,false,Ankle,false,1,8,0.642,7.950,201606,2,0.677,5.525,0.187,0.420,0.887,1.214,0.482,0.296,0.591,0.374,true,0.695
1096,00-0030668,Charcandrick West,RB,KC,2017,7,7,1,0,false,Concussion,false,1,8,0.337,10.071,201708,,0.844,4.950,0.563,1.185,0.800,0.830,0.800,0.770,0.859,0.059,true,0.491
1097,00-0030668,Charcandrick West,RB,KC,2017,13,13,1,0,false,Not Injury Related,false,1,8,0.240,6.443,201714,0,0.875,4.967,1.125,1.083,1.208,0.083,1.292,0.792,,,true,0.771
1098,00-0030669,Albert Wilson,WR,KC,2017,9,11,2,0,false,Hamstring,false,1,8,0.453,7.275,201712,0,1.945,8.250,1.746,2.011,1.945,2.077,1.901,0.928,1.215,1.061,true,1.134
1099,00-0030669,Albert Wilson,WR,MIA,2018,8,17,9,9,true,Hip,true,1,8,0.606,15.185,201901,,0.433,5.150,0.198,0.643,0.363,0.528,0.594,0.891,0.841,0.792,true,0.339
1100,00-0030669,Albert Wilson,WR,MIA,2019,2,3,2,0,false,Hip,false,1,8,0.530,15.185,201906,4,0.608,4.625,0.736,0.415,0.604,0.679,1.019,0.962,0.906,0.981,true,0.305
1101,00-0030669,Albert Wilson,WR,MIA,2020,8,17,10,10,true,Unlabeled (IR),true,1,8,0.523,7.138,202101,1,0.794,2.700,0.785,1.053,0.919,0.421,0.632,0.077,0.057,0.440,true,0.378
1102,00-0030669,Albert Wilson,WR,MIA,2021,16,16,1,1,true,Not injury related - personal matter,false,1,8,0.345,6.317,202118,,1.014,,1.014,,,,,,,,true,
1103,00-0030670,Bennie Fowler,WR,DEN,2016,1,2,2,0,false,Elbow,false,1,8,0.282,1.886,201603,1,0.982,4.200,0.566,0.991,0.920,1.451,0.814,0.637,0.637,0.425,true,2.227
1104,00-0030670,Bennie Fowler,WR,DEN,2016,13,13,1,0,false,Knee,false,1,8,0.227,2.487,201614,2,1.549,1.000,2.286,0.352,1.319,2.242,2.418,1.319,3.033,2.330,true,0.402
1105,00-0030670,Bennie Fowler,WR,NO,2020,7,17,11,11,true,Shoulder,true,1,8,0.318,4.480,,,,,,,,,,,,,false,
1106,00-0030671,Isaiah Burse,WR,LAC,2017,1,17,16,16,true,Unlabeled (IR),true,1,6,0.063,0.000,,,,,,,,,,,,,false,
1107,00-0030691,Jeremy Butler,WR,SD,2016,10,10,1,0,false,Ankle,false,1,8,0.681,8.412,201612,,0.069,1.600,0.059,0.059,0.088,,,,,,true,0.190
1108,00-0030691,Jeremy Butler,WR,BUF,2017,1,17,16,16,true,Unlabeled (IR),true,1,8,0.524,7.586,,,,,,,,,,,,,false,
1110,00-0030710,Trey Burton,TE,CHI,2019,11,3,10,10,true,Calf,false,2,8,0.615,3.837,202004,,0.821,10.975,0.813,0.732,0.911,0.829,0.699,0.862,0.472,0.585,true,2.860
1111,00-0030711,David Fluellen,RB,TEN,2018,3,4,2,0,false,Groin,false,1,6,0.045,0.525,201807,0,1.185,0.533,0.889,1.111,1.556,,,,,,true,1.016
1112,00-0030711,David Fluellen,RB,TEN,2018,11,17,7,2,false,Knee,true,1,8,0.041,0.383,201901,,1.697,0.000,1.697,,,,,,,,true,0.000
1113,00-0030711,David Fluellen,RB,TEN,2019,3,17,13,12,false,Hamstring,true,2,8,0.039,0.317,,,,,,,,,,,,,false,
1115,00-0030741,Roosevelt Nix,RB,PIT,2019,2,6,5,0,false,Knee,false,1,8,0.083,0.683,201908,0,3.030,1.200,3.152,2.909,,,,,,,true,1.756
1116,00-0030741,Roosevelt Nix,RB,PIT,2019,10,17,8,7,false,Knee,true,1,8,0.094,0.667,,,,,,,,,,,,,false,
1118,00-0030758,Justin Perillo,TE,GB,2015,17,17,1,0,false,Hamstring,true,1,8,0.174,5.140,201602,1,1.065,1.850,0.230,1.784,0.921,1.324,0.921,0.288,1.842,1.036,true,0.360
1119,00-0030780,Ryan Hewitt,TE,CIN,2015,17,17,1,0,false,Knee,true,1,8,0.430,2.550,201601,,0.547,,0.279,0.279,0.721,0.907,0.209,0.302,0.465,0.372,true,
1120,00-0030780,Ryan Hewitt,TE,CIN,2017,5,8,3,0,false,Knee,false,1,8,0.192,0.600,201709,2,0.948,,0.779,0.519,1.299,1.195,1.039,0.364,0.883,0.623,true,
1121,00-0030780,Ryan Hewitt,TE,IND,2018,10,12,3,0,false,Ankle,false,1,8,0.203,0.000,201813,,0.914,0.000,0.840,1.926,0.593,0.296,0.494,,,,true,
1125,00-0030821,Allen Hurns,WR,JAX,2015,13,13,1,0,false,Concussion,false,1,8,0.889,16.975,201514,1,0.928,15.325,0.731,0.979,1.001,1.001,0.990,0.990,0.990,1.001,true,0.903
1126,00-0030821,Allen Hurns,WR,JAX,2016,13,16,4,0,false,Hamstring,false,1,8,0.830,8.700,201701,0,0.919,11.650,0.964,1.060,0.723,0.928,0.867,0.976,0.892,1.072,true,1.339
1127,00-0030821,Allen Hurns,WR,JAX,2017,11,15,5,0,false,Ankle,false,1,8,0.776,9.825,201717,3,0.818,3.975,1.005,0.760,0.657,0.850,0.876,0.786,1.005,1.056,true,0.405
1128,00-0030821,Allen Hurns,WR,MIA,2019,4,4,1,0,false,Concussion,false,1,8,0.328,2.414,201906,0,1.122,5.925,1.069,1.099,1.008,1.313,2.718,2.626,2.748,2.443,true,2.454
1129,00-0030821,Allen Hurns,WR,MIA,2020,8,18,27,27,true,Unlabeled (IR),true,2,8,0.682,7.312,,,,,,,,,,,,,false,
1130,00-0030832,Asante Cleveland,TE,SD,2016,12,17,17,16,false,Concussion,true,2,7,0.157,0.550,,,,,,,,,,,,,false,
1131,00-0030854,Erik Swoope,TE,IND,2017,1,17,16,16,true,Unlabeled (IR),true,1,8,0.229,4.886,201801,,0.754,6.150,0.262,0.612,0.743,1.399,0.393,0.787,0.568,,true,1.259
1132,00-0030854,Erik Swoope,TE,IND,2018,8,12,4,0,false,Knee,false,1,8,0.175,6.757,201813,,0.886,0.700,1.029,0.743,,,,,,,true,0.104
1134,00-0030860,Orleans Darkwa,RB,NYG,2016,13,17,5,5,true,lower leg,true,1,8,0.182,4.650,201701,1,1.178,5.950,0.767,1.096,1.260,1.589,2.740,1.973,2.575,2.137,true,1.280
1135,00-0030874,Damien Williams,RB,MIA,2017,13,14,2,0,false,Shoulder,false,1,8,0.311,6.163,201801,,0.329,1.600,0.386,0.514,0.289,0.129,0.096,0.193,0.096,0.064,true,0.260
1136,00-0030874,Damien Williams,RB,KC,2019,3,4,2,0,false,Knee,false,1,8,0.421,14.025,201905,0,0.973,6.850,1.329,0.902,0.665,0.997,1.733,1.733,0.427,1.211,true,0.488
1137,00-0030874,Damien Williams,RB,KC,2019,13,14,2,0,false,Rib,false,1,8,0.535,11.150,201916,0,0.855,15.000,0.953,1.234,0.804,0.430,0.299,0.617,0.897,0.318,true,1.345
1138,00-0030874,Damien Williams,RB,KC,2020,8,17,9,9,true,Unlabeled (IR),true,1,8,0.474,10.325,202101,,0.607,6.350,0.908,0.485,0.338,0.697,1.013,0.359,0.127,0.232,true,0.615
1139,00-0030874,Damien Williams,RB,CHI,2021,6,6,1,1,true,Quadricep,false,1,8,0.404,11.400,202107,,0.254,1.050,0.421,0.149,0.272,0.173,0.297,0.446,0.495,0.322,true,0.092
1140,00-0030874,Damien Williams,RB,CHI,2021,9,13,3,0,false,Knee,false,2,8,0.371,11.650,202114,,0.323,1.275,0.296,0.189,0.323,0.485,0.539,0.350,0.458,0.485,true,0.109
1141,00-0030874,Damien Williams,RB,ATL,2022,2,13,12,12,true,Rib,false,1,8,0.174,4.412,202306,0,0.748,2.500,0.978,1.036,0.230,,,,,,true,0.567
1142,00-0030920,Javontee Herndon,WR,SD,2016,1,17,16,16,true,Unlabeled (IR),true,1,6,0.593,6.450,,,,,,,,,,,,,false,
1143,00-0030968,Keith Smith,RB,ATL,2023,9,9,1,0,false,Concussion,false,1,8,0.241,0.783,202310,,0.881,0.400,1.244,0.746,0.912,0.622,0.788,,,,true,0.511
1144,00-0030968,Keith Smith,RB,ATL,2023,16,18,3,3,true,Ankle,true,1,8,0.214,0.900,,,,,,,,,,,,,false,
1146,00-0030992,Crockett Gillmore,TE,BAL,2015,4,5,2,0,false,Calf,false,1,8,0.516,5.843,201506,0,1.564,9.825,1.608,1.569,1.763,1.317,1.627,1.569,0.542,0.852,true,1.682
1147,00-0030992,Crockett Gillmore,TE,BAL,2015,15,15,1,0,false,Back,false,1,8,0.778,11.525,201601,,0.595,2.767,0.566,0.630,0.579,0.605,0.875,0.605,0.424,,true,0.240
1148,00-0030992,Crockett Gillmore,TE,BAL,2016,9,17,21,16,false,Thigh,true,3,8,0.511,3.971,,,,,,,,,,,,,false,
1149,00-0031021,Jared Abbrederis,WR,GB,2015,11,12,2,0,false,Rib,false,1,4,0.040,0.000,201513,0,5.938,2.600,6.000,4.000,9.000,4.750,5.500,2.000,1.500,2.250,true,
1150,00-0031021,Jared Abbrederis,WR,GB,2016,7,7,1,0,false,Quadricep,false,1,8,0.189,3.650,201703,1,1.457,1.850,0.477,1.060,1.219,3.073,0.954,1.377,0.530,,true,0.507
1151,00-0031023,Quincy Enunwa,WR,NYJ,2017,1,17,16,16,true,Unlabeled (IR),true,1,8,0.879,8.863,201801,1,0.927,13.700,0.762,0.910,0.956,1.081,0.876,0.239,0.831,1.092,true,1.546
1152,00-0031023,Quincy Enunwa,WR,NYJ,2018,7,8,2,0,false,Ankle,false,1,8,0.825,10.562,201809,0,1.061,6.750,0.885,1.164,1.139,1.055,0.982,1.115,,,true,0.639
1153,00-0031023,Quincy Enunwa,WR,NYJ,2018,15,17,3,1,false,Ankle,true,1,8,0.784,5.900,201901,,1.174,0.600,1.174,,,,,,,,true,0.102
1154,00-0031023,Quincy Enunwa,WR,NYJ,2019,2,17,15,15,true,Unlabeled (IR),true,1,8,0.780,5.338,,,,,,,,,,,,,false,
1156,00-0031025,Michael Campanaro,WR,BAL,2016,1,1,1,1,true,Unlabeled (IR),false,1,7,0.220,4.129,201615,5,0.511,1.850,0.455,0.364,0.318,0.909,0.545,1.182,1.318,0.955,true,0.448
1157,00-0031025,Michael Campanaro,WR,BAL,2017,9,9,1,0,false,Shoulder,false,1,8,0.210,3.213,201711,2,1.083,1.125,0.476,0.571,1.333,1.952,1.429,2.619,,,true,0.350
1158,00-0031025,Michael Campanaro,WR,TEN,2018,1,7,7,7,true,Unlabeled (IR),false,1,8,0.295,4.587,,,,,,,,,,,,,false,
1159,00-0031035,Xavier Grimble,TE,PIT,2016,12,12,1,0,false,Quadricep,false,1,8,0.314,4.050,201615,6,0.406,9.000,0.351,0.510,0.064,0.701,0.382,0.096,1.307,1.307,true,2.222
1160,00-0031035,Xavier Grimble,TE,PIT,2019,4,4,1,1,true,Unlabeled (IR),false,1,8,0.160,0.975,,,,,,,,,,,,,false,
1161,00-0031042,Jace Amaro,TE,NYJ,2014,13,14,2,0,false,Concussion,false,1,8,0.467,8.850,201415,,0.668,4.575,0.727,0.578,0.492,0.877,0.021,0.193,,,true,0.517
1162,00-0031044,Troy Niklas,TE,ARI,2014,6,8,3,0,false,Ankle,false,1,3,0.273,2.600,201409,,0.448,2.100,0.220,0.732,0.659,0.183,0.512,1.024,0.256,0.329,true,0.808
1163,00-0031044,Troy Niklas,TE,ARI,2016,4,17,13,13,true,Unlabeled (IR),true,1,8,0.191,0.360,201701,0,1.556,1.533,1.307,2.353,1.203,1.359,1.673,2.824,1.778,2.980,true,4.259
1164,00-0031044,Troy Niklas,TE,ARI,2017,16,16,1,0,false,Ankle,false,1,8,0.372,3.083,201717,,1.128,0.000,1.128,,,,,,,,true,0.000
1165,00-0031045,Carlos Hyde,RB,SF,2014,16,14,15,12,false,Ankle,false,2,8,0.322,5.013,201601,0,2.202,17.475,2.171,1.860,2.202,2.574,2.543,1.612,2.078,2.016,true,3.486
1166,00-0031045,Carlos Hyde,RB,SF,2016,7,7,1,0,false,Shoulder,false,1,8,0.724,15.250,201610,0,0.870,11.675,0.926,0.898,0.870,0.788,0.732,0.857,0.566,1.092,true,0.766
1167,00-0031045,Carlos Hyde,RB,SF,2016,17,17,1,1,true,Unlabeled (IR),true,1,8,0.626,13.625,201701,0,1.210,17.475,1.261,1.309,1.166,1.102,0.735,1.246,1.230,1.086,true,1.283
1168,00-0031045,Carlos Hyde,RB,SEA,2020,9,9,1,0,false,Hamstring,false,1,8,0.380,7.338,202011,0,1.316,8.275,1.842,1.605,0.658,1.158,0.474,0.842,0.895,0.658,true,1.128
1169,00-0031045,Carlos Hyde,RB,JAX,2021,15,18,4,3,false,Concussion,true,1,8,0.418,4.443,,,,,,,,,,,,,false,
1170,00-0031051,John Brown,WR,ARI,2017,2,3,2,0,false,Quadricep,false,1,8,0.480,4.338,201704,0,1.562,8.800,1.292,1.667,1.500,1.792,1.250,1.771,1.479,1.229,true,2.029
1171,00-0031051,John Brown,WR,ARI,2017,12,15,4,0,false,Toe,false,1,8,0.729,7.350,201716,3,0.885,10.875,0.810,0.810,0.823,1.098,1.043,0.796,0.933,0.741,true,1.480
1172,00-0031051,John Brown,WR,BUF,2020,7,7,1,0,false,Knee,false,1,8,0.873,11.402,202008,0,0.802,12.850,0.928,0.894,0.848,0.539,0.080,0.138,0.103,0.046,true,1.127
1173,00-0031051,John Brown,WR,BUF,2020,12,16,5,5,true,Ankle,false,1,8,0.835,9.875,202017,,0.225,5.733,0.563,0.084,0.144,0.108,0.048,0.192,0.060,0.144,true,0.581
1174,00-0031055,Andre Williams,RB,LAC,2017,15,17,3,3,true,Unlabeled (IR),true,1,8,0.137,2.088,,,,,,,,,,,,,false,
1175,00-0031057,Ka'Deem Carey,RB,CHI,2015,12,12,1,0,false,Concussion,false,1,8,0.145,3.317,201513,7,0.672,6.800,0.552,0.621,0.966,0.552,0.276,1.310,0.207,2.138,true,2.050
1177,00-0031060,De'Anthony Thomas,WR,KC,2015,12,15,4,0,false,Concussion,false,1,8,0.295,5.450,201606,,0.610,1.700,0.610,0.712,0.542,0.576,0.407,0.203,0.136,0.475,true,0.312
1178,00-0031060,De'Anthony Thomas,WR,KC,2018,6,17,11,11,true,Tibia,true,1,8,0.114,1.829,201902,2,0.703,0.500,0.440,0.088,0.967,1.319,0.176,0.264,,,true,0.273
1179,00-0031060,De'Anthony Thomas,WR,BAL,2020,8,17,10,10,true,Unlabeled (IR),true,1,8,0.081,0.925,,,,,,,,,,,,,false,
1180,00-0031062,James White,RB,NE,2020,3,3,1,0,false,Not Injury Related,false,1,8,0.468,13.975,202004,0,0.930,8.750,1.134,1.155,0.406,1.027,0.556,0.364,1.219,0.813,true,0.626
1181,00-0031062,James White,RB,NE,2021,4,18,14,14,true,Hip,true,1,8,0.387,10.062,,,,,,,,,,,,,false,
1183,00-0031064,Tom Savage,QB,HOU,2017,15,17,3,2,false,Concussion,true,1,8,0.708,5.907,,,,,,,,,,,,,false,
1184,00-0031066,Lorenzo Taliaferro,RB,BAL,2015,1,1,1,0,false,Knee,false,1,8,0.124,5.314,201502,2,1.677,5.650,3.313,0.727,1.131,1.535,,,,,true,1.063
1185,00-0031066,Lorenzo Taliaferro,RB,BAL,2016,1,6,6,6,true,Unlabeled (IR),false,1,8,0.170,7.157,201607,,1.118,4.000,1.118,,,,,,,,true,0.559
1186,00-0031066,Lorenzo Taliaferro,RB,BAL,2016,12,17,6,3,false,Thigh,true,1,8,0.155,4.657,,,,,,,,,,,,,false,
1187,00-0031068,Ryan Grant,WR,IND,2018,7,8,2,0,false,Ankle,false,1,8,0.776,9.425,201810,,0.593,1.600,0.657,0.502,0.502,0.709,0.940,0.309,0.541,0.116,true,0.170
1188,00-0031075,Alfred Blue,RB,HOU,2016,11,12,2,0,false,Calf,false,1,8,0.191,2.450,201613,3,1.608,8.275,0.732,1.516,0.523,3.660,2.039,0.261,0.784,0.993,true,3.378
1189,00-0031075,Alfred Blue,RB,HOU,2017,1,2,2,0,false,Ankle,false,1,8,0.295,5.637,201704,5,0.593,2.225,0.169,0.508,0.644,1.051,0.373,1.729,1.898,2.339,true,0.395
1190,00-0031075,Alfred Blue,RB,HOU,2017,14,14,1,0,false,Concussion,false,1,8,0.273,5.362,201715,0,1.743,10.850,1.872,2.055,2.532,0.514,0.917,0.881,1.725,3.633,true,2.023
1191,00-0031075,Alfred Blue,RB,JAX,2019,1,8,8,8,true,Unlabeled (IR),false,1,8,0.449,5.613,,,,,,,,,,,,,false,
1193,00-0031085,Jay Prosch,RB,HOU,2016,17,17,1,0,false,Ankle,true,1,8,0.233,0.067,201702,,0.645,0.000,1.806,0.430,0.215,0.129,0.387,0.559,0.301,0.989,true,0.000
1194,00-0031102,Kapri Bibbs,RB,DEN,2016,14,17,4,4,true,Unlabeled (IR),true,1,7,0.161,3.357,201715,0,2.834,10.250,1.796,3.035,5.885,0.619,0.805,2.292,2.354,0.062,true,3.053
1195,00-0031118,Corey Brown,WR,CAR,2014,8,9,2,0,false,Concussion,false,1,6,0.212,5.267,201411,0,2.303,8.600,1.134,2.740,2.693,2.646,2.929,2.598,3.591,3.638,true,1.633
1196,00-0031167,Scott Simonson,TE,CAR,2017,1,17,16,16,true,Unlabeled (IR),true,1,8,0.070,2.000,201801,2,2.107,0.850,0.857,0.571,3.714,3.286,4.571,13.857,2.429,0.857,true,0.425
1197,00-0031167,Scott Simonson,TE,NYG,2019,1,1,1,1,true,Unlabeled (IR),false,1,8,0.256,3.775,201912,,1.034,1.033,0.702,1.288,0.741,1.405,0.273,,,,true,0.274
1198,00-0031167,Scott Simonson,TE,NYG,2019,17,17,1,1,true,Concussion,true,1,8,0.281,3.420,,,,,,,,,,,,,false,
1199,00-0031189,T.J. Jones,WR,DET,2017,16,17,2,2,true,Not Injury Related,true,1,8,0.469,5.037,201801,6,0.432,1.500,0.512,0.448,0.341,0.427,0.320,0.256,1.088,1.365,true,0.298
1201,00-0031209,Senorise Perry,RB,TEN,2020,3,10,7,7,true,Unlabeled (IR),false,1,5,0.106,1.320,,,,,,,,,,,,,false,
1202,00-0031228,Taylor Gabriel,WR,CLE,2015,12,13,2,0,false,Concussion,false,1,8,0.499,4.963,201515,,0.717,2.567,1.684,0.762,0.140,0.281,1.123,0.501,0.421,0.381,true,0.517
1203,00-0031228,Taylor Gabriel,WR,ATL,2016,7,7,1,0,false,Concussion,false,1,8,0.346,4.250,201608,0,1.545,18.800,1.473,1.300,1.964,1.444,1.097,2.253,1.011,1.271,true,4.424
1204,00-0031228,Taylor Gabriel,WR,ATL,2016,17,17,1,0,false,Foot,true,1,8,0.480,14.800,201701,0,1.203,7.400,1.104,0.938,1.104,1.667,1.750,1.271,0.979,1.312,true,0.500
1205,00-0031228,Taylor Gabriel,WR,CHI,2019,4,5,2,0,false,Concussion,false,1,8,0.788,6.338,201907,1,0.908,8.650,0.737,0.940,0.863,1.092,1.156,0.673,,,true,1.365
1206,00-0031228,Taylor Gabriel,WR,CHI,2019,13,17,5,0,false,Concussion,true,1,8,0.786,10.925,,,,,,,,,,,,,false,
1208,00-0031235,Odell Beckham Jr.,WR,NYG,2017,6,17,11,11,true,Finger,true,1,8,0.854,18.325,201801,0,1.122,16.250,1.124,1.136,1.113,1.113,1.089,1.136,1.113,1.124,true,0.887
1209,00-0031235,Odell Beckham Jr.,WR,NYG,2018,15,17,3,0,false,Quadricep,true,1,8,0.929,20.360,201901,0,1.039,14.450,1.077,0.980,1.066,1.034,1.077,1.066,1.077,1.023,true,0.710
1210,00-0031235,Odell Beckham Jr.,WR,CLE,2020,8,2,10,9,true,Knee,false,2,8,0.812,14.790,202103,1,0.855,8.925,0.788,0.972,0.997,0.665,0.751,0.898,0.332,1.206,true,0.603
1211,00-0031235,Odell Beckham Jr.,WR,CLE,2021,9,9,1,0,false,Shoulder,false,1,8,0.641,6.990,202110,3,0.975,13.350,0.421,1.528,0.827,1.123,1.185,1.419,1.528,1.216,true,1.910
1212,00-0031235,Odell Beckham Jr.,WR,BAL,2023,3,4,2,0,false,Ankle,false,1,8,0.823,11.175,202305,,0.632,4.650,0.644,0.498,0.693,0.693,0.559,0.401,0.426,0.389,true,0.416
1213,00-0031235,Odell Beckham Jr.,WR,BAL,2023,18,4,5,4,false,Not injury related - resting player,false,2,8,0.455,9.125,202405,,0.368,1.500,0.308,0.352,0.374,0.440,0.703,0.527,0.549,0.440,true,0.164
1215,00-0031236,Brandin Cooks,WR,LA,2019,10,11,2,0,false,Concussion,false,1,8,0.855,12.688,201912,0,0.772,4.575,0.901,0.901,0.444,0.842,0.690,0.702,0.620,1.053,true,0.361
1216,00-0031236,Brandin Cooks,WR,HOU,2021,16,16,1,1,true,Unlabeled (IR),false,1,8,0.876,12.587,202117,2,0.825,12.450,0.902,0.365,1.039,0.993,0.981,0.924,0.890,1.016,true,0.989
1217,00-0031236,Brandin Cooks,WR,HOU,2022,13,15,3,0,false,Calf,false,1,8,0.808,9.550,202216,0,0.938,11.775,0.941,0.954,1.127,0.731,0.991,0.867,0.805,0.966,true,1.233
1218,00-0031236,Brandin Cooks,WR,DAL,2024,5,12,7,7,true,Knee,false,1,8,0.784,9.238,202413,3,0.762,8.025,0.498,0.766,0.804,0.982,0.868,0.880,0.970,0.868,true,0.869
1219,00-0031236,Brandin Cooks,WR,NO,2025,12,12,1,0,false,Not injury related - personal matter,false,1,8,0.655,3.738,202513,,0.447,0.767,0.351,0.550,0.519,0.366,0.779,,,,true,0.205
1220,00-0031237,Teddy Bridgewater,QB,MIN,2016,1,8,24,24,true,Unlabeled (IR),false,2,8,0.951,14.205,201715,5,0.095,-0.967,0.147,0.053,0.021,0.158,0.063,1.051,0.904,1.030,true,-0.068
1221,00-0031237,Teddy Bridgewater,QB,DEN,2021,16,18,3,1,false,Concussion,true,1,8,0.961,14.857,202203,,0.359,7.245,0.073,0.635,0.010,0.718,0.645,0.052,0.010,0.031,true,0.488
1224,00-0031257,Paul Richardson,WR,SEA,2016,13,13,1,0,false,Hamstring,false,1,8,0.293,3.186,201614,2,1.376,7.567,0.581,0.615,2.017,2.291,2.872,1.641,2.906,2.530,true,2.375
1225,00-0031257,Paul Richardson,WR,SEA,2016,15,15,1,1,true,Hamstring,false,1,8,0.274,3.571,201616,0,2.356,10.625,2.155,2.447,3.068,1.753,3.105,2.703,2.521,2.338,true,2.975
1226,00-0031257,Paul Richardson,WR,WAS,2018,10,17,8,8,true,Shoulder,true,1,8,0.782,7.450,201901,0,1.080,11.225,1.022,1.099,1.073,1.125,1.125,0.754,0.997,0.984,true,1.507
1227,00-0031257,Paul Richardson,WR,WAS,2019,11,11,1,0,false,Hamstring,false,1,8,0.800,6.838,201912,,0.300,1.600,0.300,,,,,,,,true,0.234
1228,00-0031257,Paul Richardson,WR,WAS,2019,13,17,5,3,false,Hamstring,true,1,8,0.757,6.913,,,,,,,,,,,,,false,
1229,00-0031260,Logan Thomas,TE,WAS,2021,5,11,6,6,true,Unlabeled (IR),false,1,8,0.998,14.738,202112,,0.697,10.025,0.792,0.642,0.622,0.732,0.652,0.742,0.561,0.722,true,0.680
1230,00-0031260,Logan Thomas,TE,WAS,2021,14,18,5,5,true,Hamstring,true,1,8,0.858,12.700,202201,,0.799,7.400,0.723,0.851,0.758,0.863,0.653,0.840,0.851,0.793,true,0.583
1231,00-0031260,Logan Thomas,TE,WAS,2022,6,7,2,0,false,Calf,false,1,8,0.688,9.186,202208,1,0.978,4.900,0.815,1.047,1.062,0.989,1.033,0.815,0.916,1.033,true,0.533
1232,00-0031260,Logan Thomas,TE,WAS,2023,3,3,1,0,false,Concussion,false,1,8,0.705,6.600,202304,0,1.078,9.575,1.121,1.121,1.106,0.965,1.050,1.035,1.050,0.993,true,1.451
1233,00-0031266,Zach Mettenberger,QB,TEN,2014,15,15,1,0,false,right Shoulder,false,1,6,0.777,11.663,201501,2,0.753,3.185,0.258,0.180,1.288,1.288,0.888,1.288,0.618,,true,0.273
1234,00-0031268,Walt Powell,WR,BUF,2016,13,17,5,5,true,Unlabeled (IR),true,1,8,0.493,4.517,,,,,,,,,,,,,false,
1236,00-0031273,Cameron Brate,TE,TB,2016,17,17,1,1,true,Unlabeled (IR),true,1,8,0.694,13.525,201702,3,0.814,13.375,0.778,0.706,0.793,0.980,0.908,0.764,0.865,0.836,true,0.989
1237,00-0031273,Cameron Brate,TE,TB,2022,5,5,1,0,false,Concussion,false,1,8,0.446,5.238,202206,0,1.008,2.975,1.053,1.008,1.143,0.829,0.874,0.224,1.098,,true,0.568
1238,00-0031273,Cameron Brate,TE,TB,2022,7,9,3,0,false,Neck,false,1,8,0.457,5.750,202210,0,0.940,3.250,0.984,1.115,0.809,0.852,0.219,1.071,,,true,0.565
1239,00-0031277,Branden Oliver,RB,SD,2015,1,17,24,24,true,Unlabeled (IR),true,2,8,0.352,6.588,201701,,0.688,3.200,0.539,0.340,1.277,0.596,0.255,0.085,0.766,0.652,true,0.486
1240,00-0031277,Branden Oliver,RB,LAC,2017,5,5,1,0,false,Hamstring,false,1,8,0.223,5.425,201708,2,0.697,1.025,0.404,0.135,1.213,1.034,,,,,true,0.189
1241,00-0031280,Derek Carr,QB,OAK,2016,17,17,1,0,false,Ankle,true,1,8,0.994,16.460,201701,0,0.913,13.705,1.006,1.006,1.006,0.634,1.006,1.006,1.006,1.006,true,0.833
1242,00-0031280,Derek Carr,QB,NO,2024,6,6,1,0,false,Oblique,false,1,8,0.939,18.397,202409,0,1.033,16.795,1.055,1.023,0.991,1.065,0.991,,,,true,0.913
1243,00-0031280,Derek Carr,QB,NO,2024,16,18,3,0,false,Left Hand,true,1,8,0.950,14.705,,,,,,,,,,,,,false,
1244,00-0031285,Devonta Freeman,RB,ATL,2015,12,12,1,0,false,Concussion,false,1,8,0.801,27.550,201513,2,0.942,17.150,0.899,0.849,0.961,1.061,1.098,0.686,0.661,0.736,true,0.623
1245,00-0031285,Devonta Freeman,RB,ATL,2017,11,12,2,0,false,Concussion,false,1,8,0.660,14.238,201713,0,1.061,15.050,1.121,1.045,1.076,1.000,0.803,0.848,0.591,0.742,true,1.057
1246,00-0031285,Devonta Freeman,RB,ATL,2018,2,4,3,0,false,Knee,false,1,8,0.581,12.975,201805,2,1.037,8.025,0.671,0.843,1.084,1.548,1.067,0.946,1.239,0.963,true,0.618
1247,00-0031285,Devonta Freeman,RB,ATL,2018,6,17,11,10,false,Foot,true,1,8,0.575,13.087,201901,0,1.148,11.000,0.852,1.096,1.565,1.078,0.957,1.252,0.974,1.374,true,0.840
1248,00-0031285,Devonta Freeman,RB,ATL,2019,11,12,2,0,false,Foot,false,1,8,0.658,13.688,201913,0,1.091,17.750,1.004,0.989,1.202,1.171,0.928,0.441,0.821,0.821,true,1.297
1249,00-0031285,Devonta Freeman,RB,NYG,2020,8,17,9,7,false,Ankle,true,1,8,0.615,13.137,202102,6,0.260,2.650,0.211,0.260,0.130,0.439,0.488,0.650,0.943,0.943,true,0.202
1250,00-0031288,AJ McCarron,QB,ATL,2021,1,18,17,17,true,Unlabeled (IR),true,1,8,0.225,3.277,202314,,0.600,0.380,0.356,0.844,,,,,,,true,0.116
1251,00-0031291,James Wright,WR,CIN,2016,14,14,1,0,false,Knee,false,1,8,0.239,2.086,201615,,0.754,1.650,0.503,1.005,,,,,,,true,0.791
1252,00-0031291,James Wright,WR,IND,2018,1,17,16,16,true,Unlabeled (IR),true,1,8,0.281,2.300,,,,,,,,,,,,,false,
1253,00-0031299,Jordan Matthews,TE,BUF,2017,5,5,1,0,false,Thumb,false,1,8,0.804,8.825,201707,0,0.998,4.775,1.008,0.871,1.182,0.933,0.734,0.946,0.498,0.734,true,0.541
1254,00-0031299,Jordan Matthews,TE,BUF,2017,14,17,4,4,true,Knee,true,1,8,0.769,5.838,201803,,0.563,5.675,0.520,0.767,0.481,0.481,0.559,0.715,0.793,0.351,true,0.972
1255,00-0031299,Jordan Matthews,TE,SF,2022,1,18,17,17,true,Unlabeled (IR),true,1,8,0.390,3.920,202401,,0.393,0.000,0.872,0.205,0.103,,,,,,true,0.000
1256,00-0031301,Jeremy Hill,RB,CIN,2017,10,17,8,8,true,Ankle,true,1,8,0.249,3.625,201801,,0.643,4.100,0.643,,,,,,,,true,1.131
1257,00-0031301,Jeremy Hill,RB,NE,2018,2,17,15,15,true,Unlabeled (IR),true,1,8,0.184,2.250,,,,,,,,,,,,,false,
1259,00-0031302,C.J. Fiedorowicz,TE,HOU,2016,15,15,1,0,false,Concussion,false,1,8,0.713,11.600,201616,3,0.842,7.250,0.940,0.744,0.421,1.263,1.207,1.347,0.295,,true,0.625
1260,00-0031302,C.J. Fiedorowicz,TE,HOU,2017,2,9,7,7,true,Concussion,false,1,8,0.708,9.663,201710,0,1.035,4.525,1.272,1.216,1.357,0.297,,,,,true,0.468
1261,00-0031302,C.J. Fiedorowicz,TE,HOU,2017,14,17,4,4,true,Unlabeled (IR),true,1,8,0.713,7.138,,,,,,,,,,,,,false,
1262,00-0031315,Matt Hazel,WR,IND,2018,1,1,1,1,true,Unlabeled (IR),false,1,7,0.079,0.367,,,,,,,,,,,,,false,
1263,00-0031319,Diontae Spencer,WR,DEN,2020,7,8,2,0,false,Shoulder,false,1,8,0.051,0.113,202010,4,0.488,1.500,0.585,0.390,0.585,0.390,3.317,7.220,1.171,7.024,true,13.333
1264,00-0031319,Diontae Spencer,WR,DEN,2020,12,13,2,2,true,Unlabeled (IR),false,1,8,0.053,0.225,202014,2,2.810,2.725,0.571,0.381,3.238,7.048,1.143,6.857,0.952,0.571,true,12.111
1265,00-0031325,Sammy Watkins,WR,BUF,2015,4,4,1,0,false,Calf,false,1,8,0.955,9.475,201506,2,0.751,14.225,0.534,0.628,0.932,0.911,1.016,1.026,1.037,1.005,true,1.501
1266,00-0031325,Sammy Watkins,WR,BUF,2015,7,7,1,0,false,Ankle,false,1,8,0.860,9.275,201509,1,0.968,18.975,0.698,1.035,1.012,1.128,1.140,1.151,1.116,1.047,true,2.046
1267,00-0031325,Sammy Watkins,WR,BUF,2016,4,11,7,7,true,Foot,false,1,8,0.931,19.275,201612,4,0.725,8.800,0.483,0.730,1.009,0.677,0.966,0.870,0.623,0.966,true,0.457
1268,00-0031325,Sammy Watkins,WR,KC,2018,13,17,4,0,false,Foot,true,2,8,0.785,13.575,201901,0,1.220,18.875,1.223,1.172,1.223,1.261,0.038,1.096,1.146,0.981,true,1.390
1269,00-0031325,Sammy Watkins,WR,KC,2019,7,7,1,0,false,Hamstring,false,1,8,0.809,16.300,201908,0,1.036,9.375,1.063,1.113,0.952,1.014,0.767,1.125,0.940,0.915,true,0.575
1270,00-0031325,Sammy Watkins,WR,KC,2020,6,8,3,0,false,Hamstring,false,1,8,0.770,8.575,202012,0,1.026,8.125,0.935,0.974,1.130,1.065,0.987,1.065,1.195,1.026,true,0.948
1271,00-0031325,Sammy Watkins,WR,KC,2020,17,17,1,0,false,Calf,true,1,8,0.724,8.062,202101,0,1.126,10.425,1.133,1.271,1.092,1.009,0.373,0.442,1.022,0.594,true,1.293
1272,00-0031325,Sammy Watkins,WR,BAL,2021,6,7,2,0,false,Thigh,false,1,8,0.807,8.475,202110,,0.604,5.800,0.396,0.916,0.533,0.570,0.384,0.062,0.248,0.372,true,0.684
1273,00-0031325,Sammy Watkins,WR,GB,2022,3,6,4,4,true,Hamstring,false,1,8,0.395,4.717,202207,0,1.551,4.125,1.316,2.000,2.051,0.835,0.911,0.203,0.278,0.835,true,0.875
1274,00-0031326,Bruce Ellington,WR,SF,2016,1,17,16,16,true,Unlabeled (IR),true,1,8,0.224,1.900,201701,0,3.587,7.375,2.547,4.425,3.531,3.844,3.039,3.575,3.978,2.726,true,3.882
1275,00-0031326,Bruce Ellington,WR,HOU,2017,2,2,1,0,false,Concussion,false,1,8,0.212,2.225,201703,0,3.906,8.425,4.659,3.718,4.047,3.200,3.765,4.188,2.871,4.565,true,3.787
1276,00-0031326,Bruce Ellington,WR,HOU,2017,14,17,4,4,true,Knee,true,1,8,0.814,7.275,201801,0,0.682,8.600,1.081,0.971,0.049,0.627,1.008,0.651,0.553,,true,1.182
1277,00-0031326,Bruce Ellington,WR,HOU,2018,4,8,5,5,true,Unlabeled (IR),false,1,8,0.756,7.900,201811,,0.764,9.100,0.674,1.084,0.701,0.595,,,,,true,1.152
1278,00-0031326,Bruce Ellington,WR,DET,2018,15,17,3,2,false,Hamstring,true,1,8,0.585,7.688,,,,,,,,,,,,,false,
1279,00-0031327,Kevin Norwood,WR,CAR,2016,1,11,13,13,true,Unlabeled (IR),false,2,8,0.295,3.560,,,,,,,,,,,,,false,
1280,00-0031339,Donte Moncrief,WR,IND,2016,3,7,5,0,false,Shoulder,false,1,8,0.753,9.975,201608,0,1.252,14.675,1.183,1.289,1.236,1.302,1.169,0.944,0.864,1.196,true,1.471
1281,00-0031339,Donte Moncrief,WR,IND,2016,15,15,1,0,false,Hamstring,false,1,8,0.760,11.550,201616,0,1.046,6.800,0.855,1.184,0.987,1.158,0.947,0.921,0.947,1.026,true,0.589
1282,00-0031339,Donte Moncrief,WR,IND,2017,14,16,3,0,false,Ankle,false,1,8,0.781,6.525,201801,0,0.966,10.325,0.870,0.922,1.075,0.998,1.050,1.011,1.037,1.126,true,1.582
1283,00-0031344,Cody Latimer,WR,DEN,2014,14,15,2,0,false,Ribs,false,1,3,0.077,0.950,201416,0,1.207,2.400,1.174,1.957,1.174,0.522,0.522,5.217,1.565,1.957,true,2.526
1284,00-0031344,Cody Latimer,WR,DEN,2015,5,5,1,0,false,Groin,false,1,8,0.076,1.075,201506,0,3.344,3.000,5.246,1.574,1.967,4.590,6.820,2.361,3.410,2.098,true,2.791
1285,00-0031344,Cody Latimer,WR,DEN,2017,6,7,2,0,false,Knee,false,1,8,0.241,1.825,201708,0,2.715,4.875,2.155,3.109,3.109,2.487,2.528,2.777,1.824,2.321,true,2.671
1286,00-0031344,Cody Latimer,WR,DEN,2017,17,17,1,0,false,Thigh,true,1,8,0.562,5.062,201801,0,1.089,4.200,1.173,1.156,1.156,0.871,0.551,0.658,1.564,1.049,true,0.830
1287,00-0031344,Cody Latimer,WR,NYG,2018,4,4,1,0,false,Knee,false,1,8,0.617,6.625,201806,3,0.830,9.450,0.794,0.502,0.599,1.425,0.955,0.567,0.745,0.745,true,1.426
1288,00-0031344,Cody Latimer,WR,NYG,2018,7,15,8,8,true,Unlabeled (IR),false,1,8,0.605,6.212,201816,2,0.888,8.900,0.512,0.612,1.455,0.975,0.579,0.760,0.760,0.545,true,1.433
1289,00-0031344,Cody Latimer,WR,NYG,2019,3,3,1,0,false,Concussion,false,1,8,0.571,7.925,201904,,0.700,1.825,0.613,0.805,0.805,0.578,0.788,0.263,0.158,0.263,true,0.230
1290,00-0031345,Jimmy Garoppolo,QB,SF,2018,4,17,13,13,true,Unlabeled (IR),true,1,8,0.880,14.197,201901,0,1.134,14.350,1.136,1.136,1.136,1.125,1.136,1.136,1.011,1.136,true,1.011
1291,00-0031345,Jimmy Garoppolo,QB,SF,2020,3,4,2,0,false,Ankle,false,1,8,1.000,17.390,202005,1,0.767,7.960,0.480,1.000,1.000,0.590,0.930,1.000,0.960,0.490,true,0.458
1292,00-0031345,Jimmy Garoppolo,QB,SF,2020,9,17,8,8,true,Ankle,true,1,8,0.875,12.175,202101,0,0.966,14.400,1.063,1.143,1.097,0.560,1.143,1.143,1.143,1.143,true,1.183
1293,00-0031345,Jimmy Garoppolo,QB,SF,2021,5,5,1,0,false,Calf,false,1,8,0.810,11.760,202107,0,1.235,16.810,1.235,1.235,1.235,1.235,1.148,1.235,1.235,1.235,true,1.429
1294,00-0031345,Jimmy Garoppolo,QB,SF,2022,14,18,5,0,false,Foot,true,1,8,0.968,17.180,202301,0,1.026,12.745,1.003,1.034,1.034,1.034,0.630,1.034,0.052,1.034,true,0.742
1295,00-0031345,Jimmy Garoppolo,QB,LV,2023,7,7,1,0,false,Back,false,1,8,0.869,13.478,202308,,0.601,5.950,1.151,0.058,1.151,0.046,0.196,0.046,,,true,0.441
1296,00-0031345,Jimmy Garoppolo,QB,LA,2024,1,2,2,2,true,Unlabeled (IR),false,1,8,0.835,9.952,202418,,0.374,4.715,1.198,0.048,0.204,0.048,,,,,true,0.474
1297,00-0031359,Kelvin Benjamin,WR,BUF,2017,13,13,1,0,false,Knee,false,1,8,0.710,11.900,201714,2,0.926,7.600,0.859,0.845,1.056,0.944,1.028,0.915,0.859,0.845,true,0.639
1298,00-0031373,Martavis Bryant,WR,OAK,2018,11,14,3,1,false,Knee,false,2,8,0.416,7.643,,,,,,,,,,,,,false,
1299,00-0031375,Terrance West,RB,BAL,2017,6,9,4,0,false,Calf,false,1,8,0.283,8.150,,,,,,,,,,,,,false,
1301,00-0031376,Jerick McKinnon,RB,MIN,2016,8,8,1,0,false,Ankle,false,1,8,0.381,10.613,201609,0,1.311,5.700,0.970,1.259,1.390,1.626,1.810,1.600,1.548,1.810,true,0.537
1302,00-0031376,Jerick McKinnon,RB,SF,2018,1,17,32,32,true,Unlabeled (IR),true,2,8,0.525,12.613,202001,2,0.976,16.625,0.590,0.400,1.162,1.752,0.476,0.610,0.343,0.952,true,1.318
1303,00-0031376,Jerick McKinnon,RB,KC,2021,13,16,4,4,true,Unlabeled (IR),false,1,8,0.201,2.950,202117,1,1.528,10.500,0.398,1.441,1.938,2.335,2.584,1.143,2.634,2.137,true,3.559
1304,00-0031376,Jerick McKinnon,RB,KC,2023,12,12,1,0,false,Groin,false,1,8,0.312,6.250,202314,0,1.264,14.430,1.440,1.088,,,,,,,true,2.309
1305,00-0031376,Jerick McKinnon,RB,KC,2023,16,18,3,3,true,Groin,true,1,8,0.329,5.400,,,,,,,,,,,,,false,
1306,00-0031381,Davante Adams,WR,GB,2017,16,17,2,0,false,Concussion,true,1,8,0.897,16.288,201801,0,1.097,18.625,1.092,1.081,1.103,1.114,0.981,0.992,0.858,1.070,true,1.144
1307,00-0031381,Davante Adams,WR,GB,2019,5,7,3,0,false,Toe,false,1,8,0.944,17.887,201909,4,0.834,18.400,0.890,0.826,0.795,0.826,0.879,0.985,0.858,0.943,true,1.029
1308,00-0031381,Davante Adams,WR,GB,2021,8,8,1,1,true,Unlabeled (IR),false,1,8,0.839,23.075,202109,0,1.112,18.475,1.097,1.133,1.049,1.168,1.061,1.097,1.109,0.990,true,0.801
1309,00-0031381,Davante Adams,WR,LV,2024,4,6,3,0,false,Hamstring,false,1,8,0.940,17.525,202407,0,0.971,11.650,1.021,1.000,0.830,1.032,1.000,1.032,0.904,0.989,true,0.665
1310,00-0031382,Jarvis Landry,WR,CLE,2021,3,6,4,4,true,Unlabeled (IR),false,1,8,0.703,15.727,202107,1,1.036,7.350,0.769,1.281,0.954,1.139,0.925,1.324,1.181,1.125,true,0.467
1311,00-0031382,Jarvis Landry,WR,CLE,2021,15,15,1,1,true,Knee,false,1,8,0.673,10.000,202116,0,1.093,14.075,1.175,1.041,1.086,1.071,1.011,0.446,0.937,1.175,true,1.407
1312,00-0031382,Jarvis Landry,WR,NO,2022,6,8,3,0,false,Ankle,false,1,8,0.710,12.150,202210,,0.863,6.600,1.113,0.789,0.789,0.761,0.493,,,,true,0.543
1313,00-0031382,Jarvis Landry,WR,NO,2022,16,18,3,3,true,Ankle,true,1,8,0.597,7.525,,,,,,,,,,,,,false,
1314,00-0031384,Richard Rodgers,TE,GB,2017,17,10,10,9,false,Shoulder,false,2,8,0.495,3.400,201812,,0.177,0.000,0.242,0.263,0.081,0.121,0.323,0.141,0.141,0.061,true,0.000
1315,00-0031384,Richard Rodgers,TE,PHI,2019,1,1,1,1,true,Unlabeled (IR),false,1,8,0.201,4.850,201917,2,1.006,5.000,0.348,0.149,1.789,1.739,1.590,2.981,4.224,1.342,true,1.031
1316,00-0031384,Richard Rodgers,TE,PHI,2020,16,17,2,0,false,Ankle,true,1,8,0.379,10.083,202107,1,0.667,1.550,0.264,0.977,1.347,0.079,0.238,0.132,0.370,0.449,true,0.154
1317,00-0031384,Richard Rodgers,TE,LAC,2022,14,18,5,5,true,Knee,true,1,8,0.165,0.700,,,,,,,,,,,,,false,
1318,00-0031387,Eric Ebron,TE,DET,2014,8,8,1,0,false,Hamstring,false,1,5,0.416,4.400,201411,0,1.400,5.400,1.418,1.322,1.394,1.466,0.938,1.178,1.490,1.538,true,1.227
1319,00-0031387,Eric Ebron,TE,DET,2015,5,6,2,0,false,Knee,false,1,8,0.651,8.529,201507,0,1.013,8.025,1.305,1.182,0.752,0.814,0.752,0.967,1.152,0.814,true,0.941
1320,00-0031387,Eric Ebron,TE,DET,2016,5,7,3,0,false,Ankle,false,1,8,0.762,10.713,201608,0,1.049,11.800,1.049,1.036,1.062,1.049,1.010,0.944,1.102,1.128,true,1.102
1321,00-0031387,Eric Ebron,TE,IND,2019,13,17,5,5,true,Ankle,true,1,8,0.421,8.100,202001,0,1.727,8.400,1.496,1.828,1.780,1.804,1.685,1.994,2.018,2.042,true,1.037
1322,00-0031387,Eric Ebron,TE,PIT,2020,17,17,1,1,true,Back,true,1,8,0.724,9.825,202101,,0.670,1.425,0.649,0.594,0.788,0.649,0.525,0.622,0.456,0.636,true,0.145
1323,00-0031387,Eric Ebron,TE,PIT,2021,8,9,2,0,false,Hamstring,false,1,8,0.494,3.925,202110,,0.800,7.350,0.668,0.932,,,,,,,true,1.873
1324,00-0031387,Eric Ebron,TE,PIT,2021,12,18,7,7,true,Knee,true,1,8,0.489,4.600,,,,,,,,,,,,,false,
1325,00-0031390,Charles Sims,RB,TB,2016,5,13,8,8,true,Knee,false,1,8,0.468,14.400,201614,,0.668,5.500,0.492,0.706,0.834,0.642,1.048,0.727,0.941,0.834,true,0.382
1326,00-0031390,Charles Sims,RB,TB,2016,17,17,1,1,true,Unlabeled (IR),true,1,8,0.464,12.287,201702,,0.846,3.675,0.647,1.057,0.733,0.949,0.841,0.712,0.604,0.668,true,0.299
1328,00-0031408,Mike Evans,WR,TB,2014,5,5,1,0,false,Groin,false,1,3,0.837,8.933,201406,0,0.989,21.050,0.944,1.040,0.956,1.016,1.124,1.159,1.088,1.135,true,2.356
1329,00-0031408,Mike Evans,WR,TB,2019,15,17,3,2,false,Hamstring,true,1,8,0.904,17.600,202001,0,0.943,17.500,1.029,0.963,0.996,0.786,0.941,0.863,0.952,0.996,true,0.994
1330,00-0031408,Mike Evans,WR,TB,2021,16,16,1,0,false,Hamstring,false,1,8,0.915,15.775,202117,4,0.770,17.200,0.831,0.787,0.798,0.667,0.995,0.929,1.049,0.962,true,1.090
1331,00-0031408,Mike Evans,WR,TB,2022,3,3,1,1,true,Calf,false,1,8,0.764,15.625,202204,0,1.178,17.300,1.191,1.113,1.257,1.152,1.231,1.152,0.956,1.178,true,1.107
1332,00-0031408,Mike Evans,WR,TB,2024,8,10,3,0,false,Hamstring,false,1,8,0.775,12.650,202412,1,0.939,21.350,0.774,1.084,1.058,0.839,1.045,0.800,1.135,1.071,true,1.688
1333,00-0031408,Mike Evans,WR,TB,2025,4,6,3,0,false,Hamstring,false,1,8,0.780,19.225,202507,3,0.692,11.350,0.256,0.705,0.846,0.962,0.962,0.962,,,true,0.590
1334,00-0031408,Mike Evans,WR,TB,2025,8,14,6,6,true,Collarbone,false,1,8,0.765,17.663,202515,1,0.886,12.700,0.719,0.863,0.980,0.980,0.980,,,,true,0.719
1335,00-0031409,Johnny Manziel,QB,CLE,2014,17,17,1,0,false,Hamstring,true,1,4,0.315,3.440,201501,0,1.532,6.480,2.317,3.175,0.286,0.349,3.175,3.175,3.175,3.175,true,1.884
1336,00-0031409,Johnny Manziel,QB,CLE,2015,17,17,1,0,false,Concussion,true,1,8,0.741,10.095,,,,,,,,,,,,,false,
1337,00-0031413,Bishop Sankey,RB,MIN,2017,1,17,16,16,true,Unlabeled (IR),true,1,8,0.184,3.529,,,,,,,,,,,,,false,
1339,00-0031418,Austin Seferian-Jenkins,TE,TB,2015,3,7,2,0,false,Shoulder,false,2,8,0.810,8.762,201513,,0.435,9.525,0.370,0.556,0.457,0.358,0.481,0.346,0.531,0.420,true,1.087
1340,00-0031418,Austin Seferian-Jenkins,TE,NYJ,2016,7,7,1,0,false,Ankle,false,1,8,0.388,8.025,201609,2,0.910,3.325,0.852,0.671,0.955,1.161,0.774,0.181,1.961,1.987,true,0.414
1341,00-0031418,Austin Seferian-Jenkins,TE,NYJ,2016,17,17,1,0,false,Hamstring,true,1,8,0.345,3.963,201703,0,2.261,12.050,2.203,2.232,2.406,2.203,2.174,2.609,1.913,2.435,true,3.041
1342,00-0031418,Austin Seferian-Jenkins,TE,JAX,2018,6,17,11,11,true,core muscle,true,1,8,0.721,4.900,,,,,,,,,,,,,false,
1344,00-0031428,Allen Robinson,WR,JAX,2017,2,17,15,15,true,Unlabeled (IR),true,1,8,0.940,11.513,201801,0,0.987,11.675,1.021,1.011,0.989,0.926,0.894,0.787,1.011,0.968,true,1.014
1345,00-0031428,Allen Robinson,WR,CHI,2021,15,16,2,2,true,Hamstring,false,1,8,0.830,7.550,202117,2,0.970,7.800,0.843,0.783,1.169,1.084,1.108,1.193,1.000,1.036,true,1.033
1346,00-0031428,Allen Robinson,WR,LA,2022,13,18,6,6,true,Ankle,true,1,8,0.905,8.500,202301,0,0.945,5.700,0.983,0.961,0.895,0.939,0.950,0.707,0.762,0.796,true,0.671
1348,00-0031431,Marqise Lee,WR,JAX,2015,4,7,4,0,false,Hamstring,false,1,8,0.698,8.338,201510,,0.556,2.500,0.459,0.215,0.444,1.104,0.330,0.530,0.760,0.703,true,0.300
1349,00-0031431,Marqise Lee,WR,JAX,2017,16,17,18,16,false,Ankle,true,2,8,0.833,14.013,201901,,0.300,1.500,0.252,0.336,0.348,0.264,0.408,0.336,,,true,0.107
1350,00-0031431,Marqise Lee,WR,JAX,2019,7,7,1,0,false,Ankle,false,1,8,0.480,7.680,201908,,0.583,1.800,0.583,,,,,,,,true,0.234
1351,00-0031431,Marqise Lee,WR,JAX,2019,9,17,18,18,true,Ankle,true,2,8,0.407,7.240,,,,,,,,,,,,,false,
1354,00-0031462,Jerome Cunningham,TE,WAS,2019,7,17,10,10,true,Concussion,true,1,8,0.232,1.450,,,,,,,,,,,,,false,
1355,00-0031484,Chris Manhertz,TE,CAR,2019,5,5,1,0,false,Concussion,false,1,8,0.337,3.000,201906,0,1.230,0.000,1.600,0.948,1.422,0.948,0.356,1.393,0.741,0.711,true,0.000
1356,00-0031484,Chris Manhertz,TE,DEN,2023,18,18,1,0,false,Illness,true,1,8,0.380,0.533,202401,1,1.013,0.000,0.737,1.211,1.000,1.105,0.684,0.632,0.368,0.395,true,0.000
1357,00-0031503,Jameis Winston,QB,TB,2017,10,12,3,0,false,right Shoulder,false,1,8,0.891,14.037,201713,0,1.122,18.010,1.122,1.122,1.122,1.122,1.122,0.628,1.122,1.122,true,1.283
1358,00-0031503,Jameis Winston,QB,NO,2021,9,18,10,10,true,Knee,true,1,8,0.739,15.294,202201,0,1.134,11.990,1.354,1.313,1.354,0.514,0.027,0.135,0.663,0.176,true,0.784
1359,00-0031511,DeAndrew White,WR,BAL,2020,1,17,16,16,true,Unlabeled (IR),true,1,8,0.241,0.925,,,,,,,,,,,,,false,
1360,00-0031514,Quan Bray,WR,IND,2016,7,17,10,10,true,Shin,true,1,5,0.104,1.460,201701,,1.635,0.800,0.769,0.769,4.808,0.192,0.673,1.154,0.096,,true,0.548
1361,00-0031514,Quan Bray,WR,IND,2017,10,16,6,6,true,Unlabeled (IR),false,1,8,0.129,1.562,,,,,,,,,,,,,false,
1363,00-0031533,Randall Telfer,TE,CLE,2016,5,6,2,0,false,Ankle,false,1,3,0.227,,201607,0,1.059,0.350,1.015,1.147,0.397,1.676,0.882,1.544,1.456,0.926,true,
1364,00-0031544,Amari Cooper,WR,OAK,2017,13,13,1,0,false,Concussion,false,1,8,0.940,11.237,201714,3,0.689,9.725,0.245,0.681,0.830,1.000,0.883,0.840,0.926,1.021,true,0.865
1365,00-0031544,Amari Cooper,WR,OAK,2017,15,15,1,0,false,Ankle,false,1,8,0.884,12.025,201716,1,0.902,15.125,0.724,0.883,1.064,0.939,0.894,0.984,1.086,0.226,true,1.258
1366,00-0031544,Amari Cooper,WR,DAL,2021,11,12,2,2,true,Hamstring,false,1,8,0.780,15.400,202113,1,0.917,11.625,0.436,1.128,1.192,0.910,1.167,0.949,1.064,1.038,true,0.755
1367,00-0031544,Amari Cooper,WR,CLE,2023,18,18,1,0,false,Not injury related - resting player,true,1,8,0.781,13.325,202401,0,1.171,10.700,1.216,1.126,1.152,1.190,1.050,1.050,0.448,0.640,true,0.803
1368,00-0031545,Kevin White,WR,CHI,2016,5,17,12,12,true,Ankle,true,1,3,0.870,9.033,201701,,0.305,2.600,0.805,0.195,0.034,0.184,0.529,0.264,0.276,0.506,true,0.288
1369,00-0031545,Kevin White,WR,CHI,2017,2,17,15,15,true,Unlabeled (IR),true,1,4,0.800,9.650,201801,,0.256,,0.212,0.037,0.200,0.575,0.287,0.300,0.550,0.112,true,
1370,00-0031547,DeVante Parker,WR,MIA,2021,6,6,1,0,false,Shoulder,false,1,8,0.786,11.700,202108,0,1.024,14.833,1.157,0.903,1.132,0.903,1.196,0.916,1.272,0.967,true,1.268
1371,00-0031547,DeVante Parker,WR,MIA,2021,9,12,4,4,true,Shoulder,false,1,8,0.778,11.650,202113,0,1.045,12.200,0.913,1.145,0.913,1.209,0.926,1.286,0.977,1.248,true,1.047
1372,00-0031547,DeVante Parker,WR,NE,2022,9,9,1,0,false,Knee,false,1,8,0.831,8.043,202211,1,0.668,5.975,0.481,1.023,1.047,0.120,0.986,1.203,0.914,0.986,true,0.743
1373,00-0031547,DeVante Parker,WR,NE,2022,15,17,3,0,false,Concussion,false,1,8,0.666,7.157,202218,0,1.276,11.700,1.231,1.501,1.141,1.231,1.471,1.126,0.871,0.645,true,1.635
1374,00-0031547,DeVante Parker,WR,NE,2023,9,10,2,0,false,Concussion,false,1,8,0.726,7.337,202312,0,1.188,9.375,1.033,1.184,1.253,1.281,0.386,0.675,,,true,1.278
1375,00-0031549,Nelson Agholor,WR,PHI,2015,6,7,2,0,false,Ankle,false,1,4,0.867,4.250,201510,4,0.723,3.450,0.634,0.876,0.761,0.622,0.888,1.026,0.968,0.807,true,0.812
1376,00-0031549,Nelson Agholor,WR,PHI,2019,17,17,1,0,false,Knee,true,1,8,0.889,7.137,202001,2,0.602,7.950,0.214,0.214,0.956,1.024,0.889,0.878,0.878,0.923,true,1.114
1377,00-0031549,Nelson Agholor,WR,NE,2021,16,17,2,0,false,Concussion,false,1,8,0.701,7.229,202118,3,0.973,8.550,1.269,0.827,0.713,1.084,0.941,0.171,0.086,0.342,true,1.183
1378,00-0031549,Nelson Agholor,WR,BAL,2024,17,17,1,0,false,Concussion,false,1,8,0.450,4.371,,,,,,,,,,,,,false,
1379,00-0031558,Maxx Williams,TE,BAL,2015,7,7,1,0,false,Knee,false,1,5,0.450,3.280,201508,5,0.656,4.750,0.089,0.822,1.156,0.556,0.756,1.600,1.933,2.089,true,1.448
1380,00-0031558,Maxx Williams,TE,BAL,2015,13,13,1,0,false,Concussion,false,1,8,0.394,4.912,201514,0,1.822,5.750,0.863,1.829,2.210,2.387,0.330,0.787,0.457,0.279,true,1.170
1381,00-0031558,Maxx Williams,TE,BAL,2016,5,17,12,12,true,Knee,true,1,8,0.468,3.833,201701,3,0.652,3.325,0.556,0.877,0.257,0.920,1.241,0.898,1.005,1.112,true,0.867
1382,00-0031558,Maxx Williams,TE,BAL,2017,3,5,3,0,false,Ankle,false,1,8,0.440,4.083,201706,1,0.881,2.575,0.273,0.977,1.318,0.955,1.068,1.182,1.045,1.182,true,0.631
1383,00-0031558,Maxx Williams,TE,BAL,2017,7,8,2,0,false,Ankle,false,1,8,0.401,3.783,201709,0,1.184,2.950,1.072,1.445,1.047,1.171,1.296,1.146,1.296,0.972,true,0.780
1384,00-0031558,Maxx Williams,TE,ARI,2020,2,7,6,5,false,Ankle,false,1,8,0.560,2.500,202009,0,1.031,5.100,0.875,0.946,1.018,1.286,0.500,1.161,0.607,0.911,true,2.040
1385,00-0031558,Maxx Williams,TE,ARI,2021,6,18,12,12,true,Shoulder,true,1,8,0.583,7.967,202201,,0.300,,0.258,0.240,0.189,0.515,0.309,0.446,0.343,0.343,true,
1386,00-0031560,Jaelen Strong,WR,HOU,2016,10,17,8,4,false,Ankle,true,1,8,0.619,5.529,201702,,0.630,6.400,0.485,0.776,,,,,,,true,1.158
1387,00-0031560,Jaelen Strong,WR,JAX,2017,3,4,2,0,false,Hamstring,false,1,8,0.544,4.517,201716,,0.883,12.800,0.883,,,,,,,,true,2.834
1388,00-0031560,Jaelen Strong,WR,JAX,2017,17,17,1,1,true,Unlabeled (IR),true,1,8,0.561,3.871,,,,,,,,,,,,,false,
1390,00-0031568,Bryce Petty,QB,NYJ,2016,17,17,1,1,true,Chest,true,1,5,0.670,6.852,201714,1,1.276,6.315,0.627,1.493,1.493,1.493,,,,,true,0.922
1391,00-0031568,Bryce Petty,QB,MIA,2018,1,3,3,3,true,Unlabeled (IR),false,1,8,0.739,5.947,,,,,,,,,,,,,false,
1392,00-0031577,Javorius Allen,RB,NO,2019,1,6,6,6,true,Unlabeled (IR),false,1,8,0.331,5.800,201913,,0.264,3.067,0.151,0.181,0.634,0.091,0.423,,,,true,0.529
1393,00-0031585,MyCole Pruitt,TE,MIN,2016,1,2,2,0,false,Knee,false,1,8,0.223,2.183,201604,3,0.685,1.650,0.809,0.629,0.180,1.124,0.854,0.944,0.180,0.584,true,0.756
1394,00-0031585,MyCole Pruitt,TE,MIN,2016,7,7,1,0,false,Knee,false,1,8,0.191,1.750,201616,1,0.902,1.600,0.209,1.307,0.993,1.098,0.209,0.680,0.575,0.523,true,0.914
1395,00-0031585,MyCole Pruitt,TE,HOU,2017,16,17,2,2,true,Calf,true,1,8,0.150,1.780,201803,7,0.817,,1.400,0.267,0.867,0.733,0.667,0.667,0.800,0.933,true,
1396,00-0031585,MyCole Pruitt,TE,TEN,2020,10,12,3,0,false,Knee,false,1,8,0.375,4.700,202013,0,1.160,5.600,1.173,1.387,1.493,0.587,1.120,0.613,1.680,1.440,true,1.191
1397,00-0031585,MyCole Pruitt,TE,TEN,2021,18,18,1,1,true,Unlabeled (IR),true,1,8,0.434,3.200,202205,6,0.524,7.200,0.415,0.646,0.599,0.438,0.692,0.438,1.291,1.291,true,2.250
1398,00-0031585,MyCole Pruitt,TE,PIT,2024,3,6,4,0,false,Knee,false,1,8,0.340,3.900,202407,2,1.154,1.000,1.294,0.676,1.294,1.353,1.059,0.912,0.824,0.676,true,0.256
1399,00-0031588,Stefon Diggs,WR,MIN,2017,6,7,2,0,false,Groin,false,1,8,0.787,15.438,201708,0,1.013,11.025,0.965,1.067,0.863,1.156,0.927,1.206,0.863,1.041,true,0.714
1400,00-0031588,Stefon Diggs,WR,HOU,2024,9,18,9,9,true,Not injury related - resting player,true,1,8,0.826,15.615,202501,,0.632,10.075,0.496,0.629,0.641,0.762,0.605,0.714,0.654,0.617,true,0.645
1401,00-0031590,Jay Ajayi,RB,MIA,2016,1,1,1,0,false,Not Injury Related,false,1,8,0.283,5.313,201602,0,1.611,8.025,1.982,0.956,1.097,2.407,2.442,2.265,2.584,2.655,true,1.511
1402,00-0031590,Jay Ajayi,RB,PHI,2018,3,3,1,0,false,Back,false,1,8,0.365,11.263,201804,0,0.842,4.000,1.397,1.342,0.301,0.329,0.164,,,,true,0.355
1403,00-0031590,Jay Ajayi,RB,PHI,2018,6,17,11,11,true,Unlabeled (IR),true,1,8,0.407,10.762,201912,,0.237,1.000,0.270,0.294,0.147,,,,,,true,0.093
1404,00-0031595,Michael Burton,RB,NO,2020,17,17,1,1,true,Unlabeled (IR),true,1,8,0.214,1.433,202101,,0.339,0.933,0.374,0.468,0.234,0.281,0.094,0.327,0.234,0.655,true,0.651
1405,00-0031595,Michael Burton,RB,KC,2021,7,7,1,0,false,Pectoral,false,1,8,0.101,1.217,202108,1,0.864,,0.494,1.383,0.889,0.691,1.185,0.790,0.790,1.877,true,
1406,00-0031595,Michael Burton,RB,DEN,2025,1,18,17,17,true,Unlabeled (IR),true,1,8,0.139,4.000,202601,,0.865,,0.865,,,,,,,,true,
1407,00-0031598,Nick Boyle,TE,BAL,2020,11,9,15,15,true,Knee,false,2,8,0.669,4.487,202111,,0.411,0.000,0.598,0.179,0.434,0.434,0.344,0.105,0.120,0.209,true,0.000
1408,00-0031598,Nick Boyle,TE,BAL,2021,18,18,1,1,true,Not injury related - resting player,true,1,8,0.466,4.460,202203,,0.204,,0.150,0.172,0.300,0.193,0.515,0.086,0.300,0.043,true,
1409,00-0031609,A.J. Derby,TE,DEN,2016,16,17,2,0,false,Concussion,true,1,8,0.311,4.500,201701,0,1.333,6.350,1.349,1.221,1.317,1.446,2.056,1.606,1.671,1.639,true,1.411
1410,00-0031609,A.J. Derby,TE,DEN,2017,11,12,2,1,false,Shoulder,false,1,8,0.479,6.275,201716,2,1.112,4.300,1.044,0.668,1.546,1.191,0.668,0.919,,,true,0.685
1411,00-0031609,A.J. Derby,TE,MIA,2018,4,5,2,0,false,Foot,false,1,8,0.485,5.271,201810,,0.907,2.300,0.907,,,,,,,,true,0.436
1412,00-0031609,A.J. Derby,TE,MIA,2018,14,17,4,4,true,Foot,true,1,8,0.463,4.129,,,,,,,,,,,,,false,
1414,00-0031610,Darren Waller,TE,LV,2021,14,17,3,1,false,Knee,false,2,8,0.895,12.188,202118,0,0.810,9.575,0.872,0.939,0.615,0.816,0.894,0.145,0.547,0.447,true,0.786
1415,00-0031610,Darren Waller,TE,LV,2022,7,14,6,5,false,Hamstring,false,2,8,0.724,9.250,202215,5,0.736,11.325,0.677,0.553,0.788,0.926,0.746,1.244,1.133,1.271,true,1.224
1416,00-0031610,Darren Waller,TE,NYG,2023,9,14,5,5,true,Hamstring,false,1,8,0.814,10.562,202315,,0.682,8.200,0.516,0.774,0.811,0.627,0.344,0.713,0.811,0.344,true,0.776
1417,00-0031610,Darren Waller,TE,MIA,2025,1,3,3,0,false,Hip,false,1,8,0.690,9.812,202504,,0.652,11.425,0.406,0.841,0.957,0.406,0.681,0.536,0.783,0.710,true,1.164
1418,00-0031610,Darren Waller,TE,MIA,2025,8,11,4,4,true,Hip,false,1,8,0.496,9.988,202513,2,0.942,10.500,0.947,0.746,1.088,0.987,0.766,0.705,,,true,1.051
1419,00-0031610,Darren Waller,TE,MIA,2025,18,18,1,1,true,Not injury related - resting player,true,1,8,0.459,10.963,202601,,0.763,4.800,0.763,,,,,,,,true,0.438
1421,00-0031665,Zach Zenner,RB,DET,2018,1,1,1,1,true,Unlabeled (IR),false,1,8,0.227,4.229,201810,4,0.198,1.400,0.132,0.220,0.264,0.176,1.187,2.022,1.582,2.242,true,0.331
1422,00-0031682,Terron Ward,RB,ATL,2017,3,4,2,0,false,Neck,false,1,8,0.191,2.587,201710,0,1.477,3.825,1.359,1.516,1.621,1.412,,,,,true,1.478
1423,00-0031684,Shane Wynn,WR,JAX,2017,1,17,16,16,true,Unlabeled (IR),true,1,4,0.080,1.700,,,,,,,,,,,,,false,
1424,00-0031687,Raheem Mostert,RB,SF,2017,13,17,5,5,true,Shoulder,true,1,7,0.040,0.229,201801,3,1.312,0.567,0.500,1.000,0.500,3.250,10.000,9.750,4.500,6.250,true,2.479
1425,00-0031687,Raheem Mostert,RB,SF,2018,10,17,7,7,true,Ankle,true,1,8,0.149,3.429,201901,0,2.319,9.600,2.017,3.092,2.017,2.151,0.605,1.479,0.202,1.479,true,2.800
1426,00-0031687,Raheem Mostert,RB,SF,2020,3,4,2,0,false,Knee,false,1,8,0.539,17.037,202005,0,0.835,10.025,0.891,0.891,0.742,0.817,0.910,0.557,0.130,0.780,true,0.588
1427,00-0031687,Raheem Mostert,RB,SF,2020,7,10,4,4,true,Ankle,false,1,8,0.529,18.938,202012,6,0.771,7.850,0.757,0.832,0.927,0.567,0.132,0.794,1.040,1.059,true,0.415
1428,00-0031687,Raheem Mostert,RB,SF,2020,16,17,2,2,true,Ankle,true,1,8,0.455,14.150,202101,1,0.879,4.550,0.154,0.923,1.209,1.231,1.582,1.516,1.363,1.560,true,0.322
1429,00-0031687,Raheem Mostert,RB,SF,2021,2,18,16,16,true,Unlabeled (IR),true,1,8,0.425,12.462,202201,0,1.324,6.575,0.988,1.294,1.318,1.694,1.624,1.459,1.671,1.529,true,0.528
1430,00-0031687,Raheem Mostert,RB,MIA,2024,2,2,1,0,false,Chest,false,1,8,0.545,15.275,202405,,0.725,9.900,1.028,0.606,0.844,0.422,0.275,0.275,0.569,0.642,true,0.648
1431,00-0031690,Eric Tomlinson,TE,NYJ,2017,2,3,2,0,false,Elbow,false,1,7,0.296,0.000,201704,0,1.572,2.000,1.386,1.285,1.556,2.063,1.488,2.266,0.981,1.353,true,
1432,00-0031690,Eric Tomlinson,TE,NYJ,2018,17,17,1,1,true,Achilles,true,1,8,0.310,0.600,201901,3,0.460,0.550,0.097,0.194,0.065,1.484,1.419,0.806,0.968,0.258,true,0.917
1433,00-0031697,Jordan Taylor,WR,DEN,2018,1,17,16,16,true,Unlabeled (IR),true,1,8,0.347,1.838,,,,,,,,,,,,,false,
1436,00-0031731,Corey Grant,RB,JAX,2018,6,17,11,11,true,Unlabeled (IR),true,1,8,0.170,5.457,,,,,,,,,,,,,false,
1438,00-0031744,Matt LaCosse,TE,NE,2019,7,9,3,0,false,Knee,false,1,8,0.685,5.543,201911,2,0.799,2.650,0.409,0.730,0.891,1.168,1.095,0.920,0.905,0.190,true,0.478
1439,00-0031744,Matt LaCosse,TE,NE,2020,8,17,10,10,true,Unlabeled (IR),true,1,8,0.587,3.829,202110,,0.221,,0.221,,,,,,,,true,
1441,00-0031757,Lucky Whitehead,WR,NYJ,2017,1,1,1,1,true,Unlabeled (IR),false,1,8,0.113,0.388,,,,,,,,,,,,,false,
1442,00-0031763,DeAndre Carter,WR,CHI,2020,14,15,2,2,true,Unlabeled (IR),false,1,8,0.302,2.813,202016,,0.215,0.050,0.364,0.099,0.132,0.264,0.298,0.529,2.314,0.661,true,0.018
1443,00-0031763,DeAndre Carter,WR,CHI,2024,15,18,17,17,true,Unlabeled (IR),true,2,8,0.224,2.025,,,,,,,,,,,,,false,
1445,00-0031782,Eli Rogers,WR,PIT,2018,2,14,12,12,true,Unlabeled (IR),false,1,8,0.419,3.486,201815,0,1.258,7.167,1.051,1.218,1.504,,,,,,true,2.056
1447,00-0031787,Jake Kumerow,WR,BUF,2021,10,10,1,1,true,Unlabeled (IR),false,1,8,0.104,2.300,202112,3,0.771,0.000,0.771,0.193,0.578,1.542,1.928,1.639,1.157,2.313,true,0.000
1448,00-0031787,Jake Kumerow,WR,BUF,2022,4,6,3,0,false,Ankle,false,1,8,0.219,2.360,202208,,0.472,0.000,0.549,0.366,0.503,,,,,,true,0.000
1449,00-0031787,Jake Kumerow,WR,BUF,2022,11,18,7,7,true,Ankle,true,1,8,0.220,2.171,,,,,,,,,,,,,false,
1450,00-0031788,Matt Lengel,TE,NE,2017,1,3,3,3,true,Unlabeled (IR),false,1,5,0.172,8.800,201716,7,0.436,0.700,0.116,0.116,0.523,0.988,0.698,0.640,0.814,1.279,true,0.080
1452,00-0031800,Taylor Heinicke,QB,CAR,2018,17,17,1,1,true,Unlabeled (IR),true,1,6,0.050,0.448,202016,0,15.300,15.920,7.000,14.200,20.000,20.000,20.000,20.000,20.000,20.000,true,35.536
1453,00-0031800,Taylor Heinicke,QB,WAS,2021,15,15,1,1,true,right Elbow,false,1,8,1.000,14.520,202116,1,0.930,8.390,0.720,1.000,1.000,1.000,1.000,1.000,1.000,1.000,true,0.578
1455,00-0031806,Malcolm Brown,RB,LA,2017,10,12,3,0,false,Knee,false,1,8,0.156,3.875,201714,5,1.600,3.875,0.384,1.536,0.448,4.032,0.384,2.048,1.088,0.256,true,1.000
1456,00-0031806,Malcolm Brown,RB,LA,2018,14,17,4,3,false,Shoulder,true,1,8,0.170,3.957,201901,0,1.721,6.275,1.647,2.176,1.588,1.471,0.235,3.941,0.941,1.118,true,1.586
1457,00-0031806,Malcolm Brown,RB,LA,2019,8,8,1,0,false,Ankle,false,1,8,0.194,3.713,201910,3,0.800,2.875,0.826,0.981,0.206,1.187,1.084,0.206,1.032,1.652,true,0.774
1458,00-0031806,Malcolm Brown,RB,MIA,2021,8,18,10,10,true,Ribs,true,1,8,0.357,3.986,202204,,0.434,2.400,0.084,0.336,0.699,0.615,0.783,0.783,0.448,0.308,true,0.602
1459,00-0031806,Malcolm Brown,RB,LA,2022,10,10,1,0,false,Hamstring,false,1,8,0.226,2.900,202214,,0.785,3.775,1.238,0.707,0.486,0.707,,,,,true,1.302
1461,00-0031818,Bradley Marquez,WR,LA,2016,16,9,10,10,true,Knee,false,2,8,0.103,0.671,201801,,0.976,,0.976,,,,,,,,true,
1466,00-0031868,Damiere Byrd,WR,CAR,2017,5,12,7,7,true,Unlabeled (IR),false,1,4,0.248,0.650,201713,0,1.980,9.625,1.616,2.384,2.667,1.253,0.727,0.121,0.566,0.606,true,14.808
1467,00-0031868,Damiere Byrd,WR,CAR,2017,17,2,2,1,true,Knee,false,2,8,0.338,4.025,201805,7,0.370,0.450,0.533,0.089,0.415,0.444,0.207,0.296,0.059,2.607,true,0.112
1468,00-0031868,Damiere Byrd,WR,CAR,2018,6,6,1,0,false,Ankle,false,1,8,0.356,4.963,201807,6,0.274,0.600,0.084,0.393,0.421,0.196,0.281,0.056,2.470,2.611,true,0.121
1469,00-0031868,Damiere Byrd,WR,CAR,2018,13,17,5,5,true,Unlabeled (IR),true,1,8,0.205,4.200,201901,0,3.646,7.400,4.293,4.537,4.683,1.073,3.951,4.293,1.805,2.098,true,1.762
1470,00-0031868,Damiere Byrd,WR,ARI,2019,4,4,1,0,false,Hamstring,false,1,8,0.290,2.929,201906,1,1.966,3.300,0.759,2.793,3.034,1.276,1.483,1.172,1.241,2.483,true,1.127
1473,00-0031897,Thomas Rawls,RB,SEA,2016,4,10,6,0,false,Fibula,false,1,8,0.351,12.012,201611,0,1.609,12.200,1.708,1.680,1.566,1.480,2.648,1.224,0.883,0.569,true,1.016
1474,00-0031897,Thomas Rawls,RB,SEA,2016,15,15,1,1,true,Unlabeled (IR),false,1,8,0.456,11.350,201616,6,0.521,2.867,0.942,0.679,0.438,0.022,1.030,0.833,1.293,1.118,true,0.253
1475,00-0031900,Rod Smith,RB,NYG,2019,1,1,1,1,true,Unlabeled (IR),false,1,8,0.105,1.962,201917,,0.095,0.000,0.095,,,,,,,,true,0.000
1476,00-0031912,Cameron Meredith,WR,CHI,2017,1,17,16,16,true,Unlabeled (IR),true,1,8,0.865,13.125,201803,,0.416,8.133,0.497,0.358,0.520,0.289,0.197,0.208,,,true,0.620
1477,00-0031912,Cameron Meredith,WR,NO,2018,10,4,12,12,true,Knee,false,2,8,0.519,14.413,,,,,,,,,,,,,false,
1480,00-0031934,Devin Smith,WR,NYJ,2017,1,17,16,16,true,Unlabeled (IR),true,1,8,0.307,3.500,201901,2,1.675,7.433,0.293,0.846,2.992,2.569,0.390,,,,true,2.124
1481,00-0031939,Matt Jones,RB,WAS,2016,8,8,1,0,false,Knee,false,1,8,0.511,11.225,201703,,0.147,0.700,0.156,0.137,,,,,,,true,0.062
1482,00-0031939,Matt Jones,RB,IND,2017,9,9,1,0,false,Ankle,false,1,8,0.423,9.450,,,,,,,,,,,,,false,
1483,00-0031941,Jamison Crowder,WR,WAS,2018,7,11,4,0,false,Ankle,false,2,8,0.703,10.138,201813,0,1.068,11.300,0.911,1.238,0.883,1.238,1.324,1.281,1.395,1.281,true,1.115
1484,00-0031941,Jamison Crowder,WR,NYJ,2020,2,3,2,0,false,Hamstring,false,1,8,0.764,13.475,202004,0,1.031,16.350,1.100,0.982,1.165,0.877,1.218,1.047,0.890,0.943,true,1.213
1485,00-0031941,Jamison Crowder,WR,NYJ,2021,1,1,1,1,true,Unlabeled (IR),false,1,8,0.794,12.177,202104,4,0.831,12.825,0.781,0.769,1.008,0.769,0.995,1.046,0.857,0.617,true,1.053
1486,00-0031941,Jamison Crowder,WR,BUF,2022,5,18,12,12,true,Ankle,true,1,8,0.538,4.812,202303,,0.428,10.967,0.037,0.205,0.595,0.874,0.186,0.558,0.260,0.167,true,2.279
1487,00-0031941,Jamison Crowder,WR,WAS,2024,4,13,10,9,false,Calf,false,1,8,0.131,0.812,202415,0,2.819,6.675,2.057,3.505,3.124,2.590,,,,,true,8.215
1489,00-0031951,James O'Shaughnessy,TE,JAX,2018,7,8,2,0,false,Hip,false,1,8,0.341,3.825,201810,0,2.183,3.725,2.022,2.374,2.374,1.963,2.227,2.315,1.846,2.168,true,0.974
1490,00-0031951,James O'Shaughnessy,TE,JAX,2019,6,17,11,11,true,Unlabeled (IR),true,1,8,0.701,5.500,202001,5,0.635,4.625,0.570,0.656,0.585,0.727,0.627,1.070,0.998,0.684,true,0.841
1491,00-0031951,James O'Shaughnessy,TE,JAX,2020,11,11,1,0,false,Knee,false,1,8,0.519,3.950,202012,4,0.790,4.200,0.713,0.887,0.733,0.829,0.906,0.925,1.542,0.096,true,1.063
1492,00-0031951,James O'Shaughnessy,TE,JAX,2021,3,11,8,8,true,Unlabeled (IR),false,1,8,0.473,4.175,202112,0,1.497,6.825,1.714,1.397,1.545,1.333,1.228,,,,true,1.635
1493,00-0031951,James O'Shaughnessy,TE,JAX,2021,17,18,2,0,false,Hip,true,1,8,0.579,5.912,,,,,,,,,,,,,false,
1494,00-0031953,Geremy Davis,WR,LAC,2019,13,17,5,5,true,Hamstring,true,1,8,0.185,1.133,,,,,,,,,,,,,false,
1497,00-0031959,Marcus Murphy,RB,BUF,2018,16,17,2,2,true,Unlabeled (IR),true,1,8,0.226,3.713,,,,,,,,,,,,,false,
1501,00-0032008,Donteea Dye,WR,TB,2016,16,17,2,2,true,Unlabeled (IR),true,1,8,0.708,3.775,,,,,,,,,,,,,false,
1502,00-0032009,Adam Humphries,WR,TB,2016,14,14,1,0,false,Concussion,false,1,8,0.610,6.975,201615,0,0.967,9.575,1.098,0.852,0.967,0.951,1.213,1.098,1.180,1.131,true,1.373
1503,00-0032009,Adam Humphries,WR,TEN,2019,14,17,4,0,false,Ankle,true,1,8,0.504,7.425,202001,0,1.072,13.250,1.072,1.092,1.032,1.092,1.072,0.377,0.715,1.191,true,1.785
1504,00-0032009,Adam Humphries,WR,TEN,2020,9,12,4,0,false,Concussion,false,1,8,0.495,9.812,202013,1,1.157,4.500,0.727,1.212,1.414,1.273,1.354,1.232,1.071,1.394,true,0.459
1505,00-0032009,Adam Humphries,WR,TEN,2020,14,17,4,4,true,Concussion,true,1,8,0.439,8.650,202101,0,1.481,4.750,1.368,1.595,1.436,1.527,1.390,1.208,1.573,1.436,true,0.549
1507,00-0032054,Breshad Perriman,WR,BAL,2017,7,7,1,0,false,Concussion,false,1,8,0.519,2.875,201708,0,0.882,1.925,1.446,0.887,0.463,0.733,0.790,0.308,0.270,0.675,true,0.670
1508,00-0032054,Breshad Perriman,WR,TB,2019,5,6,2,0,false,Hamstring,false,1,8,0.481,6.788,201908,0,1.314,5.225,1.455,1.288,1.392,1.122,0.810,1.205,1.725,1.849,true,0.770
1509,00-0032054,Breshad Perriman,WR,NYJ,2020,3,4,2,0,false,Ankle,false,1,8,0.764,14.875,202006,0,1.244,13.850,1.165,1.244,1.283,1.283,1.283,1.244,1.309,1.270,true,0.931
1510,00-0032054,Breshad Perriman,WR,NYJ,2020,8,8,1,0,false,Concussion,false,1,8,0.797,15.500,202009,0,1.219,13.900,1.229,1.229,1.229,1.191,1.254,1.216,1.254,1.116,true,0.897
1511,00-0032054,Breshad Perriman,WR,TB,2021,15,16,2,2,true,Unlabeled (IR),false,1,8,0.740,4.143,202117,3,0.655,7.075,0.203,0.838,0.568,1.014,0.973,0.041,0.203,0.095,true,1.708
1512,00-0032055,Devin Funchess,TE,CAR,2016,17,17,1,1,true,Knee,true,1,8,0.471,6.500,201701,0,1.735,12.650,1.422,1.761,1.804,1.952,1.316,1.782,1.655,1.401,true,1.946
1513,00-0032055,Devin Funchess,TE,IND,2019,2,17,25,25,true,Back,true,2,8,0.555,4.813,,,,,,,,,,,,,false,
1515,00-0032058,Tevin Coleman,RB,ATL,2015,16,17,2,0,false,Concussion,true,1,8,0.260,2.850,201601,0,1.740,17.000,1.885,1.808,1.615,1.654,1.500,1.769,0.846,1.769,true,5.965
1516,00-0032058,Tevin Coleman,RB,ATL,2016,8,10,3,0,false,Hamstring,false,1,8,0.371,12.600,201612,0,1.158,10.575,1.239,1.185,0.970,1.239,0.997,1.077,1.104,1.024,true,0.839
1517,00-0032058,Tevin Coleman,RB,ATL,2017,15,15,1,0,false,Concussion,false,1,8,0.480,11.400,201716,1,1.078,12.225,0.750,1.188,1.062,1.312,1.625,1.188,0.792,1.188,true,1.072
1518,00-0032058,Tevin Coleman,RB,SF,2019,2,3,2,0,false,Ankle,false,1,8,0.531,9.662,201905,1,0.955,18.925,0.621,1.054,1.242,0.904,0.998,0.922,0.960,1.129,true,1.959
1519,00-0032058,Tevin Coleman,RB,SF,2020,3,7,5,5,true,Knee,false,1,8,0.321,4.838,202008,,0.195,0.667,0.280,0.218,0.062,0.218,0.405,0.093,0.809,0.311,true,0.138
1520,00-0032058,Tevin Coleman,RB,SF,2020,9,12,3,0,false,Knee,false,1,8,0.319,4.438,202013,,0.227,0.433,0.220,0.063,0.220,0.408,0.094,0.816,0.314,0.565,true,0.098
1521,00-0032058,Tevin Coleman,RB,NYJ,2021,3,3,1,0,false,Illness,false,1,8,0.145,1.950,202104,2,1.414,3.575,1.241,0.621,1.517,2.276,3.103,2.690,2.552,2.276,true,1.833
1522,00-0032058,Tevin Coleman,RB,NYJ,2021,8,9,2,0,false,Hamstring,false,1,8,0.108,1.867,202110,0,3.233,6.950,2.047,3.070,4.186,3.628,3.442,3.070,2.047,0.186,true,3.723
1523,00-0032058,Tevin Coleman,RB,NYJ,2021,14,14,1,0,false,Concussion,false,1,8,0.208,4.014,202115,0,1.133,4.233,1.783,1.590,1.060,0.096,1.349,0.964,,,true,1.055
1524,00-0032058,Tevin Coleman,RB,NYJ,2021,17,17,1,1,true,Unlabeled (IR),false,1,8,0.266,5.175,202118,,0.676,7.533,0.826,0.075,1.052,0.751,,,,,true,1.456
1525,00-0032062,Blake Bell,TE,SF,2016,16,17,2,2,true,Unlabeled (IR),true,1,8,0.115,1.080,201701,2,0.891,1.100,0.261,0.261,1.217,1.826,0.348,1.391,1.565,1.217,true,1.019
1526,00-0032062,Blake Bell,TE,MIN,2017,15,17,3,3,true,Shoulder,true,1,8,0.155,,201807,0,2.484,2.333,2.065,3.226,2.323,2.323,1.484,2.000,2.065,2.387,true,
1527,00-0032062,Blake Bell,TE,KC,2019,11,11,1,0,false,Ankle,false,1,8,0.405,0.329,201913,2,0.944,2.400,1.284,0.469,1.086,0.938,0.963,0.272,0.988,0.815,true,7.304
1528,00-0032062,Blake Bell,TE,KC,2021,6,6,1,0,false,Back,false,1,8,0.316,2.017,202107,1,0.870,0.100,0.253,0.949,1.265,1.012,1.075,0.791,1.043,0.696,true,0.050
1529,00-0032062,Blake Bell,TE,KC,2022,1,15,14,14,true,Unlabeled (IR),false,1,8,0.326,1.867,202216,2,0.728,6.400,0.337,0.398,0.950,1.226,0.674,0.889,0.705,0.920,true,3.429
1530,00-0032063,Mike Davis,RB,SF,2015,9,9,1,0,false,Hand,false,1,4,0.270,1.967,201517,4,0.472,2.350,1.222,0.148,0.222,0.296,1.444,1.111,0.481,0.815,true,1.195
1531,00-0032068,Malcolm Johnson,RB,GB,2019,1,17,16,16,true,Unlabeled (IR),true,1,8,0.156,0.933,,,,,,,,,,,,,false,
1533,00-0032104,Ameer Abdullah,RB,DET,2016,3,17,14,14,true,Unlabeled (IR),true,1,8,0.380,10.000,201701,0,1.211,11.800,1.289,1.237,1.079,1.237,0.947,1.211,1.184,1.289,true,1.180
1534,00-0032104,Ameer Abdullah,RB,LV,2024,18,18,1,0,false,Foot,true,1,8,0.490,10.387,202505,,0.204,3.675,0.163,0.102,0.163,0.388,0.122,0.122,0.163,0.041,true,0.354
1536,00-0032112,J.J. Nelson,WR,OAK,2019,2,2,1,0,false,Ankle,false,1,8,0.323,2.020,201903,,2.419,13.600,2.419,,,,,,,,true,6.733
1537,00-0032112,J.J. Nelson,WR,IND,2021,1,8,8,8,true,Unlabeled (IR),false,1,8,0.304,1.650,,,,,,,,,,,,,false,
1538,00-0032115,Kaelin Clay,WR,BAL,2016,1,10,9,9,true,Unlabeled (IR),false,1,4,0.033,1.500,201702,0,8.692,0.950,2.769,7.077,6.769,18.154,2.769,3.692,9.231,21.231,true,0.633
1539,00-0032115,Kaelin Clay,WR,NYG,2018,4,4,1,1,true,Ankle,false,1,8,0.253,2.138,,,,,,,,,,,,,false,
1540,00-0032117,Nick O'Leary,TE,LV,2020,8,17,10,10,true,Unlabeled (IR),true,1,8,0.440,4.233,,,,,,,,,,,,,false,
1541,00-0032120,Neal Sterling,TE,JAX,2016,16,16,1,0,false,Concussion,false,1,6,0.350,4.120,201702,,0.307,0.600,0.343,0.314,0.371,0.200,0.171,0.229,0.457,0.400,true,0.146
1542,00-0032120,Neal Sterling,TE,NYJ,2018,3,5,3,0,false,Concussion,false,1,8,0.236,3.620,201806,0,1.637,1.667,2.159,1.905,0.847,,,,,,true,0.460
1543,00-0032120,Neal Sterling,TE,NYJ,2018,9,17,8,7,false,Concussion,true,1,8,0.349,3.567,,,,,,,,,,,,,false,
1544,00-0032128,Chris Conley,WR,KC,2017,6,17,11,11,true,Achilles,true,1,8,0.794,5.737,201801,,0.891,6.200,0.781,0.781,0.819,1.184,0.769,0.882,0.831,0.655,true,1.081
1545,00-0032128,Chris Conley,WR,JAX,2020,12,12,1,0,false,Hip,false,1,8,0.491,7.787,202013,3,0.575,5.067,0.224,0.265,0.814,0.997,1.628,1.038,1.832,1.812,true,0.651
1546,00-0032128,Chris Conley,WR,SF,2024,10,10,1,0,false,Hamstring,false,1,8,0.336,2.260,202411,,0.327,0.000,0.149,0.238,0.178,0.743,0.178,0.178,0.178,1.487,true,0.000
1547,00-0032134,C.J. Uzomah,TE,CIN,2016,14,14,1,0,false,Calf,false,1,8,0.546,5.186,201616,0,1.121,5.050,1.776,1.593,0.513,0.604,0.476,0.458,0.330,0.513,true,0.974
1548,00-0032134,C.J. Uzomah,TE,CIN,2017,1,1,1,0,false,Ankle,false,1,8,0.552,6.033,201703,,0.507,1.725,0.507,0.597,0.471,0.452,0.326,0.507,0.290,0.597,true,0.286
1549,00-0032134,C.J. Uzomah,TE,CIN,2020,3,17,14,14,true,Unlabeled (IR),true,1,8,0.661,6.438,202101,0,1.134,8.600,1.119,1.104,1.059,1.255,1.270,1.043,1.255,1.285,true,1.336
1550,00-0032134,C.J. Uzomah,TE,NYJ,2023,14,18,5,5,true,Unlabeled (IR),true,1,8,0.314,2.557,202411,4,0.685,0.000,0.127,0.701,1.147,0.765,1.052,1.307,1.116,,true,0.000
1551,00-0032134,C.J. Uzomah,TE,PHI,2024,18,18,1,1,true,Unlabeled (IR),true,1,8,0.210,0.000,,,,,,,,,,,,,false,
1552,00-0032135,Jesse James,TE,CHI,2021,5,5,1,0,false,Not injury related - personal matter,false,1,8,0.289,2.240,202106,1,1.264,8.900,0.623,1.351,1.870,1.212,1.108,1.143,1.143,0.831,true,3.973
1553,00-0032135,Jesse James,TE,CHI,2021,15,16,2,2,true,Unlabeled (IR),false,1,8,0.325,5.933,202117,0,0.746,1.400,1.292,0.923,0.185,0.585,,,,,true,0.236
1554,00-0032135,Jesse James,TE,CLE,2022,3,18,15,15,true,Biceps,true,1,8,0.294,0.700,,,,,,,,,,,,,false,
1556,00-0032141,Geoff Swaim,TE,DAL,2016,11,17,7,7,true,Unlabeled (IR),true,1,8,0.354,1.843,201701,,0.318,0.000,0.339,0.424,0.170,0.339,0.820,0.707,0.424,0.452,true,0.000
1557,00-0032141,Geoff Swaim,TE,DAL,2018,12,17,6,2,false,Wrist,true,1,8,0.885,6.225,201901,,0.537,4.150,0.565,0.599,0.441,0.542,0.588,0.599,0.475,0.734,true,0.667
1558,00-0032141,Geoff Swaim,TE,JAX,2019,7,17,10,9,false,Concussion,true,1,8,0.604,4.275,202005,3,0.745,1.000,0.696,1.077,0.298,0.911,1.043,1.060,0.878,0.795,true,0.234
1559,00-0032141,Geoff Swaim,TE,TEN,2021,11,11,1,0,false,Concussion,false,1,8,0.630,4.688,202112,0,1.135,3.700,1.159,1.206,1.175,1.000,1.429,1.127,1.095,0.762,true,0.789
1560,00-0032141,Geoff Swaim,TE,ARI,2023,16,18,3,3,true,Back,true,1,8,0.384,2.320,202403,1,0.808,0.000,0.417,1.068,0.886,0.860,0.651,0.834,0.391,0.365,true,0.000
1561,00-0032141,Geoff Swaim,TE,CLE,2024,12,18,7,6,false,Concussion,true,1,8,0.270,1.325,,,,,,,,,,,,,false,
1563,00-0032144,Melvin Gordon,RB,SD,2016,15,17,3,0,false,Hip,true,1,8,0.860,21.212,201701,0,0.808,14.375,0.884,0.965,0.523,0.860,0.965,1.035,0.802,0.686,true,0.678
1564,00-0032144,Melvin Gordon,RB,LAC,2018,13,14,2,0,false,Knee,false,1,8,0.746,25.413,201816,,0.760,9.900,0.898,0.724,0.616,0.804,0.697,0.750,0.844,0.844,true,0.390
1565,00-0032152,Karlos Williams,RB,BUF,2015,5,7,3,0,false,Concussion,false,1,3,0.287,13.400,201509,,0.863,9.150,1.326,0.698,1.186,0.244,0.663,2.128,0.698,,true,0.683
1566,00-0032152,Karlos Williams,RB,BUF,2015,13,14,2,0,false,Shoulder,false,1,7,0.363,13.186,201515,,0.919,10.500,0.524,1.681,0.551,,,,,,true,0.796
1567,00-0032156,Trevor Siemian,QB,DEN,2016,13,13,1,0,false,Foot,false,1,8,0.911,13.438,201614,0,1.097,11.525,1.097,1.097,1.097,1.097,1.097,1.097,1.097,1.097,true,0.858
1568,00-0032156,Trevor Siemian,QB,DEN,2017,16,17,2,2,true,Low Back,true,1,8,0.919,10.015,201902,2,0.792,11.640,0.305,0.805,1.045,1.012,1.088,1.088,0.697,0.044,true,1.162
1569,00-0032156,Trevor Siemian,QB,NYJ,2019,3,17,14,14,true,Unlabeled (IR),true,1,8,0.823,9.155,202108,0,1.103,17.650,0.900,1.167,1.131,1.216,1.216,0.778,0.049,1.216,true,1.928
1570,00-0032156,Trevor Siemian,QB,NO,2021,16,16,1,1,true,Unlabeled (IR),false,1,8,0.768,11.038,202118,5,0.658,5.585,0.834,0.052,1.303,0.443,0.808,1.303,1.303,1.303,true,0.506
1571,00-0032156,Trevor Siemian,QB,CHI,2022,13,18,5,5,true,Oblique,true,1,8,0.699,11.310,202313,1,1.059,6.015,0.487,0.887,1.431,1.431,1.431,,,,true,0.532
1572,00-0032160,Tyrell Williams,WR,OAK,2019,7,7,1,0,false,Foot,false,1,8,0.872,9.550,201908,0,0.940,10.900,1.020,0.928,0.963,0.848,0.871,1.032,0.940,1.100,true,1.141
1573,00-0032160,Tyrell Williams,WR,LV,2020,1,17,16,16,true,Unlabeled (IR),true,1,8,0.837,7.800,202101,,0.501,3.400,0.501,,,,,,,,true,0.436
1574,00-0032160,Tyrell Williams,WR,DET,2021,2,8,7,6,false,Concussion,false,1,8,0.772,7.800,,,,,,,,,,,,,false,
1575,00-0032166,Sammie Coates,WR,CLE,2017,12,13,2,0,false,Knee,false,1,8,0.158,1.186,201715,,0.587,0.600,0.635,0.444,0.762,0.508,2.095,0.127,0.127,0.063,true,0.506
1576,00-0032170,Rashad Greene,WR,JAX,2016,13,17,21,21,true,Achilles,true,2,8,0.188,1.475,201807,0,0.987,0.950,1.387,0.907,0.587,1.067,1.493,0.907,1.013,1.440,true,0.644
1578,00-0032187,David Johnson,RB,ARI,2017,2,17,15,15,true,Unlabeled (IR),true,1,8,0.837,26.950,201801,1,0.967,14.525,0.812,0.931,1.027,1.099,1.122,1.134,0.872,0.955,true,0.539
1579,00-0032187,David Johnson,RB,HOU,2020,10,12,3,3,true,Concussion,false,1,8,0.729,11.875,202013,1,1.139,21.150,0.796,1.098,1.317,1.345,0.384,0.590,0.521,0.782,true,1.781
1580,00-0032187,David Johnson,RB,HOU,2020,14,14,1,1,true,Not Injury Related,false,1,8,0.715,11.863,202015,0,1.056,21.500,1.119,1.343,1.371,0.392,0.601,0.531,0.797,0.741,true,1.812
1581,00-0032187,David Johnson,RB,HOU,2021,14,14,1,1,true,Illness,false,1,8,0.454,5.625,202115,,0.556,2.800,0.441,0.661,0.397,0.727,0.617,0.264,0.264,,true,0.498
1582,00-0032187,David Johnson,RB,HOU,2021,17,17,1,1,true,Quadricep,false,1,8,0.455,6.425,202118,,0.599,2.725,0.659,0.396,0.725,0.615,0.264,0.264,,,true,0.424
1583,00-0032188,Vince Mayle,WR,LAC,2019,1,1,1,1,true,Unlabeled (IR),false,1,8,0.059,0.886,,,,,,,,,,,,,false,
1585,00-0032200,Ty Montgomery,WR,GB,2017,11,17,6,5,false,Ribs,true,2,8,0.512,10.738,201801,,0.620,7.925,0.741,0.663,0.566,0.507,0.702,0.722,0.234,0.215,true,0.738
1586,00-0032200,Ty Montgomery,WR,NO,2020,3,8,4,4,true,Hamstring,false,2,8,0.154,2.338,202011,1,1.935,4.400,0.195,1.366,4.488,1.691,2.081,1.366,3.252,2.927,true,1.882
1587,00-0032200,Ty Montgomery,WR,NO,2020,12,13,2,0,false,Hamstring,false,1,8,0.140,2.763,202016,0,2.643,3.625,1.500,4.929,1.857,2.286,1.500,3.571,3.214,1.143,true,1.312
1588,00-0032200,Ty Montgomery,WR,NO,2021,9,9,1,0,false,Hamstring,false,1,8,0.350,2.850,202110,1,1.029,4.175,0.257,1.457,1.457,0.943,1.314,0.400,1.200,1.057,true,1.465
1589,00-0032200,Ty Montgomery,WR,NO,2021,11,11,1,0,false,Hand,false,1,8,0.378,3.025,202112,0,1.199,4.125,1.351,1.351,0.874,1.219,0.371,1.113,0.980,0.238,true,1.364
1590,00-0032200,Ty Montgomery,WR,NO,2021,14,14,1,1,true,Unlabeled (IR),false,1,8,0.334,2.587,202115,0,1.011,0.175,0.989,1.378,0.419,1.258,1.109,0.270,0.120,0.060,true,0.068
1591,00-0032200,Ty Montgomery,WR,NE,2022,2,18,16,16,true,Knee,true,1,8,0.361,2.350,202301,,0.298,1.700,0.249,0.111,0.055,0.775,0.138,0.055,0.028,0.083,true,0.723
1592,00-0032208,Phillip Dorsett,WR,IND,2015,8,13,5,0,false,Ankle,false,1,6,0.243,5.383,201514,2,1.551,3.525,1.438,0.781,0.986,3.000,3.000,3.452,3.534,3.740,true,0.655
1593,00-0032208,Phillip Dorsett,WR,IND,2016,7,7,1,0,false,Foot,false,1,8,0.680,6.938,201608,0,1.026,6.300,1.250,0.912,0.838,1.103,0.809,1.176,1.191,1.015,true,0.908
1594,00-0032208,Phillip Dorsett,WR,NE,2019,6,6,1,0,false,Hamstring,false,1,8,0.490,12.017,201907,0,1.653,9.125,1.796,1.857,2.020,0.939,1.449,0.980,0.286,0.143,true,0.759
1595,00-0032208,Phillip Dorsett,WR,SEA,2020,3,17,14,14,true,Foot,true,1,8,0.580,6.667,202103,,0.332,1.067,0.172,0.138,0.190,0.828,0.431,0.586,0.103,0.379,true,0.160
1596,00-0032208,Phillip Dorsett,WR,HOU,2021,17,18,2,2,true,Unlabeled (IR),true,1,8,0.180,3.100,202201,1,0.917,0.625,0.333,1.222,1.056,1.056,3.000,4.611,4.278,2.444,true,0.202
1597,00-0032208,Phillip Dorsett,WR,HOU,2022,18,18,1,0,false,Hamstring,true,1,8,0.607,3.838,202301,,0.412,0.000,0.148,0.675,,,,,,,true,0.000
1598,00-0032209,T.J. Yeldon,RB,JAX,2015,17,17,1,0,false,Knee,true,1,8,0.829,15.175,201601,,0.845,12.300,1.062,0.808,0.603,0.905,0.748,0.688,0.688,0.676,true,0.811
1599,00-0032209,T.J. Yeldon,RB,JAX,2016,17,17,1,1,true,Unlabeled (IR),true,1,8,0.542,10.075,201707,,0.650,10.225,0.627,0.811,0.682,0.479,0.995,0.147,0.111,0.737,true,1.015
1600,00-0032209,T.J. Yeldon,RB,BUF,2020,9,17,2,1,false,Back,true,2,8,0.295,5.250,,,,,,,,,,,,,false,
1601,00-0032211,Tyler Lockett,WR,SEA,2016,17,17,1,1,true,Unlabeled (IR),true,1,8,0.625,11.075,201701,1,1.164,8.075,0.848,1.184,1.440,1.184,0.896,0.848,0.912,1.056,true,0.729
1602,00-0032211,Tyler Lockett,WR,SEA,2021,15,15,1,1,true,Unlabeled (IR),false,1,8,0.886,12.225,202116,0,0.951,12.725,0.970,0.937,0.993,0.903,1.038,0.925,0.880,1.083,true,1.041
1603,00-0032211,Tyler Lockett,WR,SEA,2022,16,16,1,0,false,Hand,false,1,8,0.810,15.250,202217,1,0.880,11.950,0.395,0.975,1.086,1.062,1.000,0.852,0.951,0.864,true,0.784
1604,00-0032214,Tyler Kroft,TE,CIN,2016,16,16,1,0,false,Knee,false,1,8,0.381,1.133,201701,1,1.613,8.025,0.525,1.180,2.570,2.177,2.466,2.570,2.439,2.623,true,7.081
1605,00-0032214,Tyler Kroft,TE,CIN,2018,6,5,14,7,false,Foot,false,2,8,0.629,4.287,201907,,0.672,1.733,0.700,0.891,0.414,0.684,0.509,0.477,0.286,0.414,true,0.404
1606,00-0032214,Tyler Kroft,TE,BUF,2020,10,10,1,1,true,Unlabeled (IR),false,1,8,0.510,5.800,202016,1,0.985,3.533,0.333,1.294,1.471,0.843,1.471,1.196,0.373,1.235,true,0.609
1607,00-0032214,Tyler Kroft,TE,BUF,2020,17,17,1,1,true,Unlabeled (IR),true,1,8,0.554,5.986,202101,0,1.169,2.650,1.192,1.354,0.777,1.354,1.102,0.343,1.138,1.553,true,0.443
1608,00-0032214,Tyler Kroft,TE,NYJ,2021,5,7,2,0,false,Back,false,1,8,0.550,4.557,202108,2,1.041,6.800,1.109,0.345,1.145,1.564,1.745,0.982,0.509,0.618,true,1.492
1609,00-0032214,Tyler Kroft,TE,NYJ,2021,10,14,5,5,true,Unlabeled (IR),false,1,8,0.551,4.257,202115,0,1.356,3.700,1.143,1.560,1.741,0.980,0.508,0.617,0.544,0.853,true,0.869
1610,00-0032214,Tyler Kroft,TE,NYJ,2021,17,17,1,1,true,Unlabeled (IR),false,1,8,0.524,4.557,202118,0,1.012,1.667,1.833,1.031,0.535,0.649,0.573,0.897,0.516,0.477,true,0.366
1611,00-0032214,Tyler Kroft,TE,SF,2022,3,5,3,0,false,Knee,false,1,8,0.621,4.225,202208,,0.555,2.000,0.547,0.483,0.757,0.435,0.402,0.354,0.612,0.435,true,0.473
1612,00-0032227,Jeff Heuerman,TE,DEN,2017,11,11,1,0,false,Knee,false,1,8,0.267,3.600,201713,1,1.280,4.633,0.710,1.346,1.196,1.869,2.168,3.028,2.318,2.243,true,1.287
1613,00-0032227,Jeff Heuerman,TE,DEN,2018,13,17,5,5,true,Unlabeled (IR),true,1,8,0.786,7.400,201901,,0.579,5.050,0.432,0.585,0.623,0.674,0.763,0.661,0.407,0.343,true,0.682
1614,00-0032227,Jeff Heuerman,TE,DEN,2019,9,9,1,0,false,Knee,false,1,8,0.501,5.025,201912,1,0.873,4.100,0.658,0.998,1.017,0.818,0.918,1.077,,,true,0.816
1616,00-0032241,Todd Gurley,RB,LA,2018,17,17,1,0,false,Knee,true,1,8,0.854,24.775,201901,2,0.823,14.275,0.820,0.738,0.855,0.878,1.089,0.714,0.621,0.855,true,0.576
1617,00-0032241,Todd Gurley,RB,ATL,2020,12,12,1,0,false,Knee,false,1,8,0.582,15.200,202013,,0.562,4.875,0.567,0.567,0.429,0.687,0.670,,,,true,0.321
1618,00-0032245,Sean Mannion,QB,MIN,2021,16,16,1,1,true,Unlabeled (IR),false,1,8,0.253,0.630,202117,,3.723,12.960,3.723,,,,,,,,true,20.571
1619,00-0032256,Clive Walford,TE,OAK,2017,15,17,3,2,false,Concussion,true,1,8,0.176,3.700,201817,4,0.539,0.900,0.227,0.794,0.624,0.511,0.851,2.610,1.532,1.759,true,0.243
1620,00-0032256,Clive Walford,TE,MIA,2019,17,17,1,0,false,Not Injury Related,true,1,8,0.174,1.817,,,,,,,,,,,,,false,
1621,00-0032257,Duke Johnson,RB,HOU,2020,16,16,1,0,false,Neck,false,1,8,0.581,8.450,202111,3,0.684,9.975,0.138,0.998,0.602,0.998,1.084,0.120,,,true,1.180
1622,00-0032268,Marcus Mariota,QB,TEN,2015,7,8,2,0,false,Knee,false,1,4,0.950,17.500,201509,0,1.053,19.675,1.053,1.053,1.053,1.053,1.053,1.053,0.326,1.042,true,1.124
1623,00-0032268,Marcus Mariota,QB,TEN,2015,16,17,2,0,false,Knee,true,1,8,0.983,18.990,201601,0,1.013,11.550,1.008,1.008,1.018,1.018,1.018,1.018,1.018,0.916,true,0.608
1624,00-0032268,Marcus Mariota,QB,TEN,2016,17,17,1,1,true,Unlabeled (IR),true,1,8,0.988,18.400,201701,0,0.899,16.820,1.013,1.013,1.003,0.567,1.003,1.013,1.013,1.013,true,0.914
1625,00-0032268,Marcus Mariota,QB,LV,2020,1,3,3,3,true,Unlabeled (IR),false,1,8,0.871,11.723,202015,,0.258,7.485,0.987,0.011,0.023,0.011,0.023,0.034,0.023,0.069,true,0.639
1626,00-0032268,Marcus Mariota,QB,LV,2021,2,5,4,4,true,Quadricep,false,1,8,0.802,13.858,202107,,0.025,2.467,0.025,0.012,0.025,0.037,0.025,0.075,0.100,0.112,true,0.178
1627,00-0032268,Marcus Mariota,QB,LV,2021,16,16,1,1,true,Unlabeled (IR),false,1,8,0.125,6.217,202117,2,4.340,9.325,0.640,0.720,8.000,8.000,8.000,8.000,8.000,8.000,true,1.500
1628,00-0032268,Marcus Mariota,QB,ATL,2022,15,18,4,4,true,Unlabeled (IR),true,1,8,1.000,16.690,202313,6,0.202,3.960,0.070,0.040,0.570,0.130,0.860,0.550,1.000,1.000,true,0.237
1629,00-0032268,Marcus Mariota,QB,WAS,2024,1,4,4,4,true,Chest,false,1,8,0.764,12.991,202405,3,0.831,16.510,0.170,1.126,0.720,1.309,1.309,0.406,1.309,0.157,true,1.271
1630,00-0032268,Marcus Mariota,QB,WAS,2025,17,18,2,0,false,Hand,true,1,8,0.701,12.183,,,,,,,,,,,,,false,
1631,00-0032319,Ross Travis,TE,IND,2018,1,17,16,16,true,Unlabeled (IR),true,1,8,0.138,1.250,201913,,0.745,2.367,1.236,0.582,0.655,0.509,1.091,0.364,0.509,1.600,true,1.893
1633,00-0032355,Chester Rogers,WR,IND,2016,8,8,1,0,false,Hamstring,false,1,5,0.582,4.320,201609,,0.305,0.000,0.017,0.034,0.739,0.430,0.464,1.031,0.567,0.997,true,0.000
1634,00-0032355,Chester Rogers,WR,IND,2017,1,4,3,0,false,Hamstring,false,2,8,0.340,1.688,201706,1,0.890,3.233,0.353,1.500,1.029,0.676,2.088,1.912,2.294,2.735,true,1.916
1635,00-0032355,Chester Rogers,WR,IND,2019,14,17,4,4,true,Unlabeled (IR),true,1,8,0.571,5.287,202101,,0.923,8.325,1.068,0.753,0.718,1.155,0.840,0.490,0.735,0.578,true,1.574
1636,00-0032355,Chester Rogers,WR,TEN,2021,7,7,1,0,false,Groin,false,1,8,0.459,6.271,202108,,0.975,2.500,0.916,0.719,0.763,1.504,0.523,0.501,0.763,1.090,true,0.399
1637,00-0032362,Maurice Harris,WR,WAS,2017,14,14,1,0,false,Concussion,false,1,8,0.258,3.900,201715,3,1.087,3.850,0.233,0.427,0.583,3.107,2.447,2.330,3.184,3.379,true,0.987
1638,00-0032362,Maurice Harris,WR,WAS,2018,1,1,1,0,false,Concussion,false,1,8,0.229,3.117,201803,1,2.383,5.933,0.656,3.497,2.754,2.623,3.585,3.803,2.885,2.404,true,1.904
1639,00-0032362,Maurice Harris,WR,WAS,2018,17,17,1,1,true,Concussion,true,1,8,0.656,5.562,,,,,,,,,,,,,false,
1641,00-0032371,Rob Kelley,RB,WAS,2017,11,17,7,7,true,Unlabeled (IR),true,1,8,0.371,6.663,201801,,0.148,0.400,0.269,0.027,,,,,,,true,0.060
1642,00-0032371,Rob Kelley,RB,WAS,2018,3,17,14,14,true,Unlabeled (IR),true,1,8,0.281,5.488,,,,,,,,,,,,,false,
1643,00-0032375,Joe Kerridge,RB,CLE,2019,1,6,6,6,true,Unlabeled (IR),false,1,6,0.053,0.000,,,,,,,,,,,,,false,
1644,00-0032377,Josh Ferguson,RB,IND,2018,1,2,2,2,true,Unlabeled (IR),false,1,8,0.096,1.025,201915,,0.623,0.900,0.623,,,,,,,,true,0.878
1645,00-0032385,Sterling Shepard,WR,NYG,2017,6,6,1,0,false,Ankle,false,1,8,0.943,12.775,201709,0,1.027,12.125,0.987,1.061,1.040,1.019,1.029,0.955,0.912,1.019,true,0.949
1646,00-0032385,Sterling Shepard,WR,NYG,2017,17,17,1,0,false,Neck,true,1,8,0.875,14.750,201801,0,1.063,15.225,0.983,1.097,1.086,1.086,1.143,1.109,1.040,1.097,true,1.032
1647,00-0032385,Sterling Shepard,WR,NYG,2019,2,2,1,0,false,Concussion,false,1,8,0.878,9.287,201903,0,1.034,15.600,1.083,1.037,0.934,1.083,0.969,1.048,0.900,1.140,true,1.680
1648,00-0032385,Sterling Shepard,WR,NYG,2019,6,10,4,0,false,Concussion,false,2,8,0.891,13.125,201912,0,0.985,12.350,1.066,0.954,1.032,0.886,1.122,0.999,0.875,0.258,true,0.941
1649,00-0032385,Sterling Shepard,WR,NYG,2020,3,6,4,4,true,Unlabeled (IR),false,1,8,0.875,12.288,202007,2,0.877,13.925,0.880,0.800,0.891,0.937,0.891,0.549,0.914,0.800,true,1.133
1650,00-0032385,Sterling Shepard,WR,NYG,2021,4,5,2,0,false,Hamstring,false,1,8,0.804,16.550,202106,2,0.905,8.075,1.132,0.473,1.008,1.008,0.896,1.095,1.008,0.249,true,0.488
1651,00-0032385,Sterling Shepard,WR,NYG,2021,9,12,3,0,false,Quadricep,false,1,8,0.802,16.825,202114,0,1.003,8.175,1.009,1.009,0.897,1.097,1.009,0.249,0.187,0.050,true,0.486
1652,00-0032385,Sterling Shepard,WR,NYG,2021,16,18,3,3,true,Calf,true,1,8,0.764,16.312,202201,0,0.854,8.600,0.943,1.152,1.061,0.262,0.196,0.052,0.092,0.367,true,0.527
1653,00-0032385,Sterling Shepard,WR,NYG,2022,4,18,14,14,true,Knee,true,1,8,0.722,9.738,202301,,0.159,1.000,0.277,0.208,0.055,0.097,0.388,0.014,0.208,0.028,true,0.103
1654,00-0032385,Sterling Shepard,WR,TB,2024,17,17,1,0,false,Hamstring,false,1,8,0.544,6.237,202418,0,1.209,7.100,1.159,1.177,1.379,1.122,1.140,0.754,0.901,1.177,true,1.138
1655,00-0032392,Austin Hooper,TE,ATL,2016,16,17,2,0,false,Knee,true,1,8,0.554,4.114,201701,0,1.363,8.850,1.445,1.282,1.300,1.427,1.643,1.643,1.372,1.499,true,2.151
1656,00-0032392,Austin Hooper,TE,ATL,2019,11,13,3,0,false,Knee,false,1,8,0.833,17.887,201914,3,0.862,9.225,0.769,0.985,0.829,0.865,0.925,1.177,1.033,0.997,true,0.516
1657,00-0032392,Austin Hooper,TE,CLE,2020,7,8,2,0,false,Illness,false,1,8,0.808,8.750,202010,2,0.916,5.525,1.053,0.830,0.867,0.916,0.867,0.904,1.015,0.793,true,0.631
1658,00-0032392,Austin Hooper,TE,CLE,2021,15,15,1,1,true,Unlabeled (IR),false,1,8,0.709,5.175,202116,2,0.801,4.000,0.762,0.691,0.875,0.875,0.705,0.578,0.522,0.748,true,0.773
1659,00-0032392,Austin Hooper,TE,NE,2025,11,11,1,0,false,Concussion,false,1,8,0.593,4.914,202512,,0.658,6.150,0.945,0.641,0.523,0.523,0.692,0.692,0.388,,true,1.251
1660,00-0032393,C.J. Prosise,RB,SEA,2016,12,17,6,0,false,Shoulder,true,1,5,0.422,8.980,201701,,0.551,5.567,0.782,0.474,0.877,0.071,0.498,0.284,0.640,0.118,true,0.620
1661,00-0032393,C.J. Prosise,RB,SEA,2017,11,17,7,7,true,Ankle,true,1,8,0.370,10.271,201801,,0.318,2.450,0.324,0.730,0.135,0.081,0.351,1.459,0.622,0.568,true,0.239
1662,00-0032393,C.J. Prosise,RB,SEA,2018,13,17,5,5,true,Abdomen,true,1,8,0.198,4.440,201902,1,1.405,5.500,0.658,2.734,1.165,1.063,0.405,0.759,0.759,0.962,true,1.239
1663,00-0032393,C.J. Prosise,RB,SEA,2019,17,17,1,1,true,Unlabeled (IR),true,1,8,0.190,3.388,202002,3,0.500,1.367,0.263,0.211,0.211,1.316,0.947,1.053,,,true,0.403
1664,00-0032393,C.J. Prosise,RB,HOU,2020,13,13,1,0,false,Illness,false,1,8,0.119,1.557,202014,,1.684,2.200,1.684,,,,,,,,true,1.413
1666,00-0032394,Nick Vannett,TE,NO,2021,1,9,8,8,true,Unlabeled (IR),false,1,8,0.377,3.533,202111,1,1.311,6.575,0.742,0.980,1.589,1.934,1.510,2.093,0.742,0.185,true,1.861
1667,00-0032394,Nick Vannett,TE,NO,2021,17,17,1,1,true,Ankle,false,1,8,0.421,4.383,202118,3,0.736,1.767,0.665,0.166,0.736,1.377,1.068,1.045,0.380,0.166,true,0.403
1668,00-0032394,Nick Vannett,TE,LAC,2023,12,13,2,0,false,Concussion,false,1,8,0.324,2.733,202314,6,0.749,,0.680,1.081,0.710,0.525,0.958,0.772,0.927,0.865,true,
1669,00-0032398,Chris Moore,WR,BAL,2020,1,15,9,7,false,Finger,false,2,8,0.214,1.020,202016,3,1.006,7.300,0.140,0.749,0.187,2.947,3.041,1.076,1.170,1.076,true,7.157
1670,00-0032398,Chris Moore,WR,HOU,2021,17,17,1,1,true,Unlabeled (IR),false,1,8,0.335,5.817,202118,0,1.731,7.900,1.940,1.463,1.940,1.582,1.672,1.642,1.881,2.179,true,1.358
1671,00-0032398,Chris Moore,WR,HOU,2022,5,5,1,0,false,Hip,false,1,8,0.434,6.029,202207,0,1.406,11.500,1.268,1.452,1.683,1.222,1.360,1.360,1.268,1.844,true,1.908
1672,00-0032400,Malcolm Mitchell,WR,NE,2017,2,17,15,15,true,Knee,true,1,8,0.606,10.857,,,,,,,,,,,,,false,
1673,00-0032404,Tyler Ervin,RB,HOU,2016,12,14,3,0,false,Ribs,false,1,5,0.062,1.020,201701,0,4.677,3.250,10.161,6.613,1.774,0.161,1.452,0.645,5.484,9.194,true,3.186
1674,00-0032404,Tyler Ervin,RB,HOU,2017,5,17,12,12,true,Shoulder,true,1,8,0.171,2.038,201801,2,1.518,1.625,0.526,0.234,1.985,3.328,0.934,0.175,0.117,0.058,true,0.798
1675,00-0032404,Tyler Ervin,RB,GB,2020,6,7,2,0,false,Wrist,false,1,8,0.159,2.367,202008,0,1.244,3.550,1.701,2.079,0.756,0.441,,,,,true,1.500
1676,00-0032404,Tyler Ervin,RB,GB,2020,11,11,1,0,false,Wrist,false,1,8,0.273,3.612,202013,,0.257,0.000,0.257,,,,,,,,true,0.000
1677,00-0032404,Tyler Ervin,RB,GB,2020,14,17,4,4,true,Ribs,true,1,8,0.276,3.575,,,,,,,,,,,,,false,
1679,00-0032411,Kenneth Dixon,RB,BAL,2017,7,17,10,10,true,Unlabeled (IR),true,1,8,0.376,10.312,201801,2,0.877,9.175,0.744,0.558,0.850,1.355,1.249,0.771,,,true,0.890
1680,00-0032411,Kenneth Dixon,RB,BAL,2018,2,12,10,10,true,Knee,false,1,8,0.396,11.812,201813,2,0.953,7.775,0.530,0.808,1.287,1.186,0.732,,,,true,0.658
1681,00-0032411,Kenneth Dixon,RB,BAL,2019,1,1,1,1,true,Unlabeled (IR),false,1,8,0.359,9.150,,,,,,,,,,,,,false,
1682,00-0032417,Paul Perkins,RB,NYG,2017,5,7,3,0,false,Ribs,false,1,8,0.419,5.937,201712,,0.125,1.250,0.048,0.143,0.096,0.215,0.239,0.096,0.430,,true,0.211
1683,00-0032423,Trevor Davis,WR,GB,2018,2,17,13,13,true,Hamstring,true,2,8,0.072,0.350,201901,2,5.759,5.850,3.862,0.828,8.000,10.345,10.483,6.207,0.138,4.000,true,16.714
1684,00-0032423,Trevor Davis,WR,MIA,2019,14,14,1,0,false,Not Injury Related,false,1,8,0.397,3.800,,,,,,,,,,,,,false,
1685,00-0032426,Alex Collins,RB,BAL,2018,13,17,5,5,true,Foot,true,1,8,0.454,11.738,202009,5,0.496,5.900,0.441,1.058,0.242,0.242,0.573,0.860,1.565,1.322,true,0.503
1686,00-0032426,Alex Collins,RB,SEA,2021,15,18,2,2,true,Abdomen,true,2,8,0.478,7.850,,,,,,,,,,,,,false,
1688,00-0032430,David Morgan,TE,MIN,2017,14,14,1,0,false,Concussion,false,1,8,0.347,3.600,201715,0,1.763,3.250,2.129,1.899,1.813,1.209,0.863,0.892,0.921,1.209,true,0.903
1689,00-0032430,David Morgan,TE,MIN,2018,3,3,1,0,false,Knee,false,1,8,0.484,3.600,201804,,0.724,1.400,0.641,0.661,0.868,0.724,0.475,0.331,0.682,0.786,true,0.389
1690,00-0032430,David Morgan,TE,MIN,2018,11,14,4,0,false,Knee,false,1,8,0.372,2.517,201815,0,0.805,0.000,0.886,1.020,0.510,,,,,,true,0.000
1691,00-0032430,David Morgan,TE,MIN,2019,1,17,16,16,true,Unlabeled (IR),true,1,8,0.312,0.700,,,,,,,,,,,,,false,
1693,00-0032434,Brandon Allen,QB,CIN,2020,15,15,1,0,false,Knee,false,1,5,0.970,9.412,202016,0,0.590,8.413,1.031,1.031,0.186,0.113,0.082,0.155,0.031,1.031,true,0.894
1695,00-0032436,Jeff Driskel,QB,CIN,2019,1,1,1,1,true,Unlabeled (IR),false,1,8,0.616,11.431,201910,0,1.554,19.210,1.623,1.623,1.623,1.347,1.282,0.016,0.049,0.081,true,1.680
1696,00-0032436,Jeff Driskel,QB,DET,2019,14,17,4,4,true,Hamstring,true,1,8,0.949,14.660,202002,,0.437,7.645,0.875,0.833,0.011,0.032,0.053,0.527,0.306,0.295,true,0.521
1697,00-0032436,Jeff Driskel,QB,DEN,2020,12,18,6,6,true,Unlabeled (IR),true,2,8,0.953,15.025,202201,,0.228,2.935,0.031,0.052,0.525,0.304,0.294,0.220,0.094,1.050,true,0.195
1698,00-0032441,Aaron Burbridge,WR,SF,2017,1,1,17,17,true,Unlabeled (IR),false,2,8,0.279,1.557,,,,,,,,,,,,,false,
1699,00-0032450,Dwayne Washington,RB,DET,2017,3,5,3,0,false,Quadricep,false,1,8,0.379,4.350,201708,,0.310,1.225,0.528,0.422,0.211,0.079,0.554,0.158,1.215,0.026,true,0.282
1700,00-0032450,Dwayne Washington,RB,DET,2017,11,12,2,0,false,Hip,false,1,8,0.319,3.725,201804,,0.596,3.850,0.094,0.659,0.188,1.443,0.031,0.251,0.282,0.220,true,1.034
1701,00-0032450,Dwayne Washington,RB,NO,2020,11,11,1,0,false,Back,false,1,8,0.126,2.875,202012,,0.436,1.167,0.396,0.554,0.317,0.475,0.475,0.475,0.238,0.238,true,0.406
1702,00-0032450,Dwayne Washington,RB,NO,2020,17,17,1,1,true,Unlabeled (IR),true,1,8,0.136,2.962,202104,,0.422,1.600,0.514,0.294,0.440,0.440,0.440,0.220,0.220,0.294,true,0.540
1703,00-0032450,Dwayne Washington,RB,NO,2021,7,8,2,0,false,Neck,false,1,8,0.118,2.750,202110,7,0.447,1.500,0.511,0.511,0.511,0.255,0.255,0.340,0.085,1.702,true,0.545
1704,00-0032450,Dwayne Washington,RB,NO,2021,16,1,2,1,true,Hamstring,false,2,8,0.071,1.486,202202,5,0.561,0.900,0.842,0.421,0.421,0.561,0.140,2.807,1.404,1.263,true,0.606
1705,00-0032450,Dwayne Washington,RB,NO,2022,16,18,3,1,false,Illness,true,1,8,0.076,0.925,202308,,0.131,,0.131,,,,,,,,true,
1706,00-0032450,Dwayne Washington,RB,DEN,2023,17,18,2,2,true,Illness,true,1,8,0.075,0.740,,,,,,,,,,,,,false,
1708,00-0032464,Kalif Raymond,WR,TEN,2019,17,17,1,0,false,Concussion,true,1,8,0.211,3.287,202001,0,1.763,4.775,1.041,2.130,1.278,2.604,1.325,0.095,1.799,1.183,true,1.452
1709,00-0032464,Kalif Raymond,WR,TEN,2020,15,15,1,1,true,Unlabeled (IR),false,1,8,0.224,1.038,202016,2,1.732,3.175,0.581,0.179,3.352,2.816,3.352,3.352,3.039,3.978,true,3.060
1710,00-0032464,Kalif Raymond,WR,DET,2021,17,17,1,1,true,Shoulder,false,1,8,0.702,6.438,202118,5,0.391,5.700,1.011,0.171,0.142,0.242,0.726,1.210,1.281,1.281,true,0.885
1711,00-0032464,Kalif Raymond,WR,DET,2024,13,17,5,5,true,Foot,false,1,8,0.260,5.937,202418,1,1.683,2.600,0.231,2.538,2.077,1.885,2.115,0.115,0.154,1.692,true,0.438
1712,00-0032464,Kalif Raymond,WR,DET,2025,13,14,2,0,false,Ankle,false,1,8,0.398,3.163,202515,,0.447,7.225,0.428,0.654,0.226,0.478,1.509,,,,true,2.285
1713,00-0032466,George Fant,TE,SEA,2017,1,17,16,16,true,Unlabeled (IR),true,1,8,0.976,0.000,201801,,0.149,,0.051,0.051,0.205,0.287,0.389,0.256,0.297,0.338,true,
1714,00-0032466,George Fant,TE,NYJ,2020,3,3,1,0,false,Concussion,false,1,8,0.485,0.000,202004,0,2.031,0.000,2.000,2.000,2.062,2.062,2.062,2.062,0.784,2.062,true,
1715,00-0032466,George Fant,TE,NYJ,2021,18,18,1,1,true,Unlabeled (IR),true,1,8,0.921,0.000,202201,0,0.885,0.000,1.085,1.085,0.597,0.771,1.009,1.085,1.085,1.085,true,
1716,00-0032466,George Fant,TE,NYJ,2022,4,12,8,8,true,Knee,false,1,8,0.916,0.000,202213,1,0.993,0.000,0.775,1.015,1.091,1.091,1.091,0.884,1.091,1.091,true,
1717,00-0032466,George Fant,TE,NYJ,2022,18,18,1,1,true,Knee,true,1,8,0.815,0.000,202301,0,1.169,0.000,0.994,1.227,1.227,1.227,1.227,1.227,1.227,1.227,true,
1718,00-0032466,George Fant,TE,SEA,2024,3,8,6,6,true,Knee,false,1,8,0.885,0.000,202409,,0.237,,0.237,,,,,,,,true,
1719,00-0032466,George Fant,TE,SEA,2024,11,14,9,8,true,Knee,false,2,8,0.784,0.000,,,,,,,,,,,,,false,
1721,00-0032472,Tre Madden,RB,SEA,2017,10,17,8,8,true,Calf,true,1,7,0.121,1.417,201801,,0.803,0.633,0.906,0.741,1.071,0.494,0.824,0.741,0.824,0.412,true,0.447
1726,00-0032540,Tra Carson,RB,DET,2019,9,9,1,1,true,Hamstring,false,1,3,0.137,3.600,,,,,,,,,,,,,false,
1727,00-0032562,Cole Wick,TE,DET,2016,9,17,8,8,true,Knee,true,1,5,0.124,1.267,201801,,0.403,0.000,0.161,0.726,0.323,,,,,,true,0.000
1728,00-0032562,Cole Wick,TE,TEN,2018,15,17,13,11,false,Shoulder,true,2,8,0.099,1.267,,,,,,,,,,,,,false,
1729,00-0032577,D.J. Foster,RB,ARI,2018,1,17,26,24,true,Hamstring,true,2,8,0.246,4.100,202009,,0.460,0.633,0.284,0.853,0.244,,,,,,true,0.154
1730,00-0032593,Brandon Wilds,RB,CLE,2017,1,1,1,1,true,Unlabeled (IR),false,1,3,0.100,0.900,201802,,0.433,0.500,0.700,0.200,0.400,,,,,,true,0.556
1731,00-0032599,Joshua Perkins,TE,PHI,2018,11,17,7,7,true,Knee,true,1,8,0.171,2.925,201914,0,2.482,7.900,1.927,1.226,2.219,4.555,,,,,true,2.701
1732,00-0032599,Joshua Perkins,TE,PHI,2020,1,17,16,16,true,Unlabeled (IR),true,1,8,0.175,1.740,,,,,,,,,,,,,false,
1733,00-0032602,J.D. McKissic,RB,SEA,2018,1,12,11,11,true,Unlabeled (IR),false,1,8,0.394,8.257,201813,,0.070,0.267,0.076,0.051,0.102,0.051,0.051,0.152,0.178,0.254,true,0.032
1734,00-0032602,J.D. McKissic,RB,WAS,2021,13,18,5,4,false,Concussion,true,2,8,0.477,10.525,202201,1,0.995,9.925,0.838,0.963,1.110,1.068,0.859,0.628,0.335,0.754,true,0.943
1735,00-0032602,J.D. McKissic,RB,WAS,2022,9,18,9,7,false,Neck,true,1,8,0.395,9.175,,,,,,,,,,,,,false,
1737,00-0032626,Geronimo Allison,WR,GB,2018,10,17,8,8,true,Hamstring,true,1,8,0.624,9.812,201901,3,0.886,8.767,0.786,0.705,0.770,1.283,1.379,0.689,0.882,1.010,true,0.893
1738,00-0032626,Geronimo Allison,WR,DET,2020,8,17,10,10,true,Unlabeled (IR),true,1,8,0.594,3.163,202106,,0.393,0.000,0.354,0.775,0.051,,,,,,true,0.000
1745,00-0032661,Ben Braunecker,TE,CHI,2018,9,9,1,0,false,Concussion,false,1,8,0.075,0.000,201810,0,2.200,1.467,3.067,2.533,2.533,0.667,0.933,2.267,1.067,3.200,true,
1746,00-0032661,Ben Braunecker,TE,CHI,2019,13,17,5,3,false,Concussion,true,1,8,0.194,5.000,,,,,,,,,,,,,false,
1750,00-0032688,Robbie Chosen,WR,ARI,2022,18,18,1,0,false,Back,true,1,8,0.334,2.460,202303,,0.974,6.900,1.738,0.839,0.569,0.749,0.210,1.139,0.240,0.569,true,2.805
1754,00-0032694,Jalin Marshall,WR,NYJ,2016,13,14,2,0,false,Concussion,false,1,8,0.200,3.300,201617,,1.350,11.200,1.350,,,,,,,,true,3.394
1759,00-0032725,Stephen Anderson,TE,HOU,2017,2,2,1,0,false,Concussion,false,1,8,0.103,2.720,201703,0,2.805,4.800,4.293,1.268,2.439,3.220,1.463,5.463,4.878,1.854,true,1.765
1762,00-0032740,Lawrence Thomas,RB,NYJ,2017,9,9,1,0,false,Concussion,false,1,5,0.164,2.000,201710,0,1.265,1.067,1.037,2.012,1.280,0.732,0.915,0.854,0.854,,true,0.533
1764,00-0032745,Alan Cross,TE,TB,2018,16,17,2,2,true,Unlabeled (IR),true,1,8,0.114,0.580,,,,,,,,,,,,,false,
1766,00-0032760,Josh Doctson,WR,MIN,2019,2,10,9,9,true,Hamstring,false,1,8,0.890,9.000,201911,,0.124,,0.124,,,,,,,,true,
1767,00-0032760,Josh Doctson,WR,NYJ,2020,8,17,9,9,true,Unlabeled (IR),true,1,8,0.880,8.150,,,,,,,,,,,,,false,
1768,00-0032764,Derrick Henry,RB,TEN,2021,9,18,9,9,true,Not injury related - resting player,true,1,8,0.730,27.688,202201,2,0.880,16.425,0.932,0.630,1.014,0.945,0.877,1.027,1.014,0.808,true,0.593
1769,00-0032765,Michael Thomas,WR,NO,2020,2,8,5,0,false,Ankle,false,2,8,0.835,23.875,202009,1,0.853,10.825,0.659,0.934,1.018,0.802,0.719,1.078,0.731,0.910,true,0.453
1770,00-0032765,Michael Thomas,WR,NO,2020,15,18,20,20,true,Ankle,true,2,8,0.725,13.350,202201,1,0.983,15.550,0.841,1.048,0.938,1.103,1.076,1.034,1.103,0.979,true,1.165
1771,00-0032765,Michael Thomas,WR,NO,2022,4,18,14,9,false,Foot,true,1,8,0.715,15.050,202301,0,1.094,10.975,1.119,1.091,1.049,1.119,0.993,1.161,1.161,0.937,true,0.729
1772,00-0032765,Michael Thomas,WR,NO,2023,12,18,7,7,true,Unlabeled (IR),true,1,8,0.750,9.600,,,,,,,,,,,,,false,
1773,00-0032775,Demarcus Robinson,WR,SF,2025,1,3,3,3,true,Unlabeled (IR),false,1,8,0.737,3.700,202504,,0.597,4.075,0.515,1.153,0.258,0.461,0.759,0.447,0.624,0.664,true,1.101
1774,00-0032778,Tajae Sharpe,WR,TEN,2017,1,17,16,16,true,Unlabeled (IR),true,1,8,0.690,7.300,201801,4,0.775,4.350,1.217,0.681,0.565,0.638,0.884,1.159,1.145,1.116,true,0.596
1775,00-0032778,Tajae Sharpe,WR,ATL,2021,17,17,1,1,true,Foot,false,1,8,0.655,3.975,202118,,1.160,0.000,1.160,,,,,,,,true,0.000
1776,00-0032778,Tajae Sharpe,WR,CHI,2022,1,1,1,1,true,Unlabeled (IR),false,1,8,0.696,3.500,,,,,,,,,,,,,false,
1777,00-0032780,Jordan Howard,RB,PHI,2021,12,13,2,0,false,Knee,false,1,8,0.229,7.087,202115,0,1.301,5.700,2.098,1.530,1.486,0.087,0.262,,,,true,0.804
1778,00-0032780,Jordan Howard,RB,PHI,2021,18,18,1,1,true,Stinger,true,1,8,0.289,7.825,202209,,0.139,0.100,0.069,0.208,,,,,,,true,0.013
1779,00-0032782,Wendell Smallwood,RB,PHI,2016,15,17,3,3,true,Unlabeled (IR),true,1,8,0.216,4.600,201701,0,1.653,7.475,1.064,0.879,2.636,2.035,1.711,0.879,0.416,1.711,true,1.625
1780,00-0032791,Jakeem Grant,WR,MIA,2018,12,17,6,5,false,Achilles,true,1,8,0.519,7.188,201901,0,1.094,3.500,1.176,1.176,1.214,0.810,0.193,0.482,0.386,0.443,true,0.487
1781,00-0032791,Jakeem Grant,WR,MIA,2019,13,17,5,5,true,Achilles,true,1,8,0.359,6.743,202001,5,0.822,4.775,1.477,0.362,0.362,1.087,0.585,1.003,0.920,1.338,true,0.708
1782,00-0032791,Jakeem Grant,WR,CHI,2021,16,16,1,0,false,Concussion,false,1,8,0.210,5.312,202117,,0.429,0.000,0.429,,,,,,,,true,0.000
1783,00-0032791,Jakeem Grant,WR,CHI,2021,18,18,35,35,true,Concussion,true,3,8,0.224,5.525,,,,,,,,,,,,,false,
1785,00-0032792,Nate Sudfeld,QB,DET,2023,1,18,17,17,true,Unlabeled (IR),true,1,5,0.224,2.124,,,,,,,,,,,,,false,
1786,00-0032794,Dan Vitale,RB,CLE,2017,17,5,6,5,false,Groin,false,2,8,0.151,0.457,201813,7,0.364,1.200,0.264,0.198,0.397,0.595,0.264,1.190,0.661,2.182,true,2.625
1787,00-0032794,Dan Vitale,RB,NE,2020,8,17,10,10,true,Unlabeled (IR),true,1,8,0.168,1.086,,,,,,,,,,,,,false,
1788,00-0032795,Cody Core,WR,CIN,2017,8,8,1,0,false,Concussion,false,1,8,0.366,5.480,201709,,0.212,,0.137,0.055,0.246,0.410,0.355,0.355,0.683,0.246,true,
1789,00-0032795,Cody Core,WR,NYG,2020,1,17,16,16,true,Unlabeled (IR),true,1,8,0.075,0.000,,,,,,,,,,,,,false,
1790,00-0032804,Daniel Lasco,RB,NO,2016,7,7,1,0,false,Hamstring,false,1,3,0.047,1.450,201608,,2.357,1.500,2.357,,,,,,,,true,1.034
1791,00-0032804,Daniel Lasco,RB,NO,2016,9,17,27,23,false,Hamstring,true,4,4,0.053,1.600,,,,,,,,,,,,,false,
1793,00-0032813,Elijhaa Penny,RB,NYG,2020,17,17,1,1,true,Illness,true,1,8,0.096,0.517,202101,4,0.675,0.367,0.519,0.416,1.143,0.623,0.935,2.078,3.221,1.247,true,0.710
1794,00-0032864,Alex Ellis,TE,KC,2018,5,17,12,12,true,Unlabeled (IR),true,1,7,0.280,0.820,201901,,0.107,,0.107,0.036,0.179,,,,,,true,
1795,00-0032864,Alex Ellis,TE,PHI,2019,5,1,3,2,false,Knee,false,2,8,0.179,1.025,,,,,,,,,,,,,false,
1796,00-0032881,Tommylee Lewis,WR,NO,2018,3,11,8,8,true,Knee,false,1,8,0.068,1.829,201812,0,3.333,2.800,7.259,2.963,2.222,0.889,2.519,1.037,0.741,0.296,true,1.531
1797,00-0032897,Derek Watt,RB,PIT,2020,5,5,1,0,false,Hamstring,false,1,8,0.105,1.280,202006,,0.833,0.000,0.571,0.762,1.429,0.571,0.381,0.381,0.667,0.762,true,0.000
1798,00-0032897,Derek Watt,RB,PIT,2020,7,7,1,0,false,Hamstring,false,1,8,0.105,1.600,202010,,0.786,0.000,0.762,1.429,0.571,0.381,0.381,0.667,0.762,0.286,true,0.000
1799,00-0032902,Kenneth Farrow,RB,SD,2016,17,17,17,17,true,Unlabeled (IR),true,2,8,0.273,3.213,,,,,,,,,,,,,false,
1801,00-0032918,C.J. Ham,RB,MIN,2018,17,17,1,0,false,Elbow,true,1,8,0.108,0.917,201901,0,3.116,1.667,3.814,3.535,3.721,1.395,2.605,4.465,4.930,2.884,true,1.818
1802,00-0032918,C.J. Ham,RB,MIN,2025,1,4,4,4,true,Unlabeled (IR),false,1,8,0.251,1.350,202505,3,0.726,0.375,0.716,0.677,0.438,1.075,1.274,1.154,1.632,1.154,true,0.278
1803,00-0032918,C.J. Ham,RB,MIN,2025,8,9,2,0,false,Hand,false,1,8,0.230,0.900,202510,1,1.076,0.000,0.478,1.174,1.391,1.261,1.783,1.261,1.435,2.087,true,0.000
1804,00-0032926,K.J. Brent,WR,TB,2019,1,5,5,5,true,Unlabeled (IR),false,1,4,0.060,,,,,,,,,,,,,,false,
1805,00-0032940,DeAndre Washington,RB,OAK,2018,1,1,1,0,false,Knee,false,1,8,0.249,6.250,201808,,0.663,2.333,0.161,0.724,0.402,1.367,0.563,0.322,0.040,0.121,true,0.373
1806,00-0032950,Carson Wentz,QB,PHI,2017,15,2,5,3,true,Knee,false,2,8,0.941,22.810,201803,0,1.062,19.370,1.062,1.062,1.062,1.062,1.062,1.062,1.062,1.062,true,0.849
1807,00-0032950,Carson Wentz,QB,PHI,2018,16,17,2,0,false,Back,true,1,8,1.000,17.865,201901,0,0.983,20.980,1.000,0.930,1.000,1.000,0.920,0.940,1.000,1.000,true,1.174
1808,00-0032950,Carson Wentz,QB,WAS,2022,7,13,7,7,true,right Finger,false,1,8,1.000,16.590,202216,,0.575,13.820,0.260,1.000,0.040,1.000,0.010,0.110,0.850,0.800,true,0.833
1809,00-0032950,Carson Wentz,QB,MIN,2025,9,18,10,10,true,Shoulder,true,1,8,0.719,13.346,202601,,1.155,19.220,1.155,,,,,,,,true,1.440
1810,00-0032951,Laquon Treadwell,WR,MIN,2016,15,16,2,0,false,Ankle,false,1,6,0.183,1.250,201701,0,2.986,2.300,3.000,4.200,2.291,2.455,3.273,3.109,4.527,1.964,true,1.840
1811,00-0032956,Andy Janovich,RB,DEN,2016,13,17,5,5,true,Ankle,true,1,8,0.260,1.150,201701,,0.596,0.100,0.962,0.346,0.423,0.654,0.346,0.308,0.385,0.538,true,0.087
1812,00-0032956,Andy Janovich,RB,DEN,2019,1,3,3,0,false,Pectoral,false,1,8,0.247,1.367,201904,1,1.051,2.500,0.646,1.293,1.495,0.768,1.535,2.101,0.727,0.485,true,1.829
1813,00-0032956,Andy Janovich,RB,DEN,2019,12,17,6,6,true,Unlabeled (IR),true,1,8,0.283,3.500,202001,1,0.965,1.650,0.425,1.345,0.956,1.133,0.673,0.425,0.602,0.425,true,0.471
1814,00-0032956,Andy Janovich,RB,CLE,2020,11,12,2,2,true,Unlabeled (IR),false,1,8,0.211,0.740,202013,5,0.734,0.000,0.852,0.521,0.899,0.663,0.237,0.899,0.852,0.095,true,0.000
1815,00-0032956,Andy Janovich,RB,CLE,2021,6,8,3,3,true,Unlabeled (IR),false,1,8,0.118,1.333,202109,3,1.191,0.650,0.681,1.191,0.766,2.128,1.191,0.766,0.085,0.936,true,0.488
1816,00-0032959,Charone Peake,WR,NYJ,2017,4,17,13,13,true,Unlabeled (IR),true,1,8,0.340,2.557,201801,,0.500,0.800,0.647,0.382,0.882,0.088,1.147,0.265,0.088,0.059,true,0.313
1817,00-0032959,Charone Peake,WR,NYJ,2018,4,6,3,0,false,Hamstring,false,1,8,0.338,2.500,201807,,0.630,1.125,0.385,0.889,0.089,1.156,0.267,0.089,0.059,0.267,true,0.450
1819,00-0032964,Byron Marshall,RB,WAS,2017,15,10,12,12,true,Unlabeled (IR),false,2,5,0.254,3.650,201811,,0.630,2.633,0.906,0.079,1.142,0.394,0.197,0.079,,,true,0.721
1821,00-0032966,Corey Coleman,WR,CLE,2017,3,10,7,7,true,Unlabeled (IR),false,1,8,0.864,8.275,201711,0,0.958,10.150,1.077,1.042,0.938,0.776,0.915,1.019,0.926,0.162,true,1.227
1822,00-0032966,Corey Coleman,WR,NYG,2019,1,17,16,16,true,Unlabeled (IR),true,1,8,0.328,1.925,,,,,,,,,,,,,false,
1823,00-0032972,Devontae Booker,RB,DEN,2017,1,2,2,0,false,Wrist,false,1,8,0.630,9.188,201704,,0.361,8.400,0.190,0.444,0.270,0.540,0.540,0.587,0.937,0.698,true,0.914
1824,00-0032975,Jonathan Williams,RB,IND,2019,1,2,2,0,false,Rib,false,1,8,0.130,0.800,201910,1,2.750,10.100,0.769,3.385,5.077,1.769,0.154,0.154,2.000,0.692,true,12.625
1825,00-0032975,Jonathan Williams,RB,WAS,2022,6,7,2,0,false,Knee,false,1,8,0.130,2.662,202212,2,1.596,3.675,0.615,0.154,2.077,3.538,3.615,1.692,,,true,1.380
1826,00-0032975,Jonathan Williams,RB,WAS,2023,1,1,1,1,true,Unlabeled (IR),false,1,8,0.142,3.075,202315,,1.544,-0.200,1.544,,,,,,,,true,-0.065
1827,00-0032977,Rashard Higgins,WR,CLE,2018,6,8,3,0,false,Knee,false,1,8,0.675,7.200,201809,6,0.630,8.575,0.578,0.622,0.459,0.859,0.741,0.667,0.919,1.081,true,1.191
1828,00-0032977,Rashard Higgins,WR,CAR,2022,9,10,2,0,false,Illness,false,1,8,0.464,4.140,,,,,,,,,,,,,false,
1829,00-0032980,Marcus Johnson,WR,IND,2018,7,1,11,11,true,Unlabeled (IR),false,2,8,0.274,2.820,201910,0,2.986,6.300,2.922,3.361,2.265,3.397,3.251,2.922,2.630,2.740,true,2.234
1830,00-0032980,Marcus Johnson,WR,IND,2020,16,4,5,4,false,Quadricep,false,2,8,0.468,5.967,202105,2,1.187,2.625,1.604,0.813,0.920,1.412,0.107,1.348,0.364,0.043,true,0.440
1831,00-0032980,Marcus Johnson,WR,TEN,2021,12,18,6,6,true,Unlabeled (IR),true,1,8,0.380,3.543,202204,1,1.447,3.667,0.053,2.026,1.632,2.079,2.263,0.158,0.132,0.289,true,1.035
1832,00-0032986,J.P. Holtz,TE,CHI,2021,5,6,2,0,false,Quadricep,false,1,8,0.087,0.000,202107,6,0.800,0.000,0.571,1.029,0.800,0.800,1.029,0.343,1.143,2.057,true,
1833,00-0032986,J.P. Holtz,TE,CHI,2021,9,9,1,0,false,Concussion,false,1,8,0.096,0.000,202111,4,0.675,0.000,0.727,0.727,0.935,0.312,1.039,1.870,0.104,1.870,true,
1836,00-0033006,Jaydon Mickens,WR,JAX,2018,7,17,10,10,true,Unlabeled (IR),true,1,8,0.161,3.963,201917,,1.209,1.050,3.101,0.186,0.868,0.682,0.310,0.248,3.907,0.124,true,0.265
1837,00-0033006,Jaydon Mickens,WR,TB,2020,10,12,3,3,true,Not Injury Related,false,1,8,0.194,1.600,202017,,0.387,0.000,0.206,0.206,0.929,0.206,0.258,0.103,0.052,0.052,true,0.000
1838,00-0033006,Jaydon Mickens,WR,TB,2021,3,3,1,0,false,Abdomen,false,1,8,0.190,1.600,202104,,0.408,0.750,0.211,0.947,0.211,0.263,0.105,0.053,0.053,,true,0.469
1839,00-0033006,Jaydon Mickens,WR,JAX,2021,17,17,1,1,true,Unlabeled (IR),false,1,8,0.050,0.375,,,,,,,,,,,,,false,
1840,00-0033009,Tyler Boyd,WR,CIN,2017,7,9,3,0,false,Knee,false,1,8,0.660,6.050,201711,4,0.545,4.300,0.606,0.379,0.348,0.848,0.879,1.152,1.333,1.152,true,0.711
1841,00-0033009,Tyler Boyd,WR,CIN,2018,16,17,2,1,false,Knee,true,1,8,0.954,15.688,201901,2,0.894,13.900,0.828,0.818,0.944,0.986,1.028,1.028,1.038,0.944,true,0.886
1842,00-0033009,Tyler Boyd,WR,CIN,2020,16,16,1,0,false,Concussion,false,1,8,0.756,14.480,202017,0,1.107,9.075,1.256,0.979,1.150,1.045,0.820,1.084,0.833,0.939,true,0.627
1843,00-0033009,Tyler Boyd,WR,TEN,2024,18,18,1,0,false,Foot,true,1,8,0.571,5.071,,,,,,,,,,,,,false,
1845,00-0033025,Jalen Richard,RB,LV,2020,17,4,5,5,true,Chest,false,2,8,0.207,3.487,202105,,0.723,3.000,0.723,0.675,1.157,0.337,0.530,0.771,0.771,0.675,true,0.860
1846,00-0033025,Jalen Richard,RB,LV,2021,14,14,1,1,true,Not injury related - personal matter,false,1,8,0.166,3.300,202115,2,1.218,2.475,0.962,0.842,1.263,1.805,,,,,true,0.750
1847,00-0033040,Tyreek Hill,WR,KC,2017,17,17,1,0,false,Not Injury Related,true,1,8,0.850,17.488,201801,1,1.000,21.125,0.835,1.035,1.071,1.059,1.071,1.153,0.871,0.976,true,1.208
1848,00-0033040,Tyreek Hill,WR,KC,2019,2,5,4,0,false,Shoulder,false,1,8,0.875,20.875,201906,1,0.937,20.500,0.583,0.994,1.029,1.143,0.960,0.114,0.914,1.040,true,0.982
1849,00-0033040,Tyreek Hill,WR,KC,2020,17,17,1,0,false,Hamstring,true,1,8,0.869,27.450,202101,0,0.978,25.075,1.013,1.128,0.840,0.932,0.978,0.656,0.829,0.886,true,0.913
1850,00-0033040,Tyreek Hill,WR,MIA,2025,5,18,13,13,true,Not injury related - personal matter,true,1,8,0.792,13.738,,,,,,,,,,,,,false,
1856,00-0033069,Braxton Miller,WR,HOU,2016,14,17,4,3,false,Shoulder,true,1,8,0.540,3.663,201701,0,1.102,3.250,1.481,1.759,0.963,0.204,0.074,0.537,1.611,1.463,true,0.887
1857,00-0033069,Braxton Miller,WR,HOU,2017,14,15,2,0,false,Concussion,false,1,8,0.546,3.686,201716,0,1.465,2.200,1.098,1.831,,,,,,,true,0.597
1858,00-0033077,Dak Prescott,QB,DAL,2020,7,17,10,10,true,Unlabeled (IR),true,1,8,0.992,24.783,202101,0,0.995,20.510,0.997,1.008,0.967,1.008,1.008,1.008,1.008,0.816,true,0.828
1859,00-0033077,Dak Prescott,QB,DAL,2022,2,5,4,0,false,right Thumb,false,1,8,0.958,18.227,202207,0,1.016,19.380,1.044,1.044,1.044,0.930,1.044,1.003,1.044,1.044,true,1.063
1860,00-0033077,Dak Prescott,QB,DAL,2024,10,18,9,8,false,Hamstring,true,1,8,0.948,16.170,202501,0,1.018,18.240,1.055,1.055,0.908,1.055,1.055,1.055,1.055,0.929,true,1.128
1861,00-0033079,Ricardo Louis,WR,CLE,2018,1,17,32,32,true,Unlabeled (IR),true,2,8,0.433,2.783,,,,,,,,,,,,,false,
1863,00-0033080,Seth DeValve,TE,CLE,2018,2,3,2,0,false,Hamstring,false,1,8,0.491,4.263,201805,,0.198,3.600,0.224,0.020,0.163,0.387,0.163,0.468,0.224,0.265,true,0.845
1864,00-0033080,Seth DeValve,TE,JAX,2019,12,13,2,0,false,Oblique,false,1,8,0.328,1.567,201915,0,1.282,4.400,1.557,1.924,1.557,0.092,1.038,0.702,,,true,2.809
1865,00-0033090,Hunter Henry,TE,SD,2016,9,9,1,0,false,Knee,false,1,7,0.726,11.433,201610,,0.627,7.700,0.469,0.689,0.606,0.744,0.730,0.400,0.758,0.551,true,0.673
1866,00-0033090,Hunter Henry,TE,LAC,2017,16,17,18,18,true,Calf,true,2,8,0.694,10.413,201901,0,1.214,16.100,1.326,0.951,1.326,1.254,1.110,1.168,1.095,1.095,true,1.546
1867,00-0033090,Hunter Henry,TE,LAC,2019,2,5,4,0,false,Knee,false,1,8,0.664,9.388,201906,0,1.213,17.450,0.994,1.386,1.311,1.160,1.220,1.145,1.145,0.904,true,1.859
1868,00-0033090,Hunter Henry,TE,LAC,2020,16,17,2,2,true,Hip,true,1,8,0.871,9.125,202101,,0.841,8.525,0.826,0.930,0.826,0.780,0.723,0.792,0.907,0.746,true,0.934
1869,00-0033090,Hunter Henry,TE,NE,2023,18,18,1,1,true,Knee,true,1,8,0.700,7.671,202401,0,1.100,7.200,1.186,1.200,0.900,1.114,1.329,1.014,1.243,1.214,true,0.939
1870,00-0033094,Marvin Hall,WR,DET,2019,13,17,5,5,true,Foot,true,1,8,0.216,6.117,202001,0,0.775,4.333,0.971,1.341,0.416,0.370,1.017,0.925,3.191,3.283,true,0.708
1873,00-0033095,Garrett Griffin,TE,NO,2021,15,18,4,4,true,Knee,true,1,8,0.267,1.975,202216,,0.561,,0.561,,,,,,,,true,
1874,00-0033104,Cody Kessler,QB,CLE,2016,8,8,1,0,false,Concussion,false,1,4,0.752,12.250,201609,,0.711,6.230,1.329,0.744,0.585,0.186,0.691,0.120,0.053,0.744,true,0.509
1875,00-0033104,Cody Kessler,QB,CLE,2016,12,12,1,0,false,Concussion,false,1,7,0.697,10.463,201616,5,0.283,0.845,0.201,0.746,0.129,0.057,0.803,1.434,1.434,1.434,true,0.081
1876,00-0033106,Jared Goff,QB,LA,2020,17,17,1,0,false,Thumb,true,1,8,1.000,14.703,202101,0,1.000,18.300,1.000,1.000,1.000,1.000,1.000,1.000,1.000,0.940,true,1.245
1877,00-0033106,Jared Goff,QB,DET,2021,16,16,1,1,true,Unlabeled (IR),false,1,8,0.992,10.393,202118,0,1.003,18.235,0.987,1.008,1.008,1.008,1.008,1.008,1.008,1.008,true,1.755
1879,00-0033108,Paxton Lynch,QB,DEN,2017,13,15,3,0,false,Ankle,false,1,3,0.903,9.460,201717,,1.107,13.460,1.107,,,,,,,,true,1.423
1880,00-0033110,Tyler Higbee,TE,LA,2019,3,3,1,0,false,Chest,false,1,8,0.626,6.525,201904,1,0.886,5.775,0.703,0.894,0.926,1.022,0.878,0.527,1.214,1.102,true,0.885
1881,00-0033110,Tyler Higbee,TE,LA,2021,14,15,2,2,true,Unlabeled (IR),false,1,8,0.909,7.888,202116,0,1.034,13.600,1.001,1.067,1.034,1.034,1.067,1.034,1.023,1.067,true,1.724
1882,00-0033110,Tyler Higbee,TE,LA,2024,1,15,14,14,true,Knee,false,1,8,0.808,6.613,202416,,0.483,6.650,0.334,0.372,0.508,0.718,0.929,0.681,0.681,0.817,true,1.006
1883,00-0033110,Tyler Higbee,TE,LA,2025,12,17,6,6,true,Not injury related - resting player,false,1,8,0.565,5.963,202518,,0.743,10.650,1.133,0.354,,,,,,,true,1.786
1885,00-0033111,Pharoh Cooper,WR,LA,2018,2,10,9,9,true,Unlabeled (IR),false,1,8,0.138,1.175,201813,3,0.782,1.767,0.509,0.073,0.800,1.745,2.545,2.618,0.145,2.109,true,1.504
1887,00-0033112,Temarrick Hemingway,TE,WAS,2020,14,17,4,4,true,Unlabeled (IR),true,1,8,0.106,1.000,202118,,2.071,,2.071,,,,,,,,true,
1888,00-0033114,Mike Thomas,WR,LA,2018,2,17,15,14,false,Hip,true,1,8,0.110,1.050,201908,4,1.295,0.475,0.636,0.364,3.364,0.818,2.000,3.182,2.000,3.000,true,0.452
1889,00-0033114,Mike Thomas,WR,CIN,2021,16,16,1,1,true,Unlabeled (IR),false,1,8,0.155,1.740,202117,1,2.452,1.750,0.065,5.226,4.452,0.065,0.839,0.387,4.581,0.452,true,1.006
1891,00-0033118,Kenyan Drake,RB,MIA,2019,8,8,1,0,false,Not Injury Related,false,1,8,0.620,9.538,201909,0,1.278,14.850,1.355,1.032,1.452,1.274,1.065,1.210,1.306,1.548,true,1.557
1892,00-0033118,Kenyan Drake,RB,ARI,2020,9,9,1,0,false,Ankle,false,1,8,0.725,16.337,202010,,0.693,16.000,0.717,0.676,0.759,0.621,0.772,0.690,0.869,0.759,true,0.979
1893,00-0033118,Kenyan Drake,RB,LV,2021,14,18,5,5,true,Ankle,true,1,8,0.299,8.688,202201,0,1.556,7.450,1.975,0.904,1.406,1.941,0.904,1.941,2.276,1.707,true,0.858
1895,00-0033127,Will Fuller,WR,HOU,2017,1,3,3,0,false,Shoulder,false,1,8,0.789,6.513,201704,0,1.081,20.950,1.014,1.166,1.040,1.103,1.268,0.583,1.268,1.204,true,3.217
1896,00-0033127,Will Fuller,WR,HOU,2017,11,13,3,0,false,Ribs,false,1,8,0.895,13.650,201714,0,0.835,5.175,1.117,1.061,1.061,0.101,0.916,1.117,0.346,1.073,true,0.379
1897,00-0033127,Will Fuller,WR,HOU,2018,9,17,8,8,true,Hip,true,1,8,0.724,11.075,201901,0,1.326,8.075,1.340,1.257,1.340,1.368,1.368,1.216,0.069,1.244,true,0.729
1898,00-0033127,Will Fuller,WR,HOU,2019,8,9,2,0,false,Hamstring,false,1,8,0.905,16.450,201912,6,0.796,9.250,0.994,0.829,1.039,0.320,0.884,0.696,1.039,0.851,true,0.562
1899,00-0033127,Will Fuller,WR,HOU,2019,17,17,1,0,false,Groin,true,1,8,0.809,14.250,202001,2,0.971,14.350,0.989,0.779,1.162,0.952,1.026,1.150,1.224,1.088,true,1.007
1900,00-0033127,Will Fuller,WR,HOU,2020,13,2,7,6,true,Not injury related - personal matter,false,2,8,0.910,16.825,202103,,0.484,4.300,0.670,0.297,,,,,,,true,0.256
1901,00-0033127,Will Fuller,WR,MIA,2021,5,18,13,13,true,Chest,true,1,8,0.875,17.312,,,,,,,,,,,,,false,
1904,00-0033164,Troymaine Pope,RB,SEA,2016,15,17,3,3,true,Ankle,true,1,3,0.127,1.567,201904,3,1.263,4.000,3.316,0.079,0.474,1.184,2.289,1.579,0.553,,true,2.553
1905,00-0033217,Mo Alie-Cox,TE,IND,2018,13,14,2,0,false,Calf,false,1,5,0.306,5.840,201815,0,1.422,1.467,1.830,1.569,1.601,0.686,1.111,1.209,0.425,1.503,true,0.251
1906,00-0033217,Mo Alie-Cox,TE,IND,2020,6,6,1,0,false,Knee,false,1,8,0.466,7.114,202008,0,1.126,5.125,0.901,1.094,1.416,1.094,1.094,1.373,0.708,0.965,true,0.720
1908,00-0033246,Johnny Mundt,TE,LA,2021,7,18,11,11,true,Unlabeled (IR),true,1,8,0.228,0.380,202201,0,1.956,3.450,2.857,2.022,1.714,1.231,1.934,2.462,2.681,1.011,true,9.079
1909,00-0033251,Zach Pascal,WR,ARI,2023,11,11,1,0,false,Hamstring,false,1,8,0.253,0.738,202312,3,0.743,0.000,0.396,1.109,0.594,0.871,1.069,0.277,0.475,0.079,true,0.000
1910,00-0033258,Darrell Daniels,TE,IND,2017,12,15,4,0,false,Hamstring,false,1,8,0.235,1.120,201716,1,1.596,0.000,0.553,2.255,1.404,2.170,0.596,0.085,0.170,0.170,true,0.000
1911,00-0033258,Darrell Daniels,TE,ARI,2019,17,17,1,1,true,Biceps,true,1,8,0.080,0.233,202001,0,5.562,1.467,2.125,7.000,7.250,5.875,8.250,8.875,6.250,5.250,true,6.286
1912,00-0033258,Darrell Daniels,TE,ARI,2020,12,14,3,3,true,Ankle,false,1,8,0.509,2.900,202015,,0.560,0.967,0.668,0.727,0.413,0.432,0.609,0.668,0.373,0.649,true,0.333
1913,00-0033258,Darrell Daniels,TE,ARI,2021,5,5,1,1,true,Unlabeled (IR),false,1,8,0.300,2.000,202106,2,0.933,0.250,1.100,0.067,1.533,1.033,1.167,0.567,0.167,0.133,true,0.125
1914,00-0033258,Darrell Daniels,TE,ARI,2021,7,7,1,0,false,Hamstring,false,1,8,0.271,0.580,202108,1,1.051,0.250,0.074,1.696,1.143,1.290,0.627,0.184,0.147,0.332,true,0.431
1915,00-0033266,JoJo Natson,WR,LA,2018,4,17,5,4,false,Hand,true,2,5,0.040,1.060,202001,1,1.625,0.075,0.750,1.250,1.500,3.000,0.750,0.500,,,true,0.071
1916,00-0033266,JoJo Natson,WR,CLE,2020,4,17,13,13,true,Unlabeled (IR),true,1,8,0.048,0.663,202110,,1.193,0.000,2.526,0.632,0.421,,,,,,true,0.000
1917,00-0033275,PJ Walker,QB,CAR,2021,17,17,1,1,true,Unlabeled (IR),false,1,8,0.401,2.225,202205,1,1.850,9.115,0.324,2.093,2.492,2.492,0.922,2.492,2.467,2.093,true,4.097
1918,00-0033275,PJ Walker,QB,CAR,2022,11,11,1,0,false,Ankle,false,1,8,0.593,5.585,202306,0,1.224,6.607,1.671,1.418,1.671,0.135,0.017,0.489,,,true,1.183
1919,00-0033280,Christian McCaffrey,RB,CAR,2020,3,8,6,6,true,Unlabeled (IR),false,1,8,0.938,28.400,202009,,0.696,23.875,0.757,0.949,0.757,0.320,0.523,0.629,0.960,0.384,true,0.841
1920,00-0033280,Christian McCaffrey,RB,CAR,2020,10,11,2,0,false,Shoulder,false,1,8,0.901,27.737,202101,7,0.663,18.250,0.988,0.788,0.333,0.544,0.655,0.999,0.399,0.899,true,0.658
1921,00-0033280,Christian McCaffrey,RB,CAR,2021,4,8,4,3,false,Hamstring,false,2,8,0.818,29.425,202109,4,0.716,17.275,0.599,0.722,1.101,0.440,0.991,1.113,0.979,1.064,true,0.587
1922,00-0033280,Christian McCaffrey,RB,CAR,2021,14,18,5,5,true,Unlabeled (IR),true,1,8,0.654,23.238,202201,0,1.296,17.950,1.239,1.392,1.224,1.331,1.315,1.315,0.444,1.239,true,0.772
1923,00-0033280,Christian McCaffrey,RB,SF,2023,18,8,8,7,false,Calf,false,2,8,0.864,25.950,202410,0,0.836,11.950,1.019,1.088,0.949,0.289,0.880,0.891,1.054,0.984,true,0.461
1924,00-0033280,Christian McCaffrey,RB,SF,2024,14,18,5,5,true,Not injury related - resting player,true,1,8,0.840,19.700,202501,0,0.979,24.000,0.905,0.917,1.083,1.012,1.048,1.107,0.893,1.143,true,1.218
1926,00-0033282,Curtis Samuel,WR,CAR,2017,12,3,9,6,true,Medical Illness,false,2,8,0.348,3.343,201805,2,0.676,6.750,0.489,0.144,0.921,1.151,0.777,0.950,0.806,2.647,true,2.019
1927,00-0033282,Curtis Samuel,WR,WAS,2021,1,3,3,3,true,Groin,false,1,8,0.715,16.512,202104,5,0.339,2.450,0.517,0.084,0.336,0.420,0.294,0.993,1.245,1.161,true,0.148
1928,00-0033282,Curtis Samuel,WR,WAS,2021,6,10,4,0,false,Groin,false,1,8,0.665,13.612,202112,3,0.549,5.575,0.361,0.451,0.316,1.068,1.338,1.248,1.173,1.353,true,0.410
1929,00-0033282,Curtis Samuel,WR,WAS,2021,18,18,1,0,false,Hamstring,true,1,8,0.485,9.312,202201,0,1.655,15.750,1.464,1.835,1.711,1.608,1.856,1.773,1.588,1.526,true,1.691
1930,00-0033282,Curtis Samuel,WR,WAS,2023,9,9,1,0,false,Toe,false,1,8,0.639,10.300,202310,2,0.705,8.400,0.798,0.250,0.861,0.908,1.127,1.033,0.783,0.892,true,0.816
1931,00-0033282,Curtis Samuel,WR,BUF,2024,8,8,1,0,false,Pectoral,false,1,8,0.396,4.138,202409,1,1.344,6.250,0.656,2.246,1.514,0.959,1.514,0.681,1.691,0.858,true,1.511
1932,00-0033282,Curtis Samuel,WR,BUF,2025,12,18,7,6,false,Elbow,true,1,8,0.429,4.263,,,,,,,,,,,,,false,
1934,00-0033288,George Kittle,TE,SF,2017,10,10,1,0,false,Ankle,false,1,8,0.720,6.875,201712,6,0.479,4.650,0.486,0.500,0.375,0.556,0.736,0.778,1.069,1.083,true,0.676
1935,00-0033288,George Kittle,TE,SF,2020,2,3,2,0,false,Knee,false,1,8,0.886,17.887,202004,0,1.092,20.725,1.117,1.128,1.094,1.027,0.745,0.564,0.700,1.072,true,1.159
1936,00-0033288,George Kittle,TE,SF,2020,9,15,6,6,true,Foot,false,1,8,0.962,19.225,202016,2,0.797,11.125,0.519,0.644,0.987,1.039,1.039,0.956,0.758,0.790,true,0.579
1937,00-0033288,George Kittle,TE,SF,2021,5,8,3,3,true,Calf,false,1,8,0.826,12.738,202109,0,0.983,12.950,0.884,0.920,1.005,1.126,1.126,1.162,1.162,1.210,true,1.017
1938,00-0033288,George Kittle,TE,SF,2025,2,6,5,5,true,Unlabeled (IR),false,1,8,0.844,13.788,202507,0,1.028,11.150,0.960,1.067,1.019,1.067,1.031,1.079,1.031,1.138,true,0.809
1939,00-0033292,Trent Taylor,WR,SF,2017,10,10,1,0,false,Ribs,false,1,8,0.539,5.775,201712,,0.919,7.950,1.225,0.761,0.780,0.910,0.705,0.427,1.039,0.464,true,1.377
1940,00-0033292,Trent Taylor,WR,SF,2019,1,17,16,14,false,Foot,true,1,8,0.275,2.043,202001,0,1.536,2.175,1.236,1.673,1.382,1.855,0.218,0.291,0.182,1.818,true,1.065
1941,00-0033292,Trent Taylor,WR,SF,2020,16,17,2,2,true,Unlabeled (IR),true,1,8,0.328,1.988,202116,,0.588,1.525,0.031,1.802,0.427,0.092,0.092,0.061,0.153,0.580,true,0.767
1942,00-0033292,Trent Taylor,WR,SF,2025,1,18,17,17,true,Unlabeled (IR),true,1,8,0.130,0.000,,,,,,,,,,,,,false,
1943,00-0033293,Aaron Jones,RB,GB,2017,11,12,2,0,false,Knee,false,1,5,0.644,12.480,201713,,0.229,3.850,0.062,0.171,0.590,0.093,0.388,0.590,0.419,0.419,true,0.308
1944,00-0033293,Aaron Jones,RB,GB,2017,17,17,1,0,false,Knee,true,1,8,0.411,8.475,201803,4,0.711,8.225,0.608,0.924,0.657,0.657,1.508,1.410,1.799,2.188,true,0.971
1945,00-0033293,Aaron Jones,RB,GB,2018,16,17,2,2,true,Unlabeled (IR),true,1,8,0.627,17.725,201901,0,0.968,15.750,0.972,0.940,0.622,1.339,1.068,0.781,0.908,1.004,true,0.889
1946,00-0033293,Aaron Jones,RB,GB,2020,8,8,1,0,false,Calf,false,1,8,0.619,24.312,202009,0,0.921,13.625,0.986,1.018,0.808,0.873,1.067,1.131,1.455,0.614,true,0.560
1947,00-0033293,Aaron Jones,RB,GB,2021,11,11,1,0,false,Knee,false,1,8,0.669,18.013,202112,5,0.796,13.125,0.733,0.673,0.942,0.837,0.613,0.912,0.882,0.942,true,0.729
1948,00-0033293,Aaron Jones,RB,GB,2023,12,13,2,0,false,Knee,false,1,8,0.471,11.850,202315,0,1.268,14.625,1.019,1.103,1.210,1.740,1.167,1.294,1.273,1.740,true,1.234
1949,00-0033293,Aaron Jones,RB,MIN,2025,3,7,4,4,true,Unlabeled (IR),false,1,8,0.626,14.613,202508,2,0.930,10.950,0.846,0.671,1.134,1.070,1.054,0.591,0.719,0.926,true,0.749
1950,00-0033293,Aaron Jones,RB,MIN,2025,18,18,1,0,false,Hip,true,1,8,0.562,10.050,202601,,0.818,10.000,0.818,,,,,,,,true,0.995
1951,00-0033295,Elijah McGuire,RB,NYJ,2018,1,8,8,8,true,Unlabeled (IR),false,1,8,0.225,4.900,201809,0,2.267,6.125,2.444,2.533,2.444,1.644,3.289,3.333,3.778,3.422,true,1.250
1952,00-0033296,Alex Armah,RB,WAS,2023,11,12,2,0,false,Hamstring,false,1,8,0.070,0.200,202315,0,1.679,2.000,1.857,1.000,1.571,2.286,,,,,true,10.000
1954,00-0033306,Victor Bolden,WR,SF,2017,15,17,3,3,true,Unlabeled (IR),true,1,6,0.055,0.000,201805,0,3.455,1.000,10.545,0.909,1.455,0.909,,,,,true,
1955,00-0033307,Kendrick Bourne,WR,SF,2020,9,9,1,1,true,Unlabeled (IR),false,1,8,0.628,6.263,202010,0,1.008,7.425,0.924,0.908,0.781,1.418,0.797,0.542,1.307,0.701,true,1.186
1956,00-0033307,Kendrick Bourne,WR,NE,2023,9,4,13,13,true,Unlabeled (IR),false,2,8,0.721,11.988,202405,2,0.759,1.725,0.374,0.721,0.860,1.081,1.081,0.652,0.818,0.887,true,0.144
1957,00-0033308,Matt Breida,RB,SF,2018,14,14,1,0,false,Ankle,false,1,8,0.419,11.238,201815,,0.967,9.025,1.743,0.382,1.027,0.716,0.979,0.812,0.836,0.645,true,0.803
1958,00-0033308,Matt Breida,RB,SF,2018,17,17,1,1,true,Ankle,true,1,8,0.431,11.250,201901,,0.858,14.150,0.997,0.696,0.951,0.788,0.812,0.626,0.649,0.951,true,1.258
1959,00-0033308,Matt Breida,RB,MIA,2020,9,9,1,0,false,Hamstring,false,1,8,0.226,3.713,202011,1,0.884,3.675,0.486,1.414,1.105,0.530,0.133,0.619,1.414,1.414,true,0.990
1960,00-0033308,Matt Breida,RB,MIA,2020,13,14,2,2,true,Unlabeled (IR),false,1,8,0.216,3.512,202015,4,0.624,9.000,1.156,0.555,0.139,0.647,1.480,1.480,0.555,0.647,true,2.562
1962,00-0033319,Nick Mullens,QB,SF,2020,16,17,2,2,true,right Elbow,true,1,8,0.881,13.022,202115,6,0.389,4.550,1.135,0.023,0.238,0.159,0.522,0.295,1.135,1.135,true,0.349
1963,00-0033319,Nick Mullens,QB,MIN,2023,6,10,5,5,true,Back,false,1,8,0.661,8.848,202314,1,1.062,11.525,0.393,1.512,1.512,0.832,1.512,0.045,0.015,0.045,true,1.303
1966,00-0033338,Cethan Carter,TE,CIN,2018,1,17,16,16,true,Unlabeled (IR),true,1,6,0.123,0.000,201904,2,0.709,0.000,0.162,0.405,1.378,0.892,3.892,1.703,2.595,0.081,true,
1967,00-0033338,Cethan Carter,TE,CIN,2019,13,13,1,0,false,Concussion,false,1,8,0.110,0.000,201914,0,2.545,2.325,1.000,4.364,1.909,2.909,0.091,0.727,1.182,2.455,true,
1968,00-0033338,Cethan Carter,TE,MIA,2021,16,16,1,1,true,Thumb,false,1,8,0.125,1.340,202117,,0.267,0.000,0.160,0.480,0.160,,,,,,true,0.000
1969,00-0033338,Cethan Carter,TE,MIA,2022,2,18,16,13,false,Concussion,true,1,8,0.044,0.450,,,,,,,,,,,,,false,
1970,00-0033357,Taysom Hill,QB,NO,2021,7,8,2,0,false,Concussion,false,1,8,0.430,9.580,202109,2,1.471,13.480,0.512,0.721,2.326,2.326,2.326,2.326,0.837,0.605,true,1.407
1971,00-0033357,Taysom Hill,QB,NO,2021,16,16,1,1,true,right Finger,false,1,8,0.494,10.572,202117,,0.866,11.040,2.025,0.729,0.527,0.182,0.405,0.608,0.425,0.506,true,1.044
1972,00-0033357,Taysom Hill,QB,NO,2024,5,6,2,0,false,Rib,false,1,8,0.335,7.018,202408,0,1.358,17.685,1.194,1.313,1.284,1.642,1.761,0.418,0.627,0.478,true,2.520
1973,00-0033357,Taysom Hill,QB,NO,2024,14,4,9,9,true,Knee,false,2,8,0.404,13.068,202505,,0.359,2.940,0.347,0.520,0.396,0.173,0.545,0.916,0.793,0.421,true,0.225
1976,00-0033367,C.J. Board,WR,NYG,2020,7,7,1,0,false,Concussion,false,1,8,0.280,2.867,202009,,0.375,1.633,0.643,0.286,0.393,0.179,0.071,0.071,0.500,0.357,true,0.570
1977,00-0033367,C.J. Board,WR,NYG,2021,7,18,11,11,true,Unlabeled (IR),true,1,8,0.161,1.757,202213,,1.798,1.600,1.798,,,,,,,,true,0.911
1978,00-0033367,C.J. Board,WR,TEN,2022,14,18,5,4,false,Rib,true,1,8,0.169,1.757,,,,,,,,,,,,,false,
1979,00-0033375,Tim Patrick,WR,DEN,2019,2,9,8,8,true,Unlabeled (IR),false,1,8,0.606,7.383,201911,0,1.052,5.000,1.188,1.072,0.907,1.039,1.122,1.089,0.940,1.402,true,0.677
1980,00-0033375,Tim Patrick,WR,DEN,2021,17,17,1,1,true,Unlabeled (IR),false,1,8,0.850,7.462,202118,6,0.609,6.925,0.918,0.459,0.588,0.471,0.518,0.624,0.906,0.906,true,0.928
1981,00-0033375,Tim Patrick,WR,DEN,2022,1,18,34,34,true,Unlabeled (IR),true,2,8,0.840,7.487,202402,5,0.515,5.500,0.464,0.595,0.476,0.524,0.631,0.917,0.917,0.583,true,0.735
1982,00-0033375,Tim Patrick,WR,JAX,2025,9,9,1,0,false,Groin,false,1,8,0.288,2.657,202510,0,1.626,4.367,2.470,2.017,1.635,0.383,2.296,1.461,0.904,0.591,true,1.643
1983,00-0033375,Tim Patrick,WR,NYJ,2026,1,2,2,2,true,Groin,false,1,8,0.423,5.667,,,,,,,,,,,,,false,
1984,00-0033376,Patrick Ricard,RB,BAL,2020,12,12,1,1,true,Unlabeled (IR),false,1,8,0.320,2.000,202013,0,1.727,3.050,1.719,1.562,1.844,1.781,2.156,1.875,1.969,1.562,true,1.525
1985,00-0033376,Patrick Ricard,RB,BAL,2021,18,18,1,1,true,Knee,true,1,8,0.572,3.900,202201,0,1.144,2.350,1.118,1.100,1.135,1.223,1.083,1.328,1.537,0.891,true,0.603
1986,00-0033376,Patrick Ricard,RB,BAL,2025,1,6,6,0,false,Calf,false,1,8,0.416,1.760,202508,1,0.871,0.150,0.553,0.913,1.273,0.745,0.913,0.432,0.865,1.057,true,0.085
1988,00-0033382,Austin Carr,WR,NO,2019,12,17,6,6,true,Ankle,true,1,8,0.360,0.000,202007,,0.681,0.900,0.528,0.778,0.639,0.778,0.472,,,,true,
1990,00-0033386,Cody Hollister,WR,TEN,2022,13,18,6,5,false,Neck,true,1,8,0.302,1.300,,,,,,,,,,,,,false,
1991,00-0033387,Jacob Hollister,TE,NE,2018,3,3,1,0,false,Chest,false,1,8,0.080,0.250,201805,2,1.562,2.700,0.750,0.500,4.125,0.875,1.000,0.750,4.500,6.500,true,10.800
1992,00-0033387,Jacob Hollister,TE,NE,2018,8,8,1,0,false,Hamstring,false,1,8,0.106,1.214,201810,4,1.271,1.350,3.106,0.659,0.753,0.565,3.388,4.894,3.294,7.529,true,1.112
1993,00-0033387,Jacob Hollister,TE,NE,2018,17,17,1,0,false,Hamstring,true,1,8,0.135,2.800,201906,0,3.759,9.500,2.667,3.852,2.593,5.926,5.778,5.111,6.000,5.852,true,3.393
1994,00-0033387,Jacob Hollister,TE,JAX,2021,17,17,1,1,true,Unlabeled (IR),false,1,8,0.414,4.137,202118,,0.447,4.400,1.450,0.024,0.242,0.073,,,,,true,1.063
1995,00-0033387,Jacob Hollister,TE,LV,2022,1,1,1,1,true,Unlabeled (IR),false,1,8,0.388,3.425,202208,,0.120,,0.026,0.258,0.077,,,,,,true,
1997,00-0033421,Antony Auclair,TE,TB,2019,10,6,13,13,true,Calf,false,2,8,0.287,0.000,202008,,0.452,,0.139,0.278,1.078,0.313,0.487,0.939,0.522,1.461,true,
1998,00-0033421,Antony Auclair,TE,HOU,2021,17,17,1,1,true,Illness,false,1,8,0.307,2.950,202118,,1.138,1.700,1.138,,,,,,,,true,0.576
2000,00-0033439,Pharaoh Brown,TE,CLE,2019,9,9,1,0,false,Concussion,false,1,7,0.331,0.940,201910,4,0.619,0.000,0.694,1.177,0.272,0.332,1.237,1.237,0.845,1.177,true,0.000
2001,00-0033439,Pharaoh Brown,TE,HOU,2020,14,14,1,0,false,Concussion,false,1,8,0.362,2.929,202015,1,1.469,8.125,0.690,1.434,1.655,2.097,1.710,1.545,1.986,1.738,true,2.774
2002,00-0033439,Pharaoh Brown,TE,HOU,2021,9,9,1,0,false,Thigh,false,1,8,0.617,4.875,202111,0,1.093,2.433,1.360,0.972,1.004,1.036,1.231,1.101,1.020,0.907,true,0.499
2003,00-0033439,Pharaoh Brown,TE,SEA,2024,1,2,2,0,false,Foot,false,1,8,0.481,1.133,202403,,0.545,1.633,0.977,0.644,0.291,0.270,0.623,0.603,0.187,0.769,true,1.441
2006,00-0033455,Anthony Firkser,TE,TEN,2021,3,3,1,0,false,Knee,false,1,8,0.276,3.663,202104,0,1.403,3.900,1.810,1.520,1.014,1.267,0.977,1.557,1.339,1.846,true,1.065
2009,00-0033460,John Ross,WR,CIN,2018,5,5,1,0,false,Groin,false,1,6,0.340,2.100,201807,0,2.346,8.675,1.441,2.471,2.735,2.735,2.588,2.647,2.676,2.824,true,4.131
2010,00-0033460,John Ross,WR,CIN,2018,8,8,1,0,false,Groin,false,1,7,0.327,3.686,201810,0,2.736,9.550,2.568,2.843,2.843,2.690,2.751,2.782,2.934,3.057,true,2.591
2011,00-0033460,John Ross,WR,CIN,2019,5,13,8,8,true,Sternoclavicular,false,1,8,0.915,10.225,201914,,0.639,7.550,0.536,0.415,0.863,0.743,0.918,0.328,0.011,0.481,true,0.738
2012,00-0033460,John Ross,WR,CIN,2020,10,3,11,11,true,Foot,false,2,8,0.644,5.338,202104,,0.769,5.925,0.683,0.932,0.668,0.792,0.419,0.140,0.295,0.280,true,1.110
2013,00-0033460,John Ross,WR,NYG,2021,15,18,4,2,true,Knee,true,1,8,0.324,3.229,202404,,0.649,1.600,0.649,,,,,,,,true,0.496
2014,00-0033466,Isaiah McKenzie,WR,DEN,2017,7,7,1,0,false,Ankle,false,1,3,0.203,0.133,201708,4,0.578,0.600,0.787,1.082,0.098,0.344,0.984,2.066,0.197,0.492,true,4.500
2015,00-0033466,Isaiah McKenzie,WR,IND,2023,16,1,4,4,true,Unlabeled (IR),false,2,8,0.178,2.000,,,,,,,,,,,,,false,
2017,00-0033471,Isaiah Ford,WR,CHI,2023,1,1,1,1,true,Unlabeled (IR),false,1,8,0.179,5.133,,,,,,,,,,,,,false,
2018,00-0033474,Gehrig Dieter,WR,KC,2019,1,1,1,1,true,Unlabeled (IR),false,1,3,0.073,0.000,201911,,0.545,0.000,0.545,0.682,0.545,0.409,5.182,,,,true,
2019,00-0033481,Marcus Kemp,WR,KC,2019,1,17,16,16,true,Unlabeled (IR),true,1,8,0.035,0.425,202006,0,3.286,2.100,0.857,5.714,5.143,1.429,0.857,1.714,2.286,1.143,true,4.941
2020,00-0033481,Marcus Kemp,WR,KC,2021,11,11,1,1,true,Unlabeled (IR),false,1,8,0.054,0.300,202113,0,1.488,0.000,1.302,1.116,0.558,2.977,0.930,2.419,1.674,1.116,true,0.000
2023,00-0033526,Samaje Perine,RB,WAS,2018,11,11,1,0,false,Knee,false,1,8,0.424,6.700,201817,,0.159,0.767,0.260,0.024,0.142,0.212,0.024,0.024,0.094,0.590,true,0.114
2024,00-0033526,Samaje Perine,RB,CIN,2021,6,6,1,1,true,Unlabeled (IR),false,1,8,0.273,6.375,202107,0,1.110,7.225,1.761,0.917,1.211,0.550,0.550,1.248,1.541,1.101,true,1.133
2025,00-0033526,Samaje Perine,RB,CIN,2025,11,11,1,0,false,Ankle,false,1,8,0.355,4.163,202513,0,1.134,6.900,1.127,1.042,1.268,1.099,0.873,1.380,0.789,,true,1.658
2028,00-0033536,Mike Williams,WR,LAC,2017,13,13,1,0,false,Back,false,1,5,0.348,3.480,201714,0,1.236,0.775,1.408,1.351,1.034,1.149,1.552,2.011,1.925,1.954,true,0.223
2029,00-0033536,Mike Williams,WR,LAC,2019,4,4,1,0,false,Back,false,1,8,0.651,13.175,201905,0,1.420,11.050,1.367,1.382,1.459,1.474,1.413,1.459,1.413,1.367,true,0.839
2030,00-0033536,Mike Williams,WR,LAC,2020,4,4,1,0,false,Hamstring,false,1,8,0.830,10.738,202005,0,0.997,15.850,0.928,0.904,1.048,1.108,0.904,1.000,0.976,0.988,true,1.476
2031,00-0033536,Mike Williams,WR,LAC,2021,16,16,1,1,true,Heel,false,1,8,0.800,10.050,202117,0,1.053,17.625,1.050,0.900,1.163,1.100,1.125,1.163,1.062,1.175,true,1.754
2032,00-0033536,Mike Williams,WR,LAC,2022,9,10,2,0,false,Ankle,false,1,8,0.874,15.637,202211,2,0.710,12.100,0.103,0.744,1.019,0.973,0.893,0.423,0.881,1.030,true,0.774
2033,00-0033536,Mike Williams,WR,LAC,2022,12,13,2,0,false,Ankle,false,1,8,0.864,16.425,202214,1,0.918,15.575,0.753,1.030,0.984,0.903,0.428,0.891,1.042,0.776,true,0.948
2034,00-0033536,Mike Williams,WR,LAC,2023,4,18,14,14,true,Ankle,true,1,8,0.663,12.137,202401,3,0.702,6.667,0.272,0.981,0.679,0.875,1.072,0.770,0.498,0.875,true,0.549
2035,00-0033536,Mike Williams,WR,LAC,2025,1,18,17,17,true,Unlabeled (IR),true,1,8,0.299,4.940,,,,,,,,,,,,,false,
2036,00-0033537,Deshaun Watson,QB,HOU,2017,9,17,9,9,true,Knee,true,1,6,0.923,22.680,201801,0,1.083,22.485,1.083,1.083,1.083,1.083,1.083,1.083,1.083,1.061,true,0.991
2037,00-0033537,Deshaun Watson,QB,HOU,2021,1,12,28,11,false,Not injury related - personal matter,false,2,8,0.995,23.628,202213,0,0.992,11.530,0.985,0.995,0.985,1.005,0.985,0.985,1.005,1.005,true,0.488
2038,00-0033537,Deshaun Watson,QB,CLE,2023,6,6,1,0,false,right Shoulder,false,1,8,0.989,14.730,202307,1,0.776,11.010,0.162,0.930,1.001,1.011,0.971,0.981,1.011,0.930,true,0.747
2039,00-0033537,Deshaun Watson,QB,CLE,2023,8,8,1,0,false,right Shoulder,false,1,8,0.983,16.707,202309,0,0.985,15.320,0.936,1.008,1.018,0.977,0.987,1.018,0.936,0.997,true,0.917
2040,00-0033537,Deshaun Watson,QB,CLE,2023,11,18,8,8,true,right Shoulder,true,1,8,0.871,15.230,202401,0,1.128,13.695,1.148,1.102,1.113,1.148,1.056,1.125,0.448,1.148,true,0.899
2041,00-0033537,Deshaun Watson,QB,CLE,2024,8,18,27,27,true,Achilles,true,2,8,0.968,13.347,202601,,1.034,14.000,1.034,,,,,,,,true,1.049
2043,00-0033553,James Conner,RB,PIT,2017,16,17,2,2,true,Unlabeled (IR),true,1,8,0.062,1.086,201801,0,13.760,19.400,14.720,14.080,13.600,12.640,11.840,14.400,12.640,13.440,true,17.868
2044,00-0033553,James Conner,RB,PIT,2018,14,16,2,0,false,Ankle,false,2,8,0.776,22.125,201817,3,0.696,11.025,0.605,0.593,0.709,0.876,0.850,1.018,0.631,1.056,true,0.498
2045,00-0033553,James Conner,RB,PIT,2019,10,10,1,0,false,Shoulder,false,1,8,0.602,16.925,201911,4,0.465,6.150,0.299,0.963,0.216,0.382,1.278,1.095,1.029,1.095,true,0.363
2046,00-0033553,James Conner,RB,PIT,2019,12,14,2,0,false,Shoulder,false,2,8,0.615,17.125,201915,3,0.695,10.525,0.943,0.211,0.374,1.252,1.073,1.008,1.073,1.366,true,0.615
2047,00-0033553,James Conner,RB,PIT,2019,17,17,1,0,false,Quadricep,true,1,8,0.594,16.475,202001,1,0.960,16.000,0.387,1.297,1.112,1.044,1.112,1.415,0.960,0.775,true,0.971
2048,00-0033553,James Conner,RB,PIT,2020,12,13,2,2,true,Unlabeled (IR),false,1,8,0.683,14.675,202014,1,0.788,8.975,0.586,0.908,0.938,0.718,0.571,0.542,0.615,0.703,true,0.612
2049,00-0033553,James Conner,RB,ARI,2022,6,8,2,0,false,Ribs,false,2,8,0.639,16.488,202209,0,1.335,17.350,1.112,1.503,1.205,1.519,1.487,1.425,1.519,0.861,true,1.052
2050,00-0033553,James Conner,RB,ARI,2022,18,18,1,0,false,Knee,true,1,8,0.824,17.900,202301,0,0.856,13.700,1.020,0.874,0.777,0.753,0.255,0.765,0.838,0.510,true,0.765
2051,00-0033553,James Conner,RB,ARI,2023,6,9,4,4,true,Unlabeled (IR),false,1,8,0.775,16.913,202310,6,0.806,11.325,0.813,0.890,0.542,0.981,0.632,0.761,0.852,0.955,true,0.670
2052,00-0033553,James Conner,RB,ARI,2024,18,18,1,1,true,Knee,true,1,8,0.627,19.088,202501,0,0.797,11.100,1.036,0.876,0.478,,,,,,true,0.582
2053,00-0033553,James Conner,RB,ARI,2025,4,2,16,16,true,Foot,false,2,8,0.569,16.250,,,,,,,,,,,,,false,
2054,00-0033555,Mack Hollins,WR,PHI,2018,1,17,16,15,false,Groin,true,1,8,0.287,1.957,201901,1,2.296,7.500,0.487,2.991,3.443,2.261,1.565,2.052,1.739,2.052,true,3.832
2055,00-0033555,Mack Hollins,WR,ATL,2023,10,12,2,0,false,Ankle,false,1,8,0.517,4.388,202314,4,0.391,0.467,0.155,0.444,0.560,0.406,1.121,1.372,1.391,1.179,true,0.106
2056,00-0033555,Mack Hollins,WR,NE,2025,17,18,2,2,true,Abdomen,true,1,8,0.756,8.938,202601,,0.926,9.100,0.926,,,,,,,,true,1.018
2057,00-0033556,Tarik Cohen,RB,CHI,2020,4,18,30,30,true,Unlabeled (IR),true,2,8,0.496,9.575,,,,,,,,,,,,,false,
2058,00-0033559,Michael Roberts,TE,DET,2018,4,5,2,0,false,Knee,false,1,8,0.261,1.525,201807,0,1.474,5.975,1.148,1.187,1.952,1.608,1.340,0.574,,,true,3.918
2059,00-0033559,Michael Roberts,TE,DET,2018,11,11,1,0,false,Shoulder,false,1,8,0.283,4.757,201812,,0.885,2.300,1.239,0.531,,,,,,,true,0.483
2060,00-0033559,Michael Roberts,TE,DET,2018,15,17,3,3,true,Shoulder,true,1,8,0.311,4.625,,,,,,,,,,,,,false,
2062,00-0033562,Ryan Switzer,WR,PIT,2019,11,18,24,24,true,Back,true,2,8,0.254,2.087,,,,,,,,,,,,,false,
2064,00-0033564,Jake Butt,TE,DEN,2020,9,16,8,8,true,Hamstring,false,1,7,0.361,2.714,,,,,,,,,,,,,false,
2066,00-0033572,Jamal Agnew,WR,DET,2017,12,13,2,0,false,Knee,false,1,3,0.030,0.867,201715,0,1.583,2.550,1.000,1.333,1.333,2.667,5.667,6.333,5.000,7.000,true,2.942
2067,00-0033572,Jamal Agnew,WR,DET,2018,7,15,9,9,true,Unlabeled (IR),false,1,5,0.036,0.940,201906,0,3.333,1.925,1.111,2.222,4.722,5.278,4.167,5.833,5.000,6.944,true,2.048
2068,00-0033572,Jamal Agnew,WR,DET,2019,12,13,2,0,false,Ankle,false,1,6,0.037,1.067,201916,0,4.023,1.950,2.182,4.636,5.182,4.091,5.727,4.909,6.818,4.909,true,1.828
2069,00-0033572,Jamal Agnew,WR,DET,2020,9,9,1,0,false,Ribs,false,1,8,0.176,2.125,202011,0,1.702,2.725,2.837,1.702,1.362,0.908,0.851,1.305,1.078,0.738,true,1.282
2070,00-0033572,Jamal Agnew,WR,JAX,2021,12,18,7,7,true,Unlabeled (IR),true,1,8,0.442,9.625,202201,,0.418,6.500,0.226,0.226,0.362,0.859,0.181,0.181,0.023,0.249,true,0.675
2071,00-0033572,Jamal Agnew,WR,JAX,2022,7,7,1,0,false,Knee,false,1,8,0.292,6.500,202209,,0.444,5.100,0.034,0.376,0.821,0.547,0.513,0.479,0.444,0.923,true,0.785
2072,00-0033572,Jamal Agnew,WR,JAX,2023,11,14,4,4,true,Shoulder,false,1,8,0.293,2.200,202315,,0.675,6.125,0.547,1.607,0.479,0.068,,,,,true,2.784
2073,00-0033572,Jamal Agnew,WR,JAX,2023,18,3,3,1,true,Groin,false,2,8,0.309,3.963,202508,,0.065,0.000,0.065,,,,,,,,true,0.000
2074,00-0033576,Eric Saubert,TE,ATL,2017,14,14,1,0,false,Back,false,1,7,0.030,0.000,201715,0,4.417,0.000,2.333,4.667,6.333,4.333,2.333,2.000,3.667,7.000,true,
2075,00-0033576,Eric Saubert,TE,MIA,2023,1,1,1,1,true,Unlabeled (IR),false,1,8,0.352,2.071,202309,,0.674,1.500,0.482,0.908,0.511,0.794,0.851,0.113,0.851,0.652,true,0.724
2076,00-0033576,Eric Saubert,TE,SEA,2025,9,14,6,6,true,Calf,false,1,8,0.364,1.129,202515,0,1.354,1.725,1.017,1.045,1.430,1.924,0.550,,,,true,1.528
2078,00-0033589,David Moore,WR,SEA,2019,1,2,2,0,false,Shoulder,false,1,8,0.657,4.975,201903,,0.411,5.100,0.365,0.608,0.335,0.335,0.624,0.730,0.821,0.411,true,1.025
2079,00-0033589,David Moore,WR,CHI,2022,1,1,1,1,true,Unlabeled (IR),false,1,8,0.445,5.000,202312,,0.438,5.633,0.404,0.292,0.472,0.584,0.697,0.652,0.584,0.719,true,1.127
2080,00-0033589,David Moore,WR,CAR,2025,5,18,13,13,true,Elbow,true,1,8,0.567,4.629,,,,,,,,,,,,,false,
2081,00-0033591,Noah Brown,WR,DAL,2018,1,9,8,8,true,Unlabeled (IR),false,1,8,0.194,1.000,201810,2,1.135,1.275,0.671,0.826,1.497,1.548,0.413,0.981,1.084,0.671,true,1.275
2082,00-0033591,Noah Brown,WR,DAL,2019,1,17,16,16,true,Unlabeled (IR),true,1,8,0.210,1.300,202001,2,0.905,5.000,0.190,0.476,1.667,1.286,1.524,1.238,1.238,0.952,true,3.846
2083,00-0033591,Noah Brown,WR,DAL,2021,14,16,3,3,true,Groin,false,1,8,0.418,4.157,202117,2,1.186,15.950,0.144,0.455,2.108,2.036,1.916,1.892,1.820,2.180,true,3.837
2084,00-0033591,Noah Brown,WR,HOU,2023,2,5,4,4,true,Unlabeled (IR),false,1,8,0.680,6.287,202306,1,1.011,16.475,0.824,1.059,1.059,1.103,1.191,0.971,1.265,1.191,true,2.620
2085,00-0033591,Noah Brown,WR,HOU,2023,12,12,1,0,false,Knee,false,1,8,0.679,9.338,202313,0,1.157,7.250,1.193,0.972,1.267,1.193,0.162,0.413,0.855,0.987,true,0.776
2086,00-0033591,Noah Brown,WR,HOU,2023,18,18,1,0,false,Back,true,1,8,0.736,11.863,202402,2,0.737,7.475,0.380,0.788,0.910,0.869,0.829,1.100,0.679,1.209,true,0.630
2087,00-0033591,Noah Brown,WR,WAS,2024,5,5,1,0,false,Groin,false,1,8,0.608,8.688,202406,0,1.053,9.925,1.053,1.004,1.333,0.823,1.465,1.267,1.202,0.757,true,1.142
2088,00-0033591,Noah Brown,WR,WAS,2024,15,18,4,4,true,kidney,true,1,8,0.703,8.263,202501,,0.584,3.325,0.669,0.555,0.883,0.228,,,,,true,0.402
2089,00-0033591,Noah Brown,WR,WAS,2025,3,13,10,6,false,Groin,false,1,8,0.655,7.638,202514,,0.595,3.350,0.947,0.244,,,,,,,true,0.439
2090,00-0033591,Noah Brown,WR,WAS,2025,16,18,3,3,true,Groin,true,1,8,0.604,5.875,,,,,,,,,,,,,false,
2091,00-0033594,Chris Carson,RB,SEA,2017,5,17,12,12,true,Unlabeled (IR),true,1,3,0.570,10.033,201801,2,0.899,11.350,0.772,0.509,1.298,1.018,0.737,1.175,0.211,0.754,true,1.131
2092,00-0033594,Chris Carson,RB,SEA,2019,17,17,1,1,true,Unlabeled (IR),true,1,8,0.750,15.525,202001,,0.740,20.000,0.600,0.840,0.773,0.747,0.760,0.240,0.493,0.773,true,1.288
2093,00-0033594,Chris Carson,RB,SEA,2020,9,9,1,0,false,Foot,false,1,8,0.588,18.213,202012,3,0.894,15.400,0.630,0.987,0.766,1.191,1.072,0.783,1.328,1.072,true,0.846
2094,00-0033594,Chris Carson,RB,SEA,2021,6,18,12,12,true,Neck,true,1,8,0.583,14.113,,,,,,,,,,,,,false,
2095,00-0033596,Matt Dayes,RB,NO,2019,1,1,1,1,true,Unlabeled (IR),false,1,8,0.059,0.657,,,,,,,,,,,,,false,
2097,00-0033604,Krishawn Hogan,WR,NO,2019,17,17,1,1,true,Hamstring,true,1,8,0.153,0.000,,,,,,,,,,,,,false,
2098,00-0033611,Ricky Seals-Jones,TE,ARI,2018,17,17,1,0,false,Shoulder,true,1,8,0.547,4.100,201902,4,0.333,6.533,0.073,0.164,0.548,0.548,1.242,0.858,0.530,0.292,true,1.593
2099,00-0033611,Ricky Seals-Jones,TE,WAS,2021,11,11,1,0,false,Hip,false,1,8,0.669,8.667,202114,,0.643,2.775,0.688,0.897,0.673,0.314,,,,,true,0.320
2100,00-0033611,Ricky Seals-Jones,TE,WAS,2021,18,1,3,3,true,Concussion,false,3,8,0.744,6.813,,,,,,,,,,,,,false,
2102,00-0033627,Jason Croom,TE,BUF,2019,1,17,16,16,true,Unlabeled (IR),true,1,8,0.458,2.925,202005,,0.093,7.300,0.066,0.022,0.240,0.044,,,,,true,2.496
2103,00-0033627,Jason Croom,TE,PHI,2021,1,18,17,17,true,Unlabeled (IR),true,1,8,0.334,4.517,,,,,,,,,,,,,false,
2105,00-0033658,Blake Jarwin,TE,DAL,2020,2,17,15,15,true,Unlabeled (IR),true,1,8,0.381,4.912,202101,0,1.410,5.975,1.495,1.233,1.495,1.416,1.049,1.390,1.154,0.498,true,1.216
2106,00-0033658,Blake Jarwin,TE,DAL,2021,9,17,9,9,true,Hip,false,1,8,0.487,4.150,202118,,0.390,1.600,0.390,,,,,,,,true,0.386
2107,00-0033681,Keelan Cole,WR,NYJ,2021,13,13,1,1,true,Unlabeled (IR),false,1,8,0.477,5.563,202114,0,1.644,3.900,1.738,1.571,1.550,1.717,1.277,1.194,1.361,0.168,true,0.701
2110,00-0033696,Sean Culkin,TE,LAC,2018,15,16,2,0,false,Back,false,1,8,0.235,1.700,201817,2,1.191,0.000,1.149,0.085,1.064,2.468,2.468,1.191,,,true,0.000
2111,00-0033696,Sean Culkin,TE,LAC,2019,5,17,12,12,true,Unlabeled (IR),true,1,8,0.215,1.133,202012,,1.302,,1.302,,,,,,,,true,
2112,00-0033699,Austin Ekeler,RB,LAC,2018,15,15,1,0,false,Neck,false,1,8,0.449,10.188,201817,1,1.331,22.400,0.557,1.671,1.649,1.448,1.604,1.471,1.003,1.315,true,2.199
2113,00-0033699,Austin Ekeler,RB,LAC,2020,5,11,6,6,true,Hamstring,false,1,8,0.571,18.837,202012,0,1.112,17.550,1.260,1.050,1.050,1.085,1.138,0.753,1.015,1.103,true,0.932
2114,00-0033699,Austin Ekeler,RB,LAC,2021,16,16,1,1,true,Ankle,false,1,8,0.664,19.650,202117,0,0.957,19.675,0.874,1.266,0.738,0.949,0.844,0.889,0.889,0.994,true,1.001
2115,00-0033699,Austin Ekeler,RB,LAC,2023,3,3,1,0,false,Ankle,false,1,8,0.600,20.075,202306,0,1.104,15.025,1.133,1.050,1.117,1.117,1.150,1.183,1.333,0.950,true,0.748
2116,00-0033699,Austin Ekeler,RB,WAS,2024,4,4,1,0,false,Concussion,false,1,8,0.596,10.338,202405,5,0.931,8.575,0.822,1.258,0.688,0.956,0.788,1.174,0.872,1.057,true,0.830
2117,00-0033699,Austin Ekeler,RB,WAS,2024,13,17,4,4,true,Concussion,false,1,8,0.516,12.625,202418,0,1.027,6.100,1.162,0.910,1.007,,,,,,true,0.483
2118,00-0033699,Austin Ekeler,RB,WAS,2025,3,18,15,15,true,Shoulder,true,1,8,0.546,10.387,,,,,,,,,,,,,false,
2121,00-0033725,Corey Clement,RB,PHI,2018,15,17,3,3,true,Unlabeled (IR),true,1,8,0.343,7.425,201901,,0.380,2.450,0.117,1.080,0.117,0.204,0.175,0.146,0.292,0.642,true,0.330
2122,00-0033725,Corey Clement,RB,PHI,2019,3,17,12,11,false,Shoulder,true,2,8,0.284,6.062,202001,,0.476,1.733,1.304,0.141,0.247,0.211,0.176,0.352,0.775,1.093,true,0.286
2123,00-0033725,Corey Clement,RB,PHI,2020,11,11,1,1,true,Illness,false,1,8,0.153,2.017,202012,,0.508,1.200,0.393,0.197,0.066,1.377,0.066,0.131,0.262,0.525,true,0.595
2124,00-0033733,Greg Ward,WR,PHI,2022,1,1,1,1,true,Unlabeled (IR),false,1,8,0.174,3.260,,,,,,,,,,,,,false,
2126,00-0033742,Tyrone Swoopes,TE,WAS,2021,1,18,17,17,true,Unlabeled (IR),true,1,6,0.232,3.300,,,,,,,,,,,,,false,
2127,00-0033757,Robert Tonyan,TE,GB,2019,6,6,1,0,false,Hip,false,1,8,0.223,1.850,201912,0,1.225,3.125,1.483,1.303,1.438,0.674,1.348,0.809,2.787,2.697,true,1.689
2128,00-0033757,Robert Tonyan,TE,GB,2021,9,18,9,9,true,Unlabeled (IR),true,1,8,0.618,6.537,202201,5,0.721,7.400,0.583,0.648,0.939,0.713,0.713,1.020,0.907,1.198,true,1.132
2132,00-0033789,T.J. Logan,RB,TB,2019,14,17,20,19,false,Thumb,true,2,8,0.031,0.586,,,,,,,,,,,,,false,
2137,00-0033838,Trey Edmunds,RB,PIT,2020,11,17,7,6,false,Hamstring,true,1,8,0.143,3.175,,,,,,,,,,,,,false,
2139,00-0033839,Dede Westbrook,WR,JAX,2020,9,17,9,9,true,Unlabeled (IR),true,1,8,0.726,9.800,202101,,0.141,1.200,0.248,0.041,0.110,0.165,0.289,0.179,0.055,0.083,true,0.122
2140,00-0033839,Dede Westbrook,WR,MIN,2021,15,15,1,1,true,Unlabeled (IR),false,1,8,0.154,1.663,202116,0,2.667,0.467,2.797,4.553,0.650,,,,,,true,0.281
2141,00-0033855,Chris Thompson,WR,SF,2020,1,17,16,16,true,Unlabeled (IR),true,1,7,0.127,0.714,,,,,,,,,,,,,false,
2142,00-0033856,Leonard Fournette,RB,JAX,2018,5,8,4,0,false,Hamstring,false,1,8,0.619,13.562,201810,5,0.905,20.475,0.840,0.824,0.711,1.244,0.808,1.180,1.390,1.568,true,1.510
2143,00-0033856,Leonard Fournette,RB,TB,2020,4,4,1,0,false,Ankle,false,1,8,0.725,16.662,202005,2,0.676,11.967,0.014,0.772,1.007,0.910,0.497,0.717,0.772,0.910,true,0.718
2144,00-0033856,Leonard Fournette,RB,TB,2021,16,18,3,3,true,Hamstring,true,1,8,0.686,21.888,202201,0,1.148,13.875,1.107,1.268,1.326,0.889,0.903,1.195,0.874,1.049,true,0.634
2145,00-0033857,JuJu Smith-Schuster,WR,PIT,2017,12,12,1,0,false,Hamstring,false,1,8,0.695,13.888,201713,0,1.295,19.475,1.180,1.410,1.223,1.367,1.079,1.338,1.194,1.396,true,1.402
2146,00-0033857,JuJu Smith-Schuster,WR,PIT,2019,12,15,4,0,false,Knee,false,1,8,0.819,11.062,201916,0,1.008,10.875,0.965,0.904,1.050,1.111,0.892,0.916,0.794,1.002,true,0.983
2147,00-0033857,JuJu Smith-Schuster,WR,PIT,2021,6,18,12,12,true,Shoulder,true,1,8,0.863,12.163,202201,4,0.791,9.850,0.765,0.858,0.812,0.730,0.997,1.020,0.638,0.962,true,0.810
2148,00-0033857,JuJu Smith-Schuster,WR,KC,2022,11,11,1,0,false,Concussion,false,1,8,0.731,14.025,202212,1,0.968,13.125,0.520,1.039,1.108,1.203,1.135,0.889,0.998,0.738,true,0.936
2149,00-0033857,JuJu Smith-Schuster,WR,NE,2023,6,6,1,0,false,Concussion,false,1,8,0.679,6.388,202308,2,0.862,5.825,0.501,0.530,1.459,0.958,1.355,1.444,0.324,0.295,true,0.912
2150,00-0033857,JuJu Smith-Schuster,WR,NE,2023,16,18,3,2,false,Ankle,true,1,8,0.621,4.113,202401,7,0.600,4.850,0.354,0.322,0.885,0.837,1.078,0.161,0.579,0.885,true,1.179
2151,00-0033857,JuJu Smith-Schuster,WR,KC,2024,8,10,3,0,false,Hamstring,false,1,8,0.589,7.967,202411,1,0.832,2.625,0.611,0.934,0.951,0.832,0.866,0.611,0.849,1.597,true,0.329
2152,00-0033858,Jonnu Smith,TE,TEN,2018,15,17,3,3,true,Unlabeled (IR),true,1,8,0.746,7.463,201901,6,0.774,2.733,0.844,0.657,0.683,0.911,0.804,0.563,1.099,0.978,true,0.366
2153,00-0033858,Jonnu Smith,TE,TEN,2020,13,13,1,0,false,Knee,false,1,8,0.754,9.238,202014,1,0.949,7.075,0.823,1.234,0.968,0.769,0.968,0.650,0.557,0.624,true,0.766
2154,00-0033858,Jonnu Smith,TE,NE,2022,17,17,1,0,false,Concussion,false,1,8,0.463,3.714,202301,0,1.319,8.225,1.081,1.449,1.557,1.189,1.384,1.168,1.189,1.535,true,2.214
2155,00-0033859,Josh Malone,WR,CIN,2018,10,13,4,0,false,Hamstring,false,1,8,0.149,0.667,201816,3,0.840,0.000,0.134,1.076,0.538,1.613,4.370,3.966,,,true,0.000
2156,00-0033869,Mitchell Trubisky,QB,CHI,2019,5,5,1,0,false,left Shoulder,false,1,8,1.000,11.765,201907,0,1.000,13.345,1.000,1.000,1.000,1.000,0.910,1.000,1.000,1.000,true,1.134
2157,00-0033869,Mitchell Trubisky,QB,CHI,2020,9,10,2,0,false,right Shoulder,false,1,8,0.935,17.000,202012,0,1.070,17.605,1.070,1.070,1.070,1.070,0.952,1.070,0.032,0.107,true,1.036
2158,00-0033869,Mitchell Trubisky,QB,BUF,2021,9,10,2,2,true,Unlabeled (IR),false,1,8,0.752,13.255,202111,3,0.405,3.907,0.146,0.066,0.080,1.329,1.329,1.329,0.691,0.558,true,0.295
2160,00-0033871,Corey Davis,WR,NYJ,2021,14,18,5,5,true,Groin,true,1,8,0.834,12.713,202201,1,0.924,13.275,0.816,0.948,1.043,0.888,0.912,1.019,0.264,0.816,true,1.044
2161,00-0033871,Corey Davis,WR,NYJ,2022,8,11,3,0,false,Knee,false,1,8,0.755,9.513,202212,0,0.854,5.325,0.901,1.073,0.159,1.285,1.113,1.020,,,true,0.560
2162,00-0033871,Corey Davis,WR,NYJ,2022,15,15,1,0,false,Concussion,false,1,8,0.715,8.475,202216,0,1.203,4.533,1.357,1.175,1.077,,,,,,true,0.535
2163,00-0033873,Patrick Mahomes,QB,KC,2019,8,8,1,0,false,Knee,false,1,8,0.954,23.465,201910,0,1.043,19.610,1.048,1.048,1.028,1.048,1.048,0.986,0.986,1.048,true,0.836
2164,00-0033873,Patrick Mahomes,QB,KC,2025,16,18,3,3,true,Knee,true,1,8,0.975,19.668,202601,,1.026,21.660,1.026,,,,,,,,true,1.101
2165,00-0033879,O.J. Howard,TE,TB,2017,16,17,2,2,true,Unlabeled (IR),true,1,8,0.698,9.929,201801,0,0.839,9.800,0.932,1.133,0.946,0.344,0.746,0.946,0.860,0.789,true,0.987
2166,00-0033879,O.J. Howard,TE,TB,2018,12,17,6,6,true,Unlabeled (IR),true,1,8,0.584,12.538,201901,0,1.435,5.275,1.370,1.576,1.285,1.507,1.388,1.285,1.696,0.411,true,0.421
2167,00-0033879,O.J. Howard,TE,TB,2019,8,9,2,0,false,Hamstring,false,1,8,0.760,7.463,201910,2,0.934,6.950,1.303,0.316,1.026,1.092,1.145,1.158,1.105,0.987,true,0.931
2168,00-0033879,O.J. Howard,TE,TB,2020,5,17,12,12,true,Achilles,true,1,8,0.719,7.775,202101,,0.383,1.733,0.125,0.237,0.264,0.904,0.821,0.904,0.710,0.640,true,0.223
2169,00-0033881,Evan Engram,TE,NYG,2017,17,17,1,0,false,Rib,true,1,8,0.830,13.400,201801,0,0.843,7.750,1.084,1.060,0.253,0.976,1.072,0.735,0.386,0.627,true,0.578
2170,00-0033881,Evan Engram,TE,NYG,2018,4,6,3,0,false,Knee,false,1,8,0.770,10.350,201807,0,0.854,8.825,1.052,1.156,0.792,0.416,0.675,0.896,0.857,0.935,true,0.853
2171,00-0033881,Evan Engram,TE,NYG,2018,13,13,1,0,false,Hamstring,false,1,8,0.665,9.175,201814,1,0.974,16.150,0.782,1.038,0.992,1.083,1.143,1.173,1.308,1.098,true,1.760
2172,00-0033881,Evan Engram,TE,NYG,2019,6,6,1,0,false,Knee,false,1,8,0.716,17.087,201907,0,1.166,7.375,1.159,1.229,0.963,1.312,1.354,1.187,1.173,1.131,true,0.432
2173,00-0033881,Evan Engram,TE,NYG,2019,10,17,7,2,false,Foot,true,1,8,0.801,14.938,202001,0,1.123,7.525,1.173,1.211,1.061,1.048,1.011,1.011,1.036,1.023,true,0.504
2174,00-0033881,Evan Engram,TE,NYG,2021,1,2,2,0,false,Calf,false,1,8,0.796,10.225,202103,1,0.851,6.100,0.703,0.854,0.929,0.917,0.766,0.980,1.030,1.130,true,0.597
2175,00-0033881,Evan Engram,TE,JAX,2024,3,4,2,0,false,Hamstring,false,1,8,0.797,16.588,202406,2,0.875,12.950,0.765,0.702,1.028,1.003,1.053,0.940,0.890,0.890,true,0.781
2176,00-0033881,Evan Engram,TE,JAX,2024,15,18,4,4,true,Unlabeled (IR),true,1,8,0.721,10.275,202501,,0.558,6.875,0.471,0.596,0.596,0.568,0.652,0.776,0.596,0.707,true,0.669
2177,00-0033881,Evan Engram,TE,DEN,2025,3,3,1,0,false,Back,false,1,8,0.691,9.362,202504,,0.676,9.825,0.622,0.593,0.680,0.810,0.622,0.738,0.637,0.579,true,1.049
2178,00-0033885,David Njoku,TE,CLE,2019,3,13,10,10,true,Concussion,false,1,8,0.785,9.450,201914,,0.306,5.667,0.471,0.089,0.293,0.369,0.510,0.764,0.752,0.446,true,0.600
2179,00-0033885,David Njoku,TE,CLE,2020,2,4,3,3,true,Unlabeled (IR),false,1,8,0.591,7.586,202005,2,0.795,4.050,0.490,0.677,1.015,0.998,0.592,0.863,1.015,0.693,true,0.534
2180,00-0033885,David Njoku,TE,CLE,2021,14,14,1,1,true,Unlabeled (IR),false,1,8,0.617,7.363,202115,0,1.166,5.450,1.619,0.923,1.166,0.955,1.441,1.522,1.425,1.490,true,0.740
2181,00-0033885,David Njoku,TE,CLE,2022,8,10,2,0,false,Ankle,false,1,8,0.824,10.125,202211,1,0.935,10.525,0.449,0.983,1.165,1.141,1.178,1.129,1.117,0.886,true,1.040
2182,00-0033885,David Njoku,TE,CLE,2022,13,13,1,0,false,Knee,false,1,8,0.784,10.363,202214,0,1.212,7.750,1.225,1.199,1.238,1.187,1.174,0.931,1.085,0.931,true,0.748
2183,00-0033885,David Njoku,TE,CLE,2024,2,4,3,0,false,Ankle,false,1,8,0.839,15.912,202405,1,0.841,12.800,0.501,0.882,0.978,1.001,0.918,1.025,1.168,1.097,true,0.804
2184,00-0033885,David Njoku,TE,CLE,2024,17,18,2,1,false,Knee,true,1,8,0.854,15.387,202501,0,0.955,6.700,0.984,0.960,0.890,0.984,1.124,0.515,0.691,0.796,true,0.435
2185,00-0033885,David Njoku,TE,CLE,2025,7,7,1,0,false,Knee,false,1,8,0.833,12.938,202508,,0.724,8.500,0.709,0.817,0.781,0.589,0.613,0.108,0.661,,true,0.657
2186,00-0033885,David Njoku,TE,CLE,2025,15,18,4,0,false,Knee,true,1,8,0.645,7.929,202601,,0.853,10.800,0.853,,,,,,,,true,1.362
2187,00-0033891,Zay Jones,WR,BUF,2017,10,10,1,0,false,Ankle,false,1,7,0.843,3.071,201711,0,0.958,9.100,0.973,0.985,1.151,0.724,0.842,0.890,0.890,1.115,true,2.963
2188,00-0033891,Zay Jones,WR,JAX,2023,3,4,2,0,false,Knee,false,1,8,0.858,14.725,202305,3,0.787,8.025,0.501,0.735,0.828,1.085,0.980,0.711,1.085,0.222,true,0.545
2189,00-0033891,Zay Jones,WR,JAX,2023,6,10,4,0,false,Knee,false,1,8,0.828,11.287,202311,1,0.940,7.175,0.761,0.858,1.124,1.015,0.737,1.124,0.230,0.314,true,0.636
2190,00-0033891,Zay Jones,WR,ARI,2024,1,6,6,5,true,Not injury related - other,false,1,8,0.712,8.425,202407,,0.361,0.650,0.267,0.365,0.267,0.547,0.533,0.547,0.477,0.421,true,0.077
2191,00-0033891,Zay Jones,WR,ARI,2025,4,4,1,0,false,Concussion,false,1,8,0.421,3.300,202505,0,1.395,8.133,1.187,1.875,1.282,1.234,0.332,,,,true,2.465
2192,00-0033891,Zay Jones,WR,ARI,2025,11,18,8,8,true,Knee,true,1,8,0.551,6.483,,,,,,,,,,,,,false,
2193,00-0033893,Dalvin Cook,RB,MIN,2017,5,17,12,12,true,Unlabeled (IR),true,1,3,0.693,17.667,201801,0,0.826,10.600,1.154,0.981,0.346,0.822,1.269,0.851,1.111,1.240,true,0.600
2194,00-0033893,Dalvin Cook,RB,MIN,2018,3,3,1,0,false,Hamstring,false,1,5,0.672,15.780,201804,2,0.848,8.875,0.357,0.848,1.310,0.878,1.146,1.280,0.908,1.116,true,0.562
2195,00-0033893,Dalvin Cook,RB,MIN,2018,7,8,2,0,false,Hamstring,false,1,6,0.673,15.150,201809,1,1.043,13.025,0.847,1.307,0.876,1.144,1.277,0.906,1.114,1.381,true,0.860
2196,00-0033893,Dalvin Cook,RB,MIN,2019,16,17,2,0,false,Shoulder,true,1,8,0.666,20.238,202001,0,1.073,23.350,0.871,1.201,1.111,1.111,0.615,1.321,0.991,1.201,true,1.154
2197,00-0033893,Dalvin Cook,RB,MIN,2020,6,6,1,0,false,Groin,false,1,8,0.625,18.287,202008,0,1.256,32.000,1.408,1.056,1.280,1.280,1.008,1.392,1.088,1.216,true,1.750
2198,00-0033893,Dalvin Cook,RB,MIN,2020,17,17,1,0,false,Not Injury Related,true,1,8,0.760,26.000,202101,0,0.891,16.475,0.934,1.013,0.645,0.974,0.934,1.053,1.079,1.000,true,0.634
2199,00-0033893,Dalvin Cook,RB,MIN,2021,13,13,1,0,false,Shoulder,false,1,8,0.725,16.525,202114,0,0.945,14.950,1.062,1.228,0.745,0.745,1.062,0.952,0.841,0.869,true,0.905
2200,00-0033893,Dalvin Cook,RB,MIN,2021,16,16,1,1,true,Shoulder,false,1,8,0.703,18.062,202117,2,0.904,8.725,0.769,0.769,1.096,0.982,0.868,0.897,0.811,1.238,true,0.483
2201,00-0033895,Gerald Everett,TE,LA,2019,13,15,3,0,false,Knee,false,1,8,0.618,9.838,201916,7,0.498,2.367,0.097,0.534,0.696,0.664,0.939,0.713,0.810,1.231,true,0.241
2202,00-0033895,Gerald Everett,TE,SEA,2021,4,5,2,2,true,Unlabeled (IR),false,1,8,0.672,4.975,202106,1,0.963,6.700,0.714,0.877,1.145,1.115,1.279,1.175,1.145,0.922,true,1.347
2203,00-0033895,Gerald Everett,TE,LAC,2023,11,11,1,0,false,Chest,false,1,8,0.571,7.487,202312,0,1.133,10.175,1.120,1.120,1.190,1.103,1.225,1.208,0.088,1.068,true,1.359
2204,00-0033896,Adam Shaheen,TE,CHI,2018,1,10,9,9,true,Unlabeled (IR),false,1,8,0.375,5.275,201811,3,0.873,5.467,0.693,0.773,0.827,1.200,1.200,1.520,1.227,0.880,true,1.036
2205,00-0033896,Adam Shaheen,TE,CHI,2018,12,12,1,0,false,Concussion,false,1,8,0.405,7.100,201813,2,0.926,5.267,0.716,0.765,1.111,1.111,1.407,1.136,0.815,0.864,true,0.742
2206,00-0033896,Adam Shaheen,TE,CHI,2019,11,17,7,4,false,Foot,true,1,8,0.364,2.629,202001,6,0.749,0.700,0.522,0.632,1.072,0.770,1.567,0.797,0.907,1.072,true,0.266
2207,00-0033896,Adam Shaheen,TE,MIA,2021,1,1,1,1,true,Unlabeled (IR),false,1,8,0.373,2.714,202102,1,0.926,1.750,0.725,0.913,1.020,1.047,1.879,1.584,1.289,1.477,true,0.645
2208,00-0033896,Adam Shaheen,TE,MIA,2021,12,12,1,0,false,Knee,false,1,8,0.463,3.350,202116,,0.786,,0.627,0.670,1.059,,,,,,true,
2209,00-0033896,Adam Shaheen,TE,MIA,2022,1,18,17,17,true,Unlabeled (IR),true,1,8,0.494,3.833,,,,,,,,,,,,,false,
2210,00-0033897,Joe Mixon,RB,CIN,2017,14,14,1,0,false,Concussion,false,1,8,0.600,12.325,201716,4,0.704,12.375,0.117,0.533,1.317,0.850,1.300,1.150,1.283,1.383,true,1.004
2211,00-0033897,Joe Mixon,RB,CIN,2018,3,4,2,0,false,Knee,false,1,8,0.521,12.750,201805,0,1.472,18.950,1.496,1.324,1.477,1.592,1.285,1.189,1.381,1.094,true,1.486
2212,00-0033897,Joe Mixon,RB,CIN,2020,7,17,9,7,false,Foot,true,2,8,0.655,17.900,202101,0,1.164,14.300,1.191,1.282,1.130,1.053,0.427,0.962,0.824,1.160,true,0.799
2213,00-0033897,Joe Mixon,RB,CIN,2021,18,18,1,1,true,Unlabeled (IR),true,1,8,0.686,20.800,202201,0,1.086,14.250,1.064,1.107,0.962,1.209,1.020,1.049,1.049,1.049,true,0.685
2214,00-0033897,Joe Mixon,RB,CIN,2022,12,12,1,0,false,Concussion,false,1,8,0.720,18.775,202214,4,0.819,14.650,0.806,0.889,0.819,0.764,0.875,1.083,1.042,1.097,true,0.780
2215,00-0033897,Joe Mixon,RB,HOU,2024,5,5,1,0,false,Ankle,false,1,8,0.645,19.188,202406,1,0.930,23.400,0.651,1.023,1.178,0.868,1.178,1.256,1.194,1.163,true,1.220
2216,00-0033897,Joe Mixon,RB,HOU,2025,1,18,17,17,true,Unlabeled (IR),true,1,8,0.679,15.613,,,,,,,,,,,,,false,
2217,00-0033906,Alvin Kamara,RB,NO,2019,7,7,1,0,false,Ankle,false,1,8,0.704,20.290,201910,0,1.034,17.300,1.123,0.895,0.952,1.165,1.080,0.895,0.895,0.583,true,0.853
2218,00-0033906,Alvin Kamara,RB,NO,2020,17,17,1,1,true,Unlabeled (IR),true,1,8,0.623,18.900,202101,0,1.317,14.475,1.173,1.349,1.349,1.398,1.414,1.317,1.076,1.092,true,0.766
2219,00-0033906,Alvin Kamara,RB,NO,2021,10,12,3,0,false,Knee,false,1,8,0.781,24.225,202114,3,0.874,14.625,0.947,0.781,0.768,0.998,0.998,0.794,0.896,0.934,true,0.604
2220,00-0033906,Alvin Kamara,RB,NO,2023,1,3,3,3,true,Unlabeled (IR),false,1,8,0.691,10.338,202304,0,1.052,21.700,1.085,0.911,1.157,1.056,0.839,0.709,1.099,0.926,true,2.099
2221,00-0033906,Alvin Kamara,RB,NO,2024,16,17,2,0,false,Groin,false,1,8,0.719,16.137,202501,0,1.085,11.875,1.099,1.197,1.030,1.016,0.779,0.863,1.169,0.710,true,0.736
2222,00-0033906,Alvin Kamara,RB,NO,2025,13,18,6,0,false,Knee,true,1,8,0.653,8.438,,,,,,,,,,,,,false,
2223,00-0033908,Cooper Kupp,WR,LA,2018,7,7,1,0,false,Knee,false,1,8,0.881,18.562,201809,0,1.038,14.500,1.135,0.942,1.010,1.067,1.112,1.089,0.749,0.965,true,0.781
2224,00-0033908,Cooper Kupp,WR,LA,2018,11,17,6,5,false,Knee,true,1,8,0.846,17.837,201901,0,1.114,22.300,1.052,1.111,1.158,1.134,0.780,1.004,0.733,1.146,true,1.250
2225,00-0033908,Cooper Kupp,WR,LA,2020,17,17,1,1,true,Unlabeled (IR),true,1,8,0.756,14.250,202101,0,1.230,25.650,1.243,1.322,1.084,1.269,1.164,1.098,1.283,1.150,true,1.800
2226,00-0033908,Cooper Kupp,WR,LA,2022,11,4,12,12,true,Hamstring,false,2,8,0.985,24.813,202305,0,1.003,15.150,0.964,1.015,1.015,1.015,0.853,0.274,0.893,0.995,true,0.611
2227,00-0033908,Cooper Kupp,WR,LA,2024,3,5,3,0,false,Ankle,false,1,8,0.885,16.125,202408,1,0.879,20.275,0.655,1.040,1.017,0.802,1.073,1.028,0.938,0.960,true,1.257
2228,00-0033911,Taywan Taylor,WR,CLE,2020,13,1,6,5,false,Neck,false,2,8,0.389,3.180,,,,,,,,,,,,,false,
2230,00-0033921,Chris Godwin Jr.,WR,TB,2019,16,17,2,0,false,Hamstring,true,1,8,0.948,17.363,202001,0,0.844,16.225,0.992,0.855,0.665,0.865,0.992,0.950,1.045,0.971,true,0.934
2231,00-0033921,Chris Godwin Jr.,WR,TB,2020,4,5,2,0,false,Hamstring,false,1,8,0.897,16.812,202006,1,0.916,13.975,0.702,0.914,1.047,1.003,1.103,1.025,0.958,0.981,true,0.831
2232,00-0033921,Chris Godwin Jr.,WR,TB,2020,8,8,1,0,false,Finger,false,1,8,0.841,16.800,202009,0,1.114,14.575,1.117,1.070,1.177,1.094,1.022,1.046,0.785,1.046,true,0.868
2233,00-0033921,Chris Godwin Jr.,WR,TB,2021,16,18,3,3,true,Unlabeled (IR),true,1,8,0.911,18.713,202201,3,0.700,11.800,0.340,0.911,0.571,0.977,1.032,0.988,1.010,0.977,true,0.631
2234,00-0033921,Chris Godwin Jr.,WR,TB,2022,2,3,2,0,false,Hamstring,false,1,8,0.825,18.913,202204,2,0.964,13.050,1.006,0.630,1.079,1.139,1.091,1.115,1.079,1.164,true,0.690
2235,00-0033921,Chris Godwin Jr.,WR,TB,2024,8,3,13,10,true,Ankle,false,2,8,0.859,19.113,202504,0,0.757,6.225,0.943,0.897,0.419,0.769,0.803,1.118,0.745,0.920,true,0.326
2236,00-0033921,Chris Godwin Jr.,WR,TB,2025,6,11,5,0,false,Fibula,false,1,8,0.863,17.925,202512,,0.774,9.550,0.417,0.765,0.800,1.113,0.742,0.916,0.812,0.997,true,0.533
2237,00-0033923,Kareem Hunt,RB,CLE,2021,7,11,5,5,true,Calf,false,1,8,0.444,14.812,202112,2,0.901,9.550,0.856,0.451,1.262,1.037,0.992,1.104,1.104,0.969,true,0.645
2238,00-0033923,Kareem Hunt,RB,CLE,2021,15,16,2,2,true,Ankle,false,1,8,0.482,13.913,202201,0,1.010,12.575,1.161,0.953,0.912,1.016,1.016,0.891,0.974,0.953,true,0.904
2239,00-0033925,D'Onta Foreman,RB,HOU,2017,12,13,18,18,true,Unlabeled (IR),false,2,8,0.225,4.800,201816,6,0.967,6.200,2.133,0.444,0.667,0.622,0.044,0.311,0.933,1.556,true,1.292
2241,00-0033932,Kenny Golladay,WR,DET,2020,2,2,1,0,false,Hamstring,false,1,8,0.926,15.250,202003,5,0.845,16.450,0.788,0.885,0.799,0.907,0.324,0.918,0.907,0.745,true,1.079
2242,00-0033932,Kenny Golladay,WR,DET,2020,9,17,9,0,false,Hip,true,1,8,0.794,14.975,202101,0,1.039,11.300,1.071,1.058,0.869,1.159,0.441,0.693,0.957,0.970,true,0.755
2243,00-0033932,Kenny Golladay,WR,NYG,2021,6,8,3,0,false,Knee,false,1,8,0.750,11.662,202109,1,0.887,5.425,0.733,1.013,1.027,0.773,1.173,1.200,1.067,1.067,true,0.465
2244,00-0033932,Kenny Golladay,WR,NYG,2022,5,8,4,0,false,Knee,false,1,8,0.654,3.771,202210,,0.489,2.450,0.581,0.658,0.459,0.260,0.031,0.046,0.168,1.530,true,0.650
2245,00-0033933,Chad Williams,WR,ARI,2018,10,12,3,0,false,Ankle,false,1,8,0.709,3.025,201816,,0.668,4.233,0.776,1.086,0.141,,,,,,true,1.399
2246,00-0033936,C.J. Beathard,QB,JAX,2021,18,18,1,1,true,Unlabeled (IR),true,1,8,0.504,8.263,202203,,0.208,-0.250,0.020,0.139,0.079,0.596,0.139,0.099,0.099,0.218,true,-0.030
2247,00-0033937,Amara Darboh,WR,SEA,2018,2,17,15,15,true,Unlabeled (IR),true,1,8,0.167,1.550,,,,,,,,,,,,,false,
2248,00-0033943,Josh Reynolds,WR,DET,2021,17,17,1,1,true,Thigh,false,1,8,0.591,8.714,202118,0,1.328,8.575,1.404,1.353,1.218,1.336,1.421,1.539,1.353,1.353,true,0.984
2249,00-0033943,Josh Reynolds,WR,DET,2022,10,10,1,0,false,Back,false,1,8,0.810,9.750,202212,7,0.648,10.500,0.136,0.975,0.753,0.728,0.753,0.543,0.494,0.864,true,1.077
2250,00-0033943,Josh Reynolds,WR,DEN,2024,6,13,8,8,true,Hand,false,1,8,0.647,6.100,202415,3,0.703,0.700,0.510,0.664,0.741,0.896,1.498,1.035,1.143,1.359,true,0.115
2251,00-0033943,Josh Reynolds,WR,NYJ,2025,2,3,2,0,false,Hamstring,false,1,8,0.489,4.129,202504,0,1.657,4.825,1.371,1.514,1.801,1.944,,,,,true,1.169
2252,00-0033943,Josh Reynolds,WR,NYJ,2025,8,18,10,10,true,Hip,true,1,8,0.635,2.757,,,,,,,,,,,,,false,
2253,00-0033948,Jamaal Williams,RB,GB,2019,5,5,1,0,false,Concussion,false,1,8,0.604,10.988,201906,,0.766,18.050,0.878,0.663,0.795,0.729,0.828,0.795,0.696,0.696,true,1.643
2254,00-0033948,Jamaal Williams,RB,GB,2020,9,9,1,1,true,Not Injury Related,false,1,8,0.472,9.250,202010,0,0.942,9.000,1.016,1.058,0.974,0.720,0.635,0.127,0.550,0.741,true,0.973
2255,00-0033948,Jamaal Williams,RB,DET,2021,10,10,1,0,false,Thigh,false,1,8,0.309,8.750,202111,0,1.449,7.775,0.874,2.040,1.522,1.360,1.036,1.328,1.069,1.101,true,0.889
2256,00-0033948,Jamaal Williams,RB,DET,2021,14,15,2,2,true,Unlabeled (IR),false,1,8,0.374,7.312,202116,0,0.990,10.825,1.124,0.856,1.097,0.883,0.910,1.204,1.311,0.883,true,1.480
2257,00-0033948,Jamaal Williams,RB,NO,2023,3,6,4,4,true,Hamstring,false,1,8,0.416,9.950,202307,6,0.661,2.850,0.529,0.553,1.033,0.529,0.673,0.793,1.057,1.129,true,0.286
2258,00-0033948,Jamaal Williams,RB,NO,2024,11,11,1,0,false,Groin,false,1,8,0.220,4.562,202413,4,0.477,1.500,0.273,0.318,0.500,0.818,1.909,1.636,,,true,0.329
2259,00-0033949,Joshua Dobbs,QB,PIT,2021,1,18,17,17,true,Unlabeled (IR),true,1,5,0.100,0.164,202217,0,9.975,11.760,10.000,9.900,10.000,10.000,10.000,10.000,10.000,10.000,true,71.707
2260,00-0033950,Wayne Gallman,RB,NYG,2019,6,6,1,0,false,Concussion,false,1,8,0.310,7.450,201907,,0.540,1.500,0.452,0.581,0.581,0.548,0.097,0.129,1.129,0.484,true,0.201
2262,00-0033951,Marlon Mack,RB,IND,2018,3,5,2,0,false,Foot,false,2,8,0.353,5.750,201806,0,1.518,19.725,0.993,1.589,1.787,1.702,1.730,1.475,1.078,1.702,true,3.430
2263,00-0033951,Marlon Mack,RB,IND,2019,12,13,2,0,false,Hand,false,1,8,0.583,11.188,201914,,0.781,12.375,0.704,0.773,0.824,0.824,0.258,0.326,0.532,0.240,true,1.106
2264,00-0033951,Marlon Mack,RB,IND,2020,2,17,15,15,true,Unlabeled (IR),true,1,8,0.471,12.563,202102,,0.440,3.125,0.403,0.658,0.297,0.403,0.127,0.021,0.212,0.191,true,0.249
2265,00-0033951,Marlon Mack,RB,DEN,2022,18,18,18,18,true,Unlabeled (IR),true,2,8,0.150,6.300,,,,,,,,,,,,,false,
2267,00-0033955,Jeremy McNichols,RB,TEN,2021,11,12,2,0,false,Concussion,false,1,8,0.247,7.329,202114,0,1.202,3.550,1.535,1.172,1.697,0.404,0.040,0.566,1.535,0.889,true,0.484
2268,00-0033955,Jeremy McNichols,RB,PIT,2022,1,18,17,17,true,Unlabeled (IR),true,1,8,0.276,4.200,202402,4,0.679,10.300,0.036,0.507,1.376,0.796,1.339,0.905,0.253,1.412,true,2.452
2269,00-0033955,Jeremy McNichols,RB,WAS,2026,1,2,2,2,true,Unlabeled (IR),false,1,8,0.355,3.175,,,,,,,,,,,,,false,
2271,00-0033958,Nathan Peterman,QB,BUF,2017,15,15,1,0,false,Concussion,false,1,3,0.313,1.033,201801,0,1.524,3.210,1.596,1.245,0.096,3.160,0.543,0.191,0.064,0.255,true,3.106
2272,00-0033958,Nathan Peterman,QB,OAK,2019,1,17,16,16,true,Unlabeled (IR),true,1,7,0.351,1.451,202012,,0.235,0.275,0.484,0.171,0.057,0.228,2.134,0.114,0.057,,true,0.189
2274,00-0033968,Stacy Coley,WR,NYG,2018,5,6,2,2,true,Hamstring,false,1,4,0.087,0.000,,,,,,,,,,,,,false,
2277,00-0033992,Lance Lenoir,WR,DAL,2019,1,17,16,16,true,Unlabeled (IR),true,1,4,0.020,0.000,,,,,,,,,,,,,false,
2280,00-0034011,Dan Arnold,TE,JAX,2021,13,18,6,6,true,Unlabeled (IR),true,1,8,0.583,7.850,202201,,0.270,2.700,0.275,0.395,0.189,0.223,0.189,0.086,0.240,0.361,true,0.344
2281,00-0034052,Brandon Zylstra,WR,CAR,2021,7,9,3,3,true,Unlabeled (IR),false,1,8,0.149,3.633,202110,0,3.328,4.350,2.958,3.160,3.429,3.765,4.773,0.336,4.639,,true,1.197
2282,00-0034052,Brandon Zylstra,WR,CAR,2021,16,16,1,1,true,Unlabeled (IR),false,1,8,0.384,3.988,202117,,0.964,0.000,0.130,1.798,,,,,,,true,0.000
2283,00-0034054,River Cracraft,WR,MIA,2022,8,9,2,0,false,Neck,false,1,8,0.205,2.714,202212,0,1.500,5.300,1.610,2.098,1.171,1.122,1.951,1.415,1.659,1.463,true,1.953
2284,00-0034054,River Cracraft,WR,MIA,2023,4,9,6,6,true,Shoulder,false,1,8,0.280,5.717,202311,0,1.089,3.600,1.071,1.214,1.393,0.679,0.464,0.786,0.607,0.286,true,0.630
2285,00-0034054,River Cracraft,WR,MIA,2024,1,9,8,8,true,Shoulder,false,1,8,0.275,2.825,202410,4,0.491,0.000,0.291,0.327,0.873,0.473,1.164,0.982,1.200,1.309,true,0.000
2287,00-0034073,Ross Dwelley,TE,SF,2023,14,18,5,1,false,Ankle,true,1,8,0.099,1.100,202401,4,0.354,0.000,0.405,0.304,0.506,0.203,1.316,1.114,0.810,0.506,true,0.000
2291,00-0034104,Cam Sims,WR,WAS,2021,5,7,3,0,false,Hamstring,false,1,8,0.660,6.943,202108,7,0.261,3.975,0.318,0.273,0.242,0.212,0.288,0.894,0.682,0.939,true,0.573
2292,00-0034104,Cam Sims,WR,CAR,2024,1,1,1,1,true,Unlabeled (IR),false,1,8,0.198,1.383,,,,,,,,,,,,,false,
2293,00-0034109,Phillip Lindsay,RB,DEN,2018,17,17,1,1,true,Wrist,true,1,8,0.566,17.900,201901,,0.892,14.300,0.936,0.848,0.989,0.795,0.830,0.830,0.706,0.865,true,0.799
2294,00-0034109,Phillip Lindsay,RB,DEN,2020,2,2,1,0,false,Foot,false,1,8,0.525,10.438,202006,,0.781,8.975,1.200,0.343,0.857,0.724,0.571,0.800,0.629,0.743,true,0.860
2295,00-0034109,Phillip Lindsay,RB,DEN,2020,16,17,2,2,true,Hip,true,1,8,0.366,5.487,202101,,0.560,4.575,0.710,0.628,0.437,0.464,0.601,0.410,0.191,0.355,true,0.834
2296,00-0034109,Phillip Lindsay,RB,MIA,2021,15,15,1,1,true,Unlabeled (IR),false,1,8,0.141,1.725,202116,2,1.770,4.475,2.053,0.779,1.558,2.690,2.336,1.062,,,true,2.594
2297,00-0034115,Jeff Wilson,RB,SF,2020,8,10,3,3,true,Ankle,false,1,8,0.114,5.363,202012,0,3.846,7.825,3.077,4.044,4.220,4.044,6.154,7.297,2.813,5.099,true,1.459
2298,00-0034115,Jeff Wilson,RB,SF,2021,1,8,7,7,true,Unlabeled (IR),false,1,8,0.415,12.038,202110,4,0.645,3.767,0.771,1.398,0.337,0.072,1.422,2.120,1.807,0.458,true,0.313
2299,00-0034115,Jeff Wilson,RB,MIA,2023,1,6,6,6,true,Ribs,false,1,8,0.481,10.088,202307,,0.462,6.050,0.291,0.519,0.353,0.686,0.166,0.021,0.270,0.478,true,0.600
2302,00-0034159,Will Dissly,TE,SEA,2018,5,17,12,12,true,Unlabeled (IR),true,1,3,0.620,11.367,201901,1,0.980,15.275,0.823,0.952,0.871,1.274,1.435,0.355,0.645,0.790,true,1.344
2303,00-0034159,Will Dissly,TE,SEA,2019,7,17,10,10,true,Achilles,true,1,8,0.590,11.250,202001,5,0.725,2.675,0.678,0.831,0.661,0.729,0.627,0.983,1.068,0.542,true,0.238
2304,00-0034159,Will Dissly,TE,SEA,2021,16,16,1,1,true,Unlabeled (IR),false,1,8,0.574,4.000,202117,3,0.932,7.375,0.680,1.168,0.819,1.063,1.272,1.098,1.133,1.325,true,1.844
2305,00-0034159,Will Dissly,TE,SEA,2022,17,18,2,2,true,Unlabeled (IR),true,1,8,0.597,4.512,202301,1,0.745,3.867,0.519,0.854,0.887,0.720,0.954,0.669,0.368,0.686,true,0.857
2306,00-0034159,Will Dissly,TE,LAC,2024,15,16,2,0,false,Shoulder,false,1,8,0.656,8.675,202417,1,0.754,5.950,0.670,0.869,0.869,0.610,0.625,0.061,0.549,0.488,true,0.686
2307,00-0034159,Will Dissly,TE,LAC,2025,3,4,2,0,false,Knee,false,1,8,0.559,7.588,202506,,0.506,1.633,0.734,0.072,0.644,0.573,0.394,0.197,0.787,,true,0.215
2308,00-0034164,Trenton Cannon,RB,NYJ,2019,8,17,10,9,false,Foot,true,1,8,0.239,3.637,202005,,0.356,1.325,0.209,0.503,0.293,0.419,0.251,0.628,0.126,0.168,true,0.364
2309,00-0034164,Trenton Cannon,RB,SF,2021,14,18,20,20,true,Concussion,true,2,8,0.077,0.375,,,,,,,,,,,,,false,
2311,00-0034169,Marcus Baugh,TE,WAS,2020,5,5,1,0,false,Not Injury Related,false,1,3,0.273,1.200,202014,,0.210,,0.220,0.146,0.110,0.366,,,,,true,
2312,00-0034171,Jason Cabinda,RB,DET,2021,17,9,10,8,false,Knee,false,2,8,0.166,1.980,202210,0,1.278,0.133,1.263,2.526,0.782,0.541,0.962,0.902,1.263,1.083,true,0.067
2313,00-0034171,Jason Cabinda,RB,DET,2022,16,16,1,0,false,Illness,false,1,8,0.200,1.767,202217,0,0.787,0.750,1.050,0.900,0.800,0.400,0.700,0.450,,,true,0.425
2314,00-0034171,Jason Cabinda,RB,DET,2023,4,16,12,11,false,Knee,false,1,8,0.145,0.380,202318,,0.621,0.000,0.621,,,,,,,,true,0.000
2315,00-0034177,Tim Boyle,QB,DET,2021,1,10,9,9,true,Unlabeled (IR),false,1,8,0.043,-0.125,202111,2,17.765,8.147,23.529,0.471,23.529,23.529,0.471,5.882,7.765,23.529,true,
2316,00-0034184,Gus Edwards,RB,BAL,2021,1,6,23,23,true,Knee,false,2,8,0.354,9.713,202207,,0.926,8.875,1.018,0.594,1.413,0.678,0.961,0.481,1.131,0.481,true,0.914
2317,00-0034184,Gus Edwards,RB,LAC,2024,6,9,4,4,true,Ankle,false,1,8,0.404,6.700,202410,3,0.718,4.900,0.619,0.396,0.570,1.288,1.065,0.669,1.139,,true,0.731
2318,00-0034184,Gus Edwards,RB,LAC,2024,17,18,2,0,false,Ankle,true,1,8,0.307,4.288,,,,,,,,,,,,,false,
2321,00-0034208,Mike Boone,RB,DEN,2021,1,5,5,5,true,Unlabeled (IR),false,1,8,0.186,8.271,202106,6,0.443,3.850,0.376,0.107,1.181,0.107,0.268,0.537,1.020,1.933,true,0.465
2322,00-0034208,Mike Boone,RB,DEN,2021,14,15,2,2,true,Unlabeled (IR),false,1,8,0.064,2.700,202117,2,1.412,0.600,0.314,0.784,1.569,2.980,5.647,6.431,5.647,1.725,true,0.222
2323,00-0034208,Mike Boone,RB,DEN,2022,8,12,4,4,true,Unlabeled (IR),false,1,8,0.214,4.067,202213,,0.901,3.325,1.076,0.702,1.497,0.327,0.281,0.561,0.749,0.795,true,0.818
2324,00-0034208,Mike Boone,RB,DEN,2022,15,18,4,4,true,Unlabeled (IR),true,1,8,0.226,3.414,202301,,0.630,1.300,1.414,0.309,0.265,0.530,0.707,0.751,1.149,0.840,true,0.381
2326,00-0034221,Roc Thomas,RB,MIN,2018,9,9,1,0,false,Hamstring,false,1,4,0.098,1.175,,,,,,,,,,,,,false,
2328,00-0034253,Dontrell Hilliard,RB,CLE,2019,2,2,1,0,false,Concussion,false,1,8,0.091,2.014,201903,1,1.644,4.275,0.110,4.055,0.986,1.425,4.055,4.384,1.315,0.110,true,2.122
2329,00-0034253,Dontrell Hilliard,RB,CLE,2019,17,17,1,1,true,Neck,true,1,8,0.138,1.350,202004,0,2.655,10.125,1.455,0.873,4.582,3.709,2.473,2.618,1.527,1.745,true,7.500
2330,00-0034253,Dontrell Hilliard,RB,TEN,2022,2,2,1,0,false,Hamstring,false,1,8,0.364,9.450,202203,1,0.790,5.975,0.660,0.852,0.852,0.797,0.770,0.852,1.155,0.495,true,0.632
2331,00-0034253,Dontrell Hilliard,RB,TEN,2022,15,18,4,4,true,Neck,true,1,8,0.315,5.513,,,,,,,,,,,,,false,
2332,00-0034256,Da'Mari Scott,WR,NYG,2020,8,17,9,9,true,Unlabeled (IR),true,1,5,0.146,1.175,,,,,,,,,,,,,false,
2333,00-0034258,Derrick Willies,WR,CLE,2018,6,17,11,11,true,Shoulder,true,1,3,0.013,,202016,,3.000,,3.000,,,,,,,,true,
2335,00-0034270,Tyler Conklin,TE,NYJ,2024,15,15,1,0,false,Not injury related - personal matter,false,1,8,0.815,6.225,202416,0,0.693,12.350,0.945,1.031,0.270,0.528,0.613,0.319,0.233,0.368,true,1.984
2336,00-0034272,Marquez Valdes-Scantling,WR,GB,2021,4,8,5,5,true,Hamstring,false,1,8,0.660,6.983,202109,1,1.027,10.075,0.818,1.000,1.227,1.061,1.000,1.000,0.985,0.333,true,1.443
2337,00-0034272,Marquez Valdes-Scantling,WR,GB,2021,16,16,1,1,true,Back,false,1,8,0.661,8.112,202117,2,0.904,3.175,0.983,0.333,1.104,1.195,1.180,1.043,1.225,1.240,true,0.391
2338,00-0034279,Equanimeous St. Brown,WR,GB,2019,1,4,19,19,true,Knee,false,2,8,0.475,3.138,202006,,0.305,1.100,0.358,0.105,0.632,0.126,1.011,0.526,1.137,0.379,true,0.351
2339,00-0034279,Equanimeous St. Brown,WR,CHI,2022,16,16,1,0,false,Concussion,false,1,8,0.557,3.638,202217,,0.744,2.100,1.112,0.143,1.040,0.682,0.700,0.771,0.879,0.700,true,0.577
2340,00-0034279,Equanimeous St. Brown,WR,CHI,2023,6,9,4,4,true,Hamstring,false,1,8,0.442,3.750,202310,0,0.960,2.650,0.881,0.972,1.107,0.881,1.130,0.023,1.062,,true,0.707
2341,00-0034279,Equanimeous St. Brown,WR,CHI,2023,14,16,3,0,false,Pectoral,false,1,8,0.389,3.538,202317,0,0.881,2.800,1.003,1.286,0.026,1.209,,,,,true,0.792
2342,00-0034286,Richie James,WR,SF,2020,2,4,3,3,true,Hamstring,false,1,8,0.131,0.825,202006,1,4.190,9.750,0.762,1.829,6.781,7.390,6.705,0.838,2.438,4.876,true,11.818
2343,00-0034286,Richie James,WR,SF,2021,1,18,17,17,true,Unlabeled (IR),true,1,8,0.620,7.350,202201,,0.879,7.775,1.129,0.677,1.194,0.516,0.871,0.548,0.145,0.097,true,1.058
2344,00-0034286,Richie James,WR,KC,2023,3,9,7,7,true,Knee,false,1,8,0.639,12.550,202312,,0.160,1.575,0.235,0.094,0.266,0.047,0.517,0.344,1.299,,true,0.125
2347,00-0034297,Byron Pringle,WR,KC,2020,12,14,3,3,true,Unlabeled (IR),false,1,8,0.277,5.275,202015,5,1.063,5.600,0.216,0.360,3.063,0.613,0.793,1.369,0.901,1.081,true,1.062
2348,00-0034297,Byron Pringle,WR,CHI,2022,4,9,6,6,true,Unlabeled (IR),false,1,8,0.559,7.150,202210,4,0.649,3.800,0.591,0.358,0.966,0.680,1.611,1.539,1.342,0.984,true,0.531
2349,00-0034301,Darrel Williams,RB,KC,2019,14,17,4,4,true,Hamstring,true,1,8,0.263,6.186,202001,3,0.895,2.525,1.257,0.495,0.800,1.029,1.524,1.219,0.076,0.457,true,0.408
2350,00-0034301,Darrel Williams,RB,ARI,2022,6,7,2,0,false,Knee,false,1,8,0.388,9.475,202208,,0.697,3.400,0.697,,,,,,,,true,0.359
2351,00-0034301,Darrel Williams,RB,ARI,2022,9,18,9,9,true,Hip,true,1,8,0.359,7.975,,,,,,,,,,,,,false,
2354,00-0034309,Chad Beebe,WR,MIN,2019,4,17,13,13,true,Unlabeled (IR),true,1,5,0.256,3.380,202003,0,1.250,2.367,1.328,0.938,1.211,1.523,0.820,1.133,1.172,1.016,true,0.700
2355,00-0034309,Chad Beebe,WR,MIN,2021,1,18,17,17,true,Unlabeled (IR),true,1,8,0.340,4.286,,,,,,,,,,,,,false,
2359,00-0034317,Keith Kirkwood,WR,NO,2019,3,3,17,17,true,Unlabeled (IR),false,2,8,0.440,6.557,202006,0,0.892,1.750,1.159,1.023,1.068,0.318,0.886,1.614,0.682,0.932,true,0.267
2360,00-0034317,Keith Kirkwood,WR,CAR,2020,7,17,10,10,true,Unlabeled (IR),true,1,8,0.406,6.567,202107,0,0.892,1.525,1.108,1.157,0.345,0.960,1.748,0.738,1.009,1.157,true,0.232
2361,00-0034331,Jaylen Samuels,RB,PIT,2019,6,6,1,0,false,Knee,false,1,8,0.501,13.034,201909,0,0.918,12.000,1.297,1.097,0.698,0.579,1.137,0.918,0.579,1.257,true,0.921
2362,00-0034331,Jaylen Samuels,RB,PIT,2020,11,12,2,0,false,Quadricep,false,1,8,0.155,0.983,202013,0,1.645,4.367,2.452,3.032,0.710,0.387,0.968,0.065,0.839,,true,4.441
2365,00-0034339,Trey Quinn,WR,WAS,2019,14,17,4,2,false,Concussion,true,1,8,0.598,2.863,202012,,0.084,0.000,0.084,,,,,,,,true,0.000
2366,00-0034348,Courtland Sutton,WR,DEN,2020,3,17,14,14,true,Shoulder,true,1,8,0.929,12.728,202101,3,0.883,10.925,0.861,0.829,0.818,1.023,0.969,0.948,1.012,0.937,true,0.858
2367,00-0034348,Courtland Sutton,WR,DEN,2022,14,15,2,0,false,Hamstring,false,1,8,0.939,9.838,202216,1,0.905,11.325,0.842,0.863,1.001,0.916,0.948,1.012,0.884,0.916,true,1.151
2368,00-0034348,Courtland Sutton,WR,DEN,2023,17,17,1,0,false,Concussion,false,1,8,0.830,14.562,202318,1,0.904,6.600,0.554,1.096,1.072,0.892,0.952,0.976,1.024,1.036,true,0.453
2369,00-0034349,Kerryon Johnson,RB,DET,2018,12,17,6,2,false,Knee,true,1,8,0.552,14.375,201901,0,1.172,13.000,1.032,0.995,1.394,1.267,1.285,0.271,0.579,0.814,true,0.904
2370,00-0034349,Kerryon Johnson,RB,DET,2019,8,15,8,8,true,Unlabeled (IR),false,1,8,0.635,14.513,201916,,0.531,6.800,0.504,0.709,0.409,0.504,0.472,0.283,0.346,0.362,true,0.469
2371,00-0034351,Dallas Goedert,TE,PHI,2020,4,7,4,4,true,Unlabeled (IR),false,1,8,0.819,13.013,202008,0,1.151,12.250,1.026,1.136,1.221,1.221,1.026,1.050,1.075,0.684,true,0.941
2372,00-0034351,Dallas Goedert,TE,PHI,2020,17,17,1,0,false,Calf,true,1,8,0.802,9.812,202101,,0.847,10.950,0.910,0.822,0.735,0.922,0.835,1.159,0.847,1.159,true,1.116
2373,00-0034351,Dallas Goedert,TE,PHI,2021,6,6,1,1,true,Illness,false,1,8,0.733,9.800,202107,0,0.935,9.325,1.270,0.928,1.270,0.273,1.311,1.311,1.311,1.270,true,0.952
2374,00-0034351,Dallas Goedert,TE,PHI,2021,18,18,1,1,true,Unlabeled (IR),true,1,8,0.807,11.412,202201,0,1.022,11.500,1.139,1.040,0.793,1.115,1.189,1.226,0.916,1.127,true,1.008
2375,00-0034351,Dallas Goedert,TE,PHI,2022,11,15,5,5,true,Unlabeled (IR),false,1,8,0.862,13.012,202216,0,1.107,6.950,1.090,1.113,1.159,1.067,1.113,1.078,1.159,1.101,true,0.534
2376,00-0034351,Dallas Goedert,TE,PHI,2023,11,12,2,0,false,Forearm,false,1,8,0.905,10.375,202314,0,0.959,10.975,0.928,0.928,0.939,1.039,0.387,0.906,1.072,0.950,true,1.058
2377,00-0034351,Dallas Goedert,TE,PHI,2024,7,9,3,0,false,Hamstring,false,1,8,0.782,11.550,202410,1,0.952,10.000,0.805,1.137,0.958,0.907,0.243,1.061,1.163,0.958,true,0.866
2378,00-0034351,Dallas Goedert,TE,PHI,2024,14,17,4,4,true,Knee,false,1,8,0.700,10.200,202418,1,0.957,12.725,0.271,1.186,1.300,1.071,1.129,1.271,1.400,0.900,true,1.248
2379,00-0034351,Dallas Goedert,TE,PHI,2025,2,2,1,0,false,Knee,false,1,8,0.589,11.213,202503,0,1.418,16.725,1.546,1.274,1.342,1.512,1.665,1.070,1.461,1.529,true,1.492
2380,00-0034351,Dallas Goedert,TE,PHI,2025,18,18,1,0,false,Knee,true,1,8,0.843,11.525,202601,,1.128,23.700,1.128,,,,,,,,true,2.056
2382,00-0034353,Anthony Miller,WR,PIT,2022,1,18,17,17,true,Unlabeled (IR),true,1,8,0.547,5.275,202416,,0.137,2.600,0.037,0.237,,,,,,,true,0.493
2385,00-0034358,Derrius Guice,RB,WAS,2019,15,17,3,3,true,Unlabeled (IR),true,1,4,0.345,13.300,,,,,,,,,,,,,false,
2386,00-0034365,Ian Thomas,TE,CAR,2023,6,10,4,4,true,Calf,false,1,8,0.405,1.180,202311,,0.815,1.750,0.667,0.840,1.654,0.099,0.444,0.272,0.914,0.815,true,1.483
2387,00-0034365,Ian Thomas,TE,CAR,2023,15,15,1,0,false,Ankle,false,1,8,0.314,1.517,202316,2,0.789,0.500,0.574,0.351,1.179,1.052,1.562,0.892,1.275,0.701,true,0.330
2388,00-0034365,Ian Thomas,TE,CAR,2024,1,5,5,5,true,Calf,false,1,8,0.271,1.460,202406,0,1.382,1.200,1.217,1.806,1.032,1.475,0.811,1.180,0.369,1.069,true,0.822
2389,00-0034365,Ian Thomas,TE,CAR,2024,12,18,7,7,true,Unlabeled (IR),true,1,8,0.275,0.975,202501,2,1.155,0.000,1.164,0.364,1.055,2.036,2.036,1.091,1.236,0.618,true,0.000
2390,00-0034366,Keke Coutee,WR,HOU,2018,8,8,1,0,false,Hamstring,false,1,3,0.793,15.100,201811,7,0.567,6.267,0.845,0.529,0.555,0.340,0.718,0.555,0.618,0.882,true,0.415
2391,00-0034366,Keke Coutee,WR,IND,2022,7,7,1,0,false,Concussion,false,1,8,0.583,11.175,202209,,0.034,0.500,0.034,0.034,,,,,,,true,0.045
2392,00-0034367,Nyheim Hines,RB,BUF,2023,1,18,34,34,true,Knee,true,2,8,0.114,2.000,202508,,0.264,-0.100,0.440,0.088,,,,,,,true,-0.050
2393,00-0034370,DaeSean Hamilton,WR,DEN,2018,8,9,2,0,false,Knee,false,1,6,0.230,1.850,201811,0,2.750,7.133,1.087,2.217,3.478,4.217,4.304,4.087,4.000,3.304,true,3.856
2394,00-0034370,DaeSean Hamilton,WR,DEN,2021,1,18,17,17,true,Unlabeled (IR),true,1,8,0.351,5.900,,,,,,,,,,,,,false,
2395,00-0034378,Ito Smith,RB,ATL,2018,16,17,2,2,true,Back,true,1,8,0.403,7.138,201901,0,0.814,5.650,1.267,0.919,0.124,0.944,1.168,0.671,0.124,0.621,true,0.792
2396,00-0034378,Ito Smith,RB,ATL,2019,8,17,9,8,false,Concussion,true,1,8,0.366,6.487,202001,,0.491,2.825,0.683,0.410,0.246,0.628,0.382,0.382,0.109,0.273,true,0.435
2397,00-0034383,Dalton Schultz,TE,HOU,2023,13,14,2,0,false,Hamstring,false,1,8,0.711,12.813,202315,0,1.128,9.250,1.181,1.111,1.111,1.111,1.125,0.998,1.350,1.223,true,0.722
2398,00-0034386,Justin Watson,WR,TB,2020,3,3,1,0,false,Shoulder,false,1,8,0.421,6.029,202004,,0.694,4.000,1.757,0.451,0.404,0.166,0.119,0.047,0.142,0.546,true,0.664
2399,00-0034386,Justin Watson,WR,TB,2020,5,5,1,0,false,Chest,false,1,8,0.530,7.000,202006,,0.226,0.000,0.358,0.321,0.132,0.094,0.038,0.113,0.434,0.472,true,0.000
2400,00-0034386,Justin Watson,WR,TB,2021,1,18,15,14,true,Quadricep,true,2,8,0.286,2.733,202201,7,0.716,3.250,0.803,0.873,0.559,0.629,0.524,0.349,0.559,0.908,true,1.189
2401,00-0034386,Justin Watson,WR,KC,2023,7,7,1,0,false,Elbow,false,1,8,0.478,5.163,202308,1,1.147,8.325,0.754,1.319,1.319,1.194,1.257,1.152,1.424,1.340,true,1.613
2402,00-0034386,Justin Watson,WR,HOU,2025,3,17,14,14,true,Calf,false,1,8,0.571,4.329,202518,,0.333,0.000,0.333,,,,,,,,true,0.000
2404,00-0034393,Troy Fumagalli,TE,NE,2021,1,18,17,17,true,Unlabeled (IR),true,1,8,0.285,2.057,,,,,,,,,,,,,false,
2406,00-0034400,Jordan Wilkins,RB,IND,2019,17,17,1,0,false,Ankle,true,1,8,0.198,2.950,202001,1,0.861,4.533,0.051,1.165,1.367,0.861,0.203,0.304,2.582,1.671,true,1.537
2407,00-0034400,Jordan Wilkins,RB,IND,2020,17,17,1,1,true,Unlabeled (IR),true,1,8,0.224,5.750,202104,,0.581,3.000,0.045,1.385,0.223,0.670,0.760,,,,true,0.522
2408,00-0034400,Jordan Wilkins,RB,IND,2021,5,7,3,0,false,Non-Football Illness,false,1,8,0.231,5.950,202209,,0.735,3.675,1.341,0.216,0.649,0.735,,,,,true,0.618
2409,00-0034401,Mike White,QB,NYJ,2021,12,15,4,4,true,Unlabeled (IR),false,1,3,0.613,13.993,202212,0,1.594,14.145,1.630,1.630,1.484,1.630,0.342,0.261,0.016,0.342,true,1.011
2410,00-0034401,Mike White,QB,NYJ,2022,15,16,2,0,false,Rib,false,1,6,0.793,14.380,202217,,0.435,1.895,1.261,0.265,0.202,0.013,0.265,0.164,0.088,0.378,true,0.132
2413,00-0034407,Ray-Ray McCloud,WR,BUF,2018,7,7,1,0,false,Not Injury Related,false,1,3,0.250,1.000,201808,,0.630,1.300,0.680,0.760,1.040,0.040,0.480,0.240,0.040,0.160,true,1.300
2414,00-0034407,Ray-Ray McCloud,WR,PIT,2021,12,12,1,1,true,Unlabeled (IR),false,1,8,0.385,3.863,202113,0,1.831,4.600,1.740,2.208,1.740,1.636,1.688,1.714,0.675,0.623,true,1.191
2415,00-0034407,Ray-Ray McCloud,WR,SF,2023,14,17,4,4,true,Rib,false,1,8,0.317,2.413,202318,0,2.425,7.075,1.858,1.701,3.150,2.992,3.087,3.087,2.614,2.772,true,2.933
2416,00-0034407,Ray-Ray McCloud,WR,ATL,2025,7,7,1,0,false,Not injury related - other,false,1,8,0.655,6.575,202509,,0.901,0.750,1.389,0.412,,,,,,,true,0.114
2417,00-0034407,Ray-Ray McCloud,WR,CHI,2026,1,1,1,1,true,Unlabeled (IR),false,1,8,0.681,4.238,,,,,,,,,,,,,false,
2420,00-0034411,Russell Gage,WR,ATL,2021,3,5,3,0,false,Ankle,false,1,8,0.815,12.795,202107,4,0.850,10.033,0.773,0.834,0.994,0.798,0.908,0.945,0.920,0.920,true,0.784
2421,00-0034411,Russell Gage,WR,TB,2022,8,12,4,0,false,Hamstring,false,1,8,0.713,10.725,202213,,0.635,12.175,0.463,0.463,0.870,0.744,0.758,0.772,0.519,,true,1.135
2422,00-0034411,Russell Gage,WR,TB,2023,1,18,17,17,true,Unlabeled (IR),true,1,8,0.556,9.113,202501,,0.665,,0.665,,,,,,,,true,
2424,00-0034414,Boston Scott,RB,PHI,2021,18,18,1,1,true,Unlabeled (IR),true,1,8,0.346,8.938,202201,,0.455,2.925,0.520,0.606,0.289,0.404,0.664,0.231,0.289,0.549,true,0.327
2425,00-0034414,Boston Scott,RB,PHI,2022,4,4,1,0,false,Rib,false,1,8,0.307,9.287,202206,,0.447,1.175,0.455,0.748,0.260,0.325,0.618,0.423,0.748,0.585,true,0.127
2426,00-0034414,Boston Scott,RB,PHI,2023,3,3,1,0,false,Concussion,false,1,8,0.176,3.775,202306,,0.426,1.550,0.397,0.113,0.738,0.454,0.454,0.284,0.057,0.170,true,0.411
2427,00-0034414,Boston Scott,RB,PHI,2023,9,9,1,0,false,Not injury related - personal matter,false,1,8,0.156,3.913,202311,,0.544,1.750,0.832,0.512,0.512,0.320,0.064,0.192,1.984,,true,0.447
2429,00-0034418,Cedrick Wilson Jr.,WR,DAL,2019,15,17,3,3,true,Unlabeled (IR),true,1,3,0.297,3.200,202001,5,0.506,8.525,0.135,0.169,0.978,0.742,0.775,0.944,1.180,0.809,true,2.664
2430,00-0034418,Cedrick Wilson Jr.,WR,DAL,2021,13,13,1,0,false,Ankle,false,1,8,0.519,9.440,202114,3,0.458,8.513,0.212,0.019,0.694,0.906,1.311,0.906,0.598,0.231,true,0.902
2431,00-0034418,Cedrick Wilson Jr.,WR,NO,2024,8,8,1,0,false,Hip,false,1,8,0.480,2.886,202409,5,0.698,3.700,0.979,0.354,0.688,0.771,0.750,1.146,1.104,0.938,true,1.282
2432,00-0034418,Cedrick Wilson Jr.,WR,NO,2024,10,10,1,0,false,Shoulder,false,1,8,0.459,3.886,202411,4,0.670,3.513,0.371,0.719,0.807,0.785,1.199,1.155,0.981,0.698,true,0.904
2433,00-0034418,Cedrick Wilson Jr.,WR,MIA,2025,5,5,1,0,false,Knee,false,1,8,0.434,5.806,202508,7,0.646,1.450,0.738,0.507,0.646,0.692,0.392,0.461,0.461,1.222,true,0.250
2435,00-0034419,Braxton Berrios,WR,NYJ,2021,18,18,1,1,true,Quadricep,true,1,8,0.344,6.625,202201,6,0.807,4.095,1.338,0.669,0.902,0.320,0.640,0.844,1.629,1.484,true,0.618
2436,00-0034419,Braxton Berrios,WR,MIA,2024,8,2,13,11,true,Hamstring,false,2,8,0.361,0.738,202507,,0.651,2.425,1.301,0.803,0.028,0.471,,,,,true,3.288
2437,00-0034420,Jordan Thomas,TE,HOU,2019,1,11,10,10,true,Unlabeled (IR),false,1,8,0.530,6.350,201912,,0.226,,0.226,0.472,0.170,0.038,1.094,0.019,0.038,0.189,true,
2438,00-0034420,Jordan Thomas,TE,NE,2020,16,1,2,2,true,Not Injury Related,false,2,8,0.157,3.567,,,,,,,,,,,,,false,
2439,00-0034426,Javon Wims,WR,CHI,2020,9,10,2,2,true,Unlabeled (IR),false,1,8,0.360,2.983,202013,0,1.153,0.833,1.139,1.167,0.917,1.389,1.528,0.194,,,true,0.279
2440,00-0034432,Bo Scarbrough,RB,DET,2020,1,4,4,4,true,Unlabeled (IR),false,1,5,0.444,7.800,202011,,0.405,3.100,0.405,,,,,,,,true,0.397
2442,00-0034433,Nick Bawden,RB,DET,2019,12,17,22,22,true,Foot,true,2,8,0.196,0.783,202110,6,0.522,3.000,0.153,0.662,0.764,0.510,0.102,0.713,1.070,1.019,true,3.830
2443,00-0034433,Nick Bawden,RB,NYJ,2022,1,18,17,17,true,Unlabeled (IR),true,1,8,0.101,3.000,202301,4,0.840,6.100,1.481,0.395,0.790,0.691,2.568,0.889,0.790,0.395,true,2.033
2444,00-0034438,Logan Woodside,QB,TEN,2021,12,12,1,1,true,Illness,false,1,7,0.047,0.133,202114,1,1.644,-0.310,0.848,1.061,1.273,3.394,,,,,true,-2.325
2446,00-0034439,Ryan Izzo,TE,NE,2019,7,13,3,0,false,Concussion,false,2,5,0.534,3.660,202001,0,1.601,1.850,1.835,1.816,1.161,1.592,1.142,0.824,1.386,1.760,true,0.505
2447,00-0034439,Ryan Izzo,TE,NE,2020,14,17,4,4,true,Hamstring,true,1,8,0.785,3.650,202118,,0.089,,0.089,,,,,,,,true,
2448,00-0034440,Justin Jackson,RB,LAC,2019,4,7,2,0,false,Calf,false,2,8,0.323,8.875,201909,5,0.395,2.425,0.217,0.620,0.651,0.093,0.465,1.240,1.829,1.178,true,0.273
2449,00-0034440,Justin Jackson,RB,LAC,2020,10,13,4,4,true,Knee,false,1,8,0.304,6.738,202014,,0.609,5.100,0.494,0.461,1.021,0.461,0.757,0.362,0.494,0.461,true,0.757
2450,00-0034440,Justin Jackson,RB,LAC,2021,9,9,1,0,false,Quadricep,false,1,8,0.171,3.912,202111,1,1.664,5.100,0.409,1.460,1.635,3.153,4.263,2.161,1.051,0.818,true,1.304
2451,00-0034449,Buddy Howell,RB,LA,2021,13,15,3,3,true,Thigh,false,1,8,0.140,2.050,,,,,,,,,,,,,false,
2452,00-0034487,Trent Sherfield,WR,ARI,2020,12,12,1,1,true,Unlabeled (IR),false,1,8,0.050,0.320,202013,3,0.850,0.000,0.400,1.200,0.600,1.200,15.400,9.800,6.800,0.600,true,0.000
2455,00-0034499,Jawill Davis,WR,NYG,2018,17,17,1,1,true,Hamstring,true,1,4,0.205,1.175,,,,,,,,,,,,,false,
2456,00-0034510,Robert Foster,WR,WAS,2020,7,7,1,0,false,Not Injury Related,false,1,8,0.209,1.538,202011,,0.467,1.900,0.383,0.383,0.623,0.479,,,,,true,1.236
2457,00-0034521,Allen Lazard,WR,GB,2020,4,10,6,6,true,Core,false,1,8,0.720,10.312,202011,2,0.847,7.000,0.833,0.639,0.958,0.958,1.069,0.861,1.083,0.944,true,0.679
2458,00-0034521,Allen Lazard,WR,GB,2021,8,8,1,1,true,Unlabeled (IR),false,1,8,0.738,5.071,202109,2,0.983,8.700,1.139,0.800,0.881,1.112,1.071,1.166,1.017,0.420,true,1.715
2459,00-0034521,Allen Lazard,WR,GB,2022,8,8,1,0,false,Shoulder,false,1,8,0.812,16.250,202209,0,1.163,10.325,1.083,1.206,1.132,1.231,1.157,1.157,1.095,0.874,true,0.635
2460,00-0034521,Allen Lazard,WR,NYJ,2024,9,13,4,4,true,Chest,false,1,8,0.831,12.062,202414,0,0.953,2.175,0.938,0.950,0.890,1.035,1.071,0.565,0.301,0.517,true,0.180
2461,00-0034521,Allen Lazard,WR,NYJ,2025,6,6,1,0,false,Not injury related - personal matter,false,1,8,0.651,5.129,202507,0,0.783,2.250,0.860,1.198,0.630,0.445,0.246,0.338,,,true,0.439
2464,00-0034577,Kyle Allen,QB,WAS,2020,10,17,8,7,false,Ankle,true,1,8,0.902,16.123,202114,2,0.712,5.960,0.321,0.310,1.108,1.108,0.055,0.177,0.155,0.033,true,0.370
2465,00-0034577,Kyle Allen,QB,WAS,2021,15,15,1,1,true,Unlabeled (IR),false,1,8,0.801,13.540,202116,1,0.727,5.605,0.349,1.248,1.248,0.062,0.200,0.175,0.037,0.062,true,0.414
2466,00-0034578,Reggie Bonnafon,RB,CAR,2020,10,17,7,7,true,Ankle,true,1,8,0.099,2.050,202116,,1.266,2.200,2.025,0.506,,,,,,,true,1.073
2467,00-0034593,Chris Lacy,WR,LV,2023,1,1,1,1,true,Unlabeled (IR),false,1,7,0.253,1.450,,,,,,,,,,,,,false,
2468,00-0034597,Ryan Nall,RB,CHI,2021,15,16,2,2,true,Unlabeled (IR),false,1,8,0.061,0.600,202117,,0.327,0.000,0.327,,,,,,,,true,0.000
2470,00-0034613,Tanner Hudson,TE,TB,2019,16,16,1,0,false,Concussion,false,1,7,0.170,1.100,201917,,0.882,0.950,0.765,0.647,1.353,0.765,0.176,0.235,0.118,0.529,true,0.864
2471,00-0034613,Tanner Hudson,TE,TB,2020,11,12,2,0,false,Not Injury Related,false,1,8,0.096,1.300,202015,0,1.896,3.000,1.039,3.013,0.208,3.325,3.844,3.948,5.922,4.571,true,2.308
2472,00-0034613,Tanner Hudson,TE,CIN,2024,3,3,1,0,false,Knee,false,1,8,0.352,6.700,202406,,0.411,1.700,0.227,0.255,0.397,0.766,0.993,0.312,0.539,0.567,true,0.254
2473,00-0034613,Tanner Hudson,TE,CIN,2024,16,16,1,0,false,Knee,false,1,8,0.179,5.450,202418,3,0.476,6.550,0.280,0.112,0.112,1.399,1.063,0.895,1.846,1.231,true,1.202
2474,00-0034613,Tanner Hudson,TE,CIN,2025,7,7,1,0,false,Concussion,false,1,8,0.126,5.550,202508,0,1.782,3.800,1.505,1.267,2.614,1.743,0.554,0.792,1.980,1.980,true,0.685
2475,00-0034621,Shaun Wilson,RB,TB,2018,11,8,15,15,true,Unlabeled (IR),false,2,4,0.045,1.275,,,,,,,,,,,,,false,
2476,00-0034631,Vyncint Smith,WR,NYJ,2020,1,4,4,4,true,Unlabeled (IR),false,1,8,0.407,3.550,202006,,0.497,0.575,0.172,0.123,0.564,1.129,0.417,0.785,,,true,0.162
2479,00-0034646,Brandon Powell,WR,ATL,2019,17,17,1,0,false,Wrist,true,1,4,0.185,2.000,202001,,0.932,1.425,0.162,2.919,0.432,0.216,1.784,0.054,0.757,0.324,true,0.713
2480,00-0034646,Brandon Powell,WR,ATL,2020,17,17,1,0,false,Foot,true,1,8,0.226,3.088,202115,,0.199,1.825,0.133,0.044,0.177,0.442,0.575,0.354,0.751,1.680,true,0.591
2481,00-0034652,Cameron Batson,WR,TEN,2019,1,17,16,16,true,Unlabeled (IR),true,1,8,0.331,2.550,202002,0,1.253,2.400,1.660,1.811,0.815,0.725,1.117,0.785,0.966,0.966,true,0.941
2482,00-0034652,Cameron Batson,WR,TEN,2021,7,18,11,11,true,Unlabeled (IR),true,1,8,0.326,3.767,,,,,,,,,,,,,false,
2484,00-0034676,James Washington,WR,PIT,2019,6,6,1,0,false,Shoulder,false,1,8,0.616,4.600,201908,3,0.913,10.225,0.763,0.682,0.828,1.379,1.266,1.152,1.152,1.379,true,2.223
2485,00-0034676,James Washington,WR,PIT,2021,5,5,1,0,false,Groin,false,1,8,0.469,4.987,202106,1,1.072,4.825,0.235,0.981,1.216,1.856,1.429,0.939,0.789,0.875,true,0.967
2486,00-0034676,James Washington,WR,PIT,2021,18,13,13,13,true,Unlabeled (IR),false,2,8,0.499,5.450,202214,,0.201,0.000,0.301,0.100,,,,,,,true,0.000
2487,00-0034681,Chase Edmonds,RB,ARI,2019,9,11,3,0,false,Hamstring,false,1,8,0.334,10.313,201914,2,0.704,4.650,0.569,0.180,1.019,1.049,0.959,1.109,1.348,1.109,true,0.451
2488,00-0034681,Chase Edmonds,RB,ARI,2021,10,14,4,4,true,Ankle,false,1,8,0.601,12.225,202115,1,1.143,13.925,0.649,1.530,1.347,1.048,0.848,0.732,0.466,0.249,true,1.139
2489,00-0034681,Chase Edmonds,RB,ARI,2021,18,18,1,0,false,Ribs,true,1,8,0.531,11.062,202201,0,0.875,10.325,1.186,0.960,0.828,0.527,0.282,0.753,0.546,0.452,true,0.933
2490,00-0034681,Chase Edmonds,RB,DEN,2022,12,15,4,4,true,Unlabeled (IR),false,1,8,0.312,5.125,202216,0,1.200,5.725,1.344,1.888,1.184,0.384,0.128,0.384,0.384,0.896,true,1.117
2491,00-0034681,Chase Edmonds,RB,TB,2023,3,7,4,4,true,Unlabeled (IR),false,1,8,0.284,3.562,202308,,0.643,2.275,0.423,0.423,0.987,0.740,0.423,0.529,0.634,0.670,true,0.639
2492,00-0034681,Chase Edmonds,RB,TB,2024,1,18,17,17,true,Unlabeled (IR),true,1,8,0.215,3.725,202517,,0.093,0.000,0.093,,,,,,,,true,0.000
2493,00-0034686,Auden Tate,WR,CIN,2019,15,17,3,3,true,Unlabeled (IR),true,1,8,0.901,9.438,202001,,0.347,3.200,0.244,0.388,0.322,0.433,0.089,0.499,0.200,0.344,true,0.339
2494,00-0034686,Auden Tate,WR,CIN,2020,13,17,5,5,true,Shoulder,true,1,8,0.284,4.143,202101,2,0.987,2.600,0.423,0.317,2.009,1.198,0.670,1.163,1.022,,true,0.628
2495,00-0034686,Auden Tate,WR,CIN,2021,13,18,6,6,true,Calf,true,1,8,0.269,2.400,,,,,,,,,,,,,false,
2498,00-0034750,Rashaad Penny,RB,SEA,2018,15,15,1,0,false,Knee,false,1,8,0.219,6.762,201817,1,0.914,5.700,0.274,1.234,1.463,0.686,0.137,1.371,0.686,0.183,true,0.843
2499,00-0034750,Rashaad Penny,RB,SEA,2019,15,14,16,16,true,Knee,false,2,8,0.244,10.129,202015,7,0.749,1.050,0.451,0.246,1.764,0.533,1.477,0.779,0.656,1.682,true,0.104
2500,00-0034750,Rashaad Penny,RB,SEA,2021,3,6,4,3,false,Calf,false,1,8,0.221,6.375,202107,0,1.266,2.675,1.627,0.859,0.723,1.853,2.576,1.898,2.441,2.893,true,0.420
2501,00-0034750,Rashaad Penny,RB,SEA,2021,12,12,1,0,false,Hamstring,false,1,8,0.221,4.388,202113,0,2.192,14.975,1.853,2.576,1.898,2.441,2.893,3.345,3.119,1.853,true,3.413
2502,00-0034750,Rashaad Penny,RB,SEA,2022,6,18,12,12,true,Shoulder,true,1,8,0.601,16.275,202302,,0.255,1.600,0.200,0.050,0.516,,,,,,true,0.098
2503,00-0034753,Mark Andrews,TE,BAL,2020,12,13,2,2,true,Thigh,false,1,8,0.648,9.500,202014,2,0.934,12.675,1.035,0.803,1.019,0.880,1.251,1.158,1.220,0.973,true,1.334
2504,00-0034753,Mark Andrews,TE,BAL,2023,12,18,6,6,true,Ankle,true,1,8,0.760,14.450,202401,,0.711,3.125,0.974,0.829,0.434,0.605,0.724,0.658,0.711,0.974,true,0.216
2505,00-0034764,Michael Gallup,WR,DAL,2019,3,4,2,0,false,Knee,false,1,8,0.753,10.286,201905,0,1.193,12.700,1.143,1.276,1.143,1.209,1.156,1.090,1.302,1.169,true,1.235
2506,00-0034764,Michael Gallup,WR,DAL,2021,2,9,7,7,true,Unlabeled (IR),false,1,8,0.860,12.262,202110,1,0.971,11.700,0.616,1.093,1.116,1.058,0.953,1.070,0.767,0.477,true,0.954
2507,00-0034764,Michael Gallup,WR,DAL,2021,18,2,3,1,true,Knee,false,2,8,0.792,9.863,202204,4,0.826,5.650,0.808,0.694,0.959,0.845,1.060,1.047,0.795,0.959,true,0.573
2508,00-0034765,Tre'Quan Smith,WR,NO,2019,3,4,2,0,false,Ankle,false,1,8,0.660,8.557,201905,1,0.917,3.533,0.394,1.258,0.924,1.091,1.106,1.182,1.015,0.818,true,0.413
2509,00-0034765,Tre'Quan Smith,WR,NO,2019,6,8,3,0,false,Ankle,false,1,8,0.651,8.475,201910,0,1.109,3.500,1.274,0.937,1.106,1.121,1.198,1.029,0.829,0.952,true,0.413
2510,00-0034765,Tre'Quan Smith,WR,NO,2020,16,5,7,7,true,Ankle,false,2,8,0.665,7.457,202107,1,1.086,9.275,0.827,0.947,1.203,1.368,1.429,1.188,1.008,1.053,true,1.244
2511,00-0034765,Tre'Quan Smith,WR,NO,2021,17,17,1,0,false,Chest,false,1,8,0.764,8.375,202118,3,0.733,9.475,0.943,0.799,0.301,0.890,0.930,0.799,0.773,0.930,true,1.131
2512,00-0034765,Tre'Quan Smith,WR,NO,2022,1,1,1,0,false,Shoulder,false,1,8,0.719,7.814,202203,2,0.776,8.150,0.849,0.320,0.946,0.988,0.849,0.821,0.988,0.209,true,1.043
2513,00-0034765,Tre'Quan Smith,WR,NO,2023,1,3,3,3,true,Groin,false,1,8,0.328,2.567,202308,,0.427,,0.427,,,,,,,,true,
2514,00-0034765,Tre'Quan Smith,WR,DET,2024,1,7,6,6,true,Unlabeled (IR),false,1,8,0.279,1.133,,,,,,,,,,,,,false,
2515,00-0034766,Christopher Herndon,TE,NYJ,2019,11,17,7,7,true,Hamstring,true,1,8,0.717,8.387,202001,0,1.031,4.100,0.990,1.031,1.115,0.990,0.585,0.878,0.753,0.976,true,0.489
2516,00-0034766,Christopher Herndon,TE,MIN,2021,18,18,1,1,true,Unlabeled (IR),true,1,8,0.171,2.550,,,,,,,,,,,,,false,
2517,00-0034771,Mason Rudolph,QB,PIT,2019,6,6,1,0,false,Concussion,false,1,3,0.833,14.167,201908,0,1.200,11.525,1.200,1.200,1.200,1.200,0.648,0.588,0.132,0.072,true,0.814
2518,00-0034771,Mason Rudolph,QB,PIT,2019,17,17,1,1,true,Unlabeled (IR),true,1,8,0.884,11.058,202006,4,0.085,-0.113,0.124,0.068,0.057,0.091,0.984,1.132,0.158,0.113,true,-0.010
2519,00-0034775,Christian Kirk,WR,ARI,2018,14,17,4,4,true,Unlabeled (IR),true,1,8,0.791,11.088,201901,0,1.175,13.000,1.175,1.175,1.163,1.188,1.087,1.213,1.213,1.251,true,1.172
2520,00-0034775,Christian Kirk,WR,ARI,2019,5,5,1,0,false,Ankle,false,1,8,0.885,11.900,201908,0,1.065,17.350,0.972,1.085,1.085,1.119,1.073,1.096,1.006,1.062,true,1.458
2521,00-0034775,Christian Kirk,WR,ARI,2020,3,3,1,0,false,Groin,false,1,8,0.933,11.975,202004,6,0.753,16.750,0.676,0.622,0.869,0.847,0.686,0.794,0.976,0.922,true,1.399
2522,00-0034775,Christian Kirk,WR,ARI,2020,17,17,1,1,true,Unlabeled (IR),true,1,8,0.821,9.562,202101,5,0.755,13.100,0.694,0.755,0.694,0.877,0.658,1.035,0.877,0.950,true,1.370
2523,00-0034775,Christian Kirk,WR,JAX,2023,14,17,4,4,true,Groin,false,1,8,0.774,13.425,202401,0,1.005,9.975,0.931,1.137,0.943,1.008,0.685,0.956,0.737,0.840,true,0.743
2524,00-0034775,Christian Kirk,WR,JAX,2024,9,2,11,9,true,Collarbone,false,2,8,0.620,8.325,202503,0,0.940,6.875,1.081,0.984,0.790,0.903,0.694,0.823,0.516,0.790,true,0.826
2525,00-0034775,Christian Kirk,WR,HOU,2025,7,8,2,0,false,Hamstring,false,1,8,0.660,9.562,202509,,0.689,6.475,0.848,0.652,0.773,0.485,0.742,0.545,0.364,0.939,true,0.677
2526,00-0034775,Christian Kirk,WR,SF,2026,1,2,2,2,true,Unlabeled (IR),false,1,8,0.428,4.950,,,,,,,,,,,,,false,
2527,00-0034777,DJ Chark,WR,JAX,2018,12,16,5,0,false,Quadricep,false,1,8,0.417,3.238,201817,1,1.485,15.175,0.623,1.701,1.940,1.677,1.749,1.964,1.701,1.868,true,4.687
2528,00-0034777,DJ Chark,WR,JAX,2019,15,15,1,0,false,Ankle,false,1,8,0.853,16.125,201916,0,0.959,8.775,1.021,0.915,0.985,0.915,0.997,0.786,1.044,1.021,true,0.544
2529,00-0034777,DJ Chark,WR,JAX,2020,12,12,1,0,false,Ribs,false,1,8,0.830,13.788,202013,0,1.012,8.800,1.048,1.084,1.012,0.904,1.024,0.964,1.048,0.060,true,0.638
2530,00-0034777,DJ Chark,WR,JAX,2020,17,17,1,0,false,Shin,true,1,8,0.871,9.925,202101,0,0.737,11.467,0.976,0.918,0.999,0.057,0.930,0.758,0.907,0.184,true,1.155
2531,00-0034777,DJ Chark,WR,JAX,2021,5,18,13,13,true,Unlabeled (IR),true,1,8,0.843,9.713,202201,4,0.718,5.700,0.961,0.783,0.938,0.190,0.866,0.997,1.021,0.902,true,0.587
2532,00-0034777,DJ Chark,WR,DET,2022,5,10,5,4,false,Ankle,false,1,8,0.704,10.729,202211,1,0.920,11.450,0.227,1.037,1.194,1.222,1.080,1.052,0.966,0.924,true,1.067
2533,00-0034777,DJ Chark,WR,CAR,2023,1,1,1,0,false,Hamstring,false,1,8,0.695,9.825,202302,0,1.248,9.775,0.892,1.353,1.324,1.424,0.964,1.338,0.835,1.079,true,0.995
2534,00-0034777,DJ Chark,WR,LAC,2024,1,8,7,7,true,Hip,false,1,8,0.708,8.843,202410,,0.170,2.750,0.028,0.057,0.353,0.240,0.254,0.523,0.693,,true,0.311
2536,00-0034788,Jaeden Graham,TE,ATL,2021,1,1,18,18,true,Unlabeled (IR),false,2,8,0.138,0.760,,,,,,,,,,,,,false,
2537,00-0034791,Nick Chubb,RB,CLE,2020,5,8,4,4,true,Unlabeled (IR),false,1,8,0.581,13.875,202010,4,0.852,18.550,0.740,0.774,1.049,0.843,0.895,1.015,0.998,0.757,true,1.337
2538,00-0034791,Nick Chubb,RB,CLE,2021,6,7,2,0,false,Calf,false,1,8,0.524,16.513,202108,0,1.045,16.625,1.069,1.069,1.088,0.955,1.260,1.260,1.146,0.802,true,1.007
2539,00-0034791,Nick Chubb,RB,CLE,2021,10,10,1,1,true,Unlabeled (IR),false,1,8,0.525,15.637,202111,0,1.138,13.525,1.086,0.952,1.257,1.257,1.143,0.800,0.457,1.010,true,0.865
2540,00-0034791,Nick Chubb,RB,CLE,2023,3,6,21,21,true,Knee,false,2,8,0.595,13.775,202407,,0.672,6.225,0.605,0.992,0.588,0.504,1.109,0.571,0.605,0.571,true,0.452
2541,00-0034791,Nick Chubb,RB,CLE,2024,16,18,3,3,true,Unlabeled (IR),true,1,8,0.396,8.450,202501,0,1.249,9.100,1.287,1.338,1.312,1.060,0.858,0.631,1.110,0.909,true,1.077
2543,00-0034796,Lamar Jackson,QB,BAL,2020,12,12,1,1,true,Unlabeled (IR),false,1,8,0.976,19.172,202013,2,0.935,27.785,1.024,0.840,0.850,1.024,0.789,1.024,1.024,1.024,true,1.449
2544,00-0034796,Lamar Jackson,QB,BAL,2021,18,18,1,0,false,Ankle,true,1,8,0.972,21.158,202201,0,1.028,28.830,1.028,1.028,1.028,1.028,1.028,1.028,1.028,1.028,true,1.363
2545,00-0034796,Lamar Jackson,QB,BAL,2022,15,18,4,0,false,Knee,true,1,8,1.000,16.560,202301,0,0.988,21.440,1.000,1.000,1.000,0.950,1.000,1.000,0.950,1.000,true,1.295
2546,00-0034796,Lamar Jackson,QB,BAL,2023,18,18,1,0,false,Not injury related - resting player,true,1,8,0.969,18.522,202401,0,1.019,22.780,1.032,1.032,1.032,0.981,1.032,1.032,0.981,1.032,true,1.230
2547,00-0034796,Lamar Jackson,QB,BAL,2025,5,8,3,0,false,Hamstring,false,1,8,0.946,27.130,202509,0,1.057,13.535,1.057,1.057,1.057,1.057,1.057,1.057,0.930,0.497,true,0.499
2548,00-0034798,Durham Smythe,TE,MIA,2020,5,5,1,0,false,Knee,false,1,8,0.470,2.360,202006,1,1.101,5.700,0.723,1.383,0.872,1.426,0.426,0.894,1.255,0.915,true,2.415
2549,00-0034799,Kalen Ballage,RB,MIA,2019,14,17,4,4,true,Achilles,true,1,8,0.336,5.463,202002,1,0.892,8.350,0.357,0.892,1.160,1.160,2.141,1.993,1.130,0.952,true,1.529
2550,00-0034808,John Kelly,RB,CLE,2021,10,10,1,1,true,Unlabeled (IR),false,1,4,0.185,3.250,,,,,,,,,,,,,false,
2551,00-0034816,Ronald Jones,RB,TB,2018,9,11,3,0,false,Hamstring,false,1,3,0.270,6.167,201813,6,0.278,0.367,0.519,0.222,0.296,0.074,1.185,0.444,1.148,1.815,true,0.059
2552,00-0034816,Ronald Jones,RB,TB,2020,15,16,2,2,true,Finger,false,1,8,0.444,13.512,202017,,0.676,4.725,1.217,0.203,0.924,0.361,0.383,0.315,0.428,0.428,true,0.350
2553,00-0034816,Ronald Jones,RB,TB,2021,18,18,1,0,false,Ankle,true,1,8,0.186,7.014,202212,,0.322,1.800,0.752,0.268,0.161,0.107,0.376,1.557,,,true,0.257
2554,00-0034816,Ronald Jones,RB,DAL,2023,1,2,2,2,true,Unlabeled (IR),false,1,8,0.175,4.943,,,,,,,,,,,,,false,
2555,00-0034827,DJ Moore,WR,CAR,2019,17,17,1,0,false,Concussion,true,1,8,0.950,18.425,202001,0,0.884,11.700,0.916,0.937,0.926,0.758,0.832,0.989,0.958,0.937,true,0.635
2556,00-0034827,DJ Moore,WR,CAR,2020,14,14,1,1,true,Unlabeled (IR),false,1,8,0.874,15.062,202015,0,0.938,14.600,0.927,0.938,0.961,0.927,1.007,0.847,0.961,0.996,true,0.969
2557,00-0034829,Mike Gesicki,TE,CIN,2025,7,11,4,4,true,Pectoral,false,1,8,0.474,6.362,202512,2,0.897,8.525,0.908,0.591,0.887,1.203,1.013,0.485,0.802,0.697,true,1.340
2559,00-0034830,Hayden Hurst,TE,ATL,2021,11,13,3,3,true,Ankle,false,1,8,0.531,4.975,202114,4,0.828,6.075,1.167,0.791,0.904,0.452,1.412,1.525,0.715,1.054,true,1.221
2560,00-0034830,Hayden Hurst,TE,ATL,2021,17,17,1,1,true,Unlabeled (IR),false,1,8,0.539,5.900,202118,1,1.012,5.750,0.445,1.392,1.503,0.705,1.039,1.503,1.299,1.151,true,0.975
2561,00-0034830,Hayden Hurst,TE,CIN,2022,14,15,2,0,false,Calf,false,1,8,0.648,9.763,202218,,0.934,6.900,1.127,0.819,0.849,0.942,0.788,0.911,0.849,0.510,true,0.707
2562,00-0034830,Hayden Hurst,TE,CAR,2023,11,18,8,4,false,Concussion,true,1,8,0.501,4.875,202401,0,1.197,2.975,1.217,1.097,1.217,1.257,0.180,0.279,0.299,0.239,true,0.610
2563,00-0034830,Hayden Hurst,TE,LAC,2024,12,15,4,4,true,Hip,false,1,8,0.440,3.471,202416,,0.227,1.800,0.273,0.182,,,,,,,true,0.519
2564,00-0034837,Calvin Ridley,WR,ATL,2019,15,17,3,3,true,Toe,true,1,8,0.790,16.213,202001,0,1.032,20.125,1.076,1.063,1.177,0.810,0.937,0.937,0.975,0.418,true,1.241
2565,00-0034837,Calvin Ridley,WR,ATL,2021,5,5,1,0,false,Not injury related - personal matter,false,1,8,0.874,18.238,202107,1,0.901,12.225,0.835,0.927,0.904,0.938,0.916,0.973,0.916,1.007,true,0.670
2566,00-0034837,Calvin Ridley,WR,ATL,2021,9,18,19,19,true,Not injury related - personal matter,true,2,8,0.876,18.137,202301,0,0.919,12.025,0.924,0.902,0.936,0.913,0.970,0.913,1.004,0.981,true,0.663
2567,00-0034837,Calvin Ridley,WR,TEN,2025,7,9,3,0,false,Hamstring,false,1,8,0.779,10.425,202511,,0.424,2.300,0.026,0.822,,,,,,,true,0.221
2568,00-0034837,Calvin Ridley,WR,TEN,2025,12,18,7,7,true,Hamstring,true,1,8,0.680,8.675,202601,,0.941,,0.941,,,,,,,,true,
2569,00-0034838,Royce Freeman,RB,DEN,2018,8,8,1,0,false,Ankle,false,1,6,0.350,8.550,201811,5,0.693,4.525,0.657,0.743,1.029,0.343,0.714,1.057,1.600,1.343,true,0.529
2570,00-0034844,Saquon Barkley,RB,NYG,2019,4,6,3,0,false,Ankle,false,1,8,0.802,21.675,201907,0,1.037,17.225,1.072,1.022,1.022,1.034,1.209,1.184,1.171,0.984,true,0.795
2571,00-0034844,Saquon Barkley,RB,NYG,2020,3,17,14,14,true,Unlabeled (IR),true,1,8,0.897,18.475,202101,1,0.855,15.900,0.535,0.936,0.958,0.992,0.100,0.691,0.969,0.836,true,0.861
2572,00-0034844,Saquon Barkley,RB,NYG,2021,6,9,4,0,false,Ankle,false,1,8,0.736,17.950,202111,1,0.947,13.200,0.842,1.182,1.019,0.747,0.801,0.462,0.733,0.815,true,0.735
2573,00-0034844,Saquon Barkley,RB,NYG,2023,3,3,1,0,false,Ankle,false,1,8,0.736,14.188,202306,0,1.107,15.675,1.059,1.141,1.209,1.019,0.829,1.236,1.100,1.168,true,1.105
2574,00-0034845,Sony Michel,RB,NE,2020,4,10,4,4,true,Quadricep,false,2,8,0.325,7.788,202012,3,0.785,6.067,0.062,1.015,0.769,1.292,1.169,1.938,0.185,0.831,true,0.779
2575,00-0034854,KhaDarel Hodge,WR,CLE,2020,5,7,3,3,true,Unlabeled (IR),false,1,8,0.344,1.575,202008,0,1.760,5.467,2.007,1.687,2.095,1.251,0.378,1.222,0.233,0.320,true,3.471
2576,00-0034854,KhaDarel Hodge,WR,CLE,2020,13,14,2,0,false,Hamstring,false,1,8,0.526,3.271,202015,4,0.352,2.900,0.247,0.798,0.152,0.209,1.235,1.577,0.912,0.494,true,0.886
2577,00-0034854,KhaDarel Hodge,WR,ATL,2025,4,4,1,0,false,Groin,false,1,8,0.269,1.900,202506,,0.726,1.525,0.149,0.223,2.456,0.074,0.112,0.335,0.335,0.074,true,0.803
2578,00-0034854,KhaDarel Hodge,WR,ATL,2025,16,18,3,3,true,Shoulder,true,1,8,0.134,1.017,202601,,0.150,0.000,0.150,,,,,,,,true,0.000
2579,00-0034855,Baker Mayfield,QB,CLE,2021,7,7,1,0,false,left Shoulder,false,1,8,0.992,15.578,202108,0,0.894,9.770,1.008,0.947,0.615,1.008,1.008,0.977,1.008,1.008,true,0.627
2580,00-0034855,Baker Mayfield,QB,CLE,2021,15,15,1,1,true,Foot,false,1,8,0.935,11.977,202116,0,1.070,13.570,1.070,1.070,1.070,1.070,1.070,1.070,0.930,0.674,true,1.133
2581,00-0034855,Baker Mayfield,QB,CLE,2021,18,18,1,1,true,left Shoulder,true,1,8,0.931,11.062,202201,0,1.074,11.970,1.074,1.074,1.074,1.074,0.934,0.677,1.074,1.020,true,1.082
2582,00-0034857,Josh Allen,QB,BUF,2018,7,9,3,0,false,right Elbow,false,1,5,0.900,11.244,201812,0,1.111,23.285,1.111,1.111,1.111,1.111,1.111,1.111,1.111,1.111,true,2.071
2584,00-0034860,Dante Pettis,WR,SF,2018,17,17,1,1,true,Knee,true,1,8,0.606,9.975,201901,3,0.647,4.110,0.049,0.825,0.693,1.023,1.171,1.518,0.511,0.511,true,0.412
2585,00-0034860,Dante Pettis,WR,SF,2019,13,13,1,0,false,Knee,false,1,8,0.461,4.600,202001,6,0.558,0.000,1.583,0.347,0.217,0.087,0.976,0.737,1.322,1.062,true,0.000
2586,00-0034860,Dante Pettis,WR,NYG,2020,12,12,1,1,true,Unlabeled (IR),false,1,8,0.270,2.120,202016,0,1.750,10.735,1.667,1.259,2.259,1.815,0.074,1.481,2.074,2.111,true,5.064
2587,00-0034860,Dante Pettis,WR,NYG,2021,9,18,9,9,true,Shoulder,true,1,8,0.365,6.134,202201,0,1.445,3.025,1.096,1.534,1.562,1.589,1.644,1.671,0.849,1.452,true,0.493
2588,00-0034860,Dante Pettis,WR,CHI,2023,1,1,2,2,true,Unlabeled (IR),false,2,8,0.489,2.612,202410,4,0.389,1.800,0.266,0.246,0.409,0.634,0.962,1.350,0.552,0.614,true,0.689
2589,00-0034867,Malik Turner,WR,SEA,2019,17,17,1,0,false,Concussion,true,1,8,0.226,4.271,202004,4,0.133,0.000,0.088,0.133,0.265,0.044,1.282,1.326,0.530,0.707,true,0.000
2590,00-0034867,Malik Turner,WR,DAL,2021,1,3,3,3,true,Unlabeled (IR),false,1,8,0.271,4.257,202104,3,0.359,10.150,0.111,0.221,0.037,1.069,1.106,0.442,0.590,0.959,true,2.384
2591,00-0034869,Sam Darnold,QB,NYJ,2018,12,12,1,0,false,Foot,false,1,8,1.000,12.788,201814,0,0.985,16.160,0.940,1.000,1.000,1.000,1.000,1.000,1.000,1.000,true,1.264
2592,00-0034869,Sam Darnold,QB,NYJ,2019,2,5,3,0,false,Illness,false,1,8,0.992,13.520,201906,0,1.008,9.520,1.008,1.008,1.008,1.008,1.008,1.008,0.947,1.008,true,0.704
2593,00-0034869,Sam Darnold,QB,NYJ,2020,5,5,1,0,false,right Shoulder,false,1,8,1.000,11.567,202007,0,1.000,8.260,1.000,1.000,1.000,1.000,1.000,1.000,1.000,1.000,true,0.714
2594,00-0034869,Sam Darnold,QB,CAR,2021,10,15,5,5,true,right Shoulder,false,1,8,0.945,16.270,202116,1,0.952,10.550,0.667,1.037,1.048,1.058,1.058,1.058,1.058,1.058,true,0.648
2595,00-0034869,Sam Darnold,QB,CAR,2022,1,9,9,9,true,Unlabeled (IR),false,1,8,0.896,9.925,202212,0,1.116,15.940,1.116,1.116,1.116,1.116,1.116,1.116,0.033,0.056,true,1.606
2596,00-0034869,Sam Darnold,QB,SEA,2026,2,2,1,0,false,Glute,false,1,8,0.979,11.630,,,,,,,,,,,,,false,
2597,00-0034899,John Wolford,QB,LA,2022,15,17,3,0,false,Neck,false,1,6,0.542,5.148,,,,,,,,,,,,,false,
2600,00-0034928,Steven Sims,WR,WAS,2020,4,7,4,3,false,Toe,false,1,8,0.690,11.938,202009,,0.457,5.775,0.435,0.652,0.464,0.275,0.449,0.536,0.507,0.942,true,0.484
2601,00-0034928,Steven Sims,WR,PIT,2022,7,7,1,0,false,Hamstring,false,1,8,0.306,3.386,202208,1,1.069,2.325,0.457,1.241,1.437,1.143,1.241,1.600,1.404,1.600,true,0.687
2602,00-0034930,Trinity Benson,WR,DET,2021,12,16,2,1,false,Knee,false,2,6,0.442,2.300,202117,,1.098,2.550,1.721,0.475,,,,,,,true,1.109
2603,00-0034930,Trinity Benson,WR,DET,2022,11,18,8,8,true,Knee,true,1,8,0.511,2.900,,,,,,,,,,,,,false,
2605,00-0034959,Andrew Beck,RB,DEN,2020,8,12,5,5,true,Hamstring,false,1,8,0.226,4.410,202013,,0.365,,0.663,0.442,0.221,0.133,0.398,0.796,0.088,0.309,true,
2606,00-0034959,Andrew Beck,RB,DEN,2021,16,18,3,3,true,Elbow,true,1,8,0.068,,202201,0,3.815,2.367,2.222,4.296,5.333,3.407,3.852,4.148,3.704,2.222,true,
2607,00-0034959,Andrew Beck,RB,DEN,2022,10,11,2,0,false,Hamstring,false,1,8,0.231,1.257,202212,6,0.649,1.550,0.303,1.297,0.173,0.822,1.514,0.822,0.865,2.162,true,1.233
2608,00-0034959,Andrew Beck,RB,DEN,2022,13,14,2,0,false,Hamstring,false,1,8,0.246,1.467,202215,6,0.893,1.033,1.218,0.162,0.772,1.421,0.772,0.812,2.030,1.949,true,0.705
2609,00-0034959,Andrew Beck,RB,HOU,2023,10,10,1,0,false,Ankle,false,1,8,0.380,2.420,202311,,0.809,1.550,0.816,0.658,1.053,0.711,0.553,0.447,0.711,0.132,true,0.640
2610,00-0034960,Jakobi Meyers,WR,NE,2022,14,14,1,0,false,Concussion,false,1,8,0.786,13.850,202215,1,1.062,14.025,0.789,1.272,1.043,1.145,1.017,1.094,1.221,1.208,true,1.013
2611,00-0034960,Jakobi Meyers,WR,LV,2023,2,2,1,0,false,Concussion,false,1,8,0.745,10.888,202303,0,1.235,14.600,1.154,1.289,1.275,1.221,1.262,1.315,1.101,1.221,true,1.341
2612,00-0034970,Irv Smith,TE,MIN,2020,10,10,1,0,false,Groin,false,1,8,0.641,3.750,202011,2,0.998,12.650,0.795,0.546,1.279,1.372,1.232,0.483,0.873,0.795,true,3.373
2613,00-0034970,Irv Smith,TE,MIN,2020,13,13,1,0,false,Back,false,1,8,0.633,5.362,202014,1,1.123,12.825,0.553,1.296,1.391,1.249,0.490,0.885,0.806,1.012,true,2.392
2614,00-0034970,Irv Smith,TE,MIN,2021,1,18,17,17,true,Unlabeled (IR),true,1,8,0.650,11.262,202201,3,0.777,6.275,0.477,0.862,0.785,0.985,0.969,0.969,0.738,0.692,true,0.557
2615,00-0034970,Irv Smith,TE,MIN,2022,9,17,9,9,true,Unlabeled (IR),false,1,8,0.619,9.037,202218,1,0.958,4.033,0.727,0.873,1.244,0.986,0.986,0.954,0.582,0.533,true,0.446
2616,00-0034970,Irv Smith,TE,CIN,2023,4,4,1,0,false,Hamstring,false,1,8,0.555,7.487,202305,0,0.977,5.867,1.099,1.099,1.063,0.649,0.595,0.703,0.667,0.577,true,0.784
2617,00-0034970,Irv Smith,TE,HOU,2025,1,4,4,4,true,Unlabeled (IR),false,1,8,0.282,2.200,,,,,,,,,,,,,false,
2619,00-0034972,Alexander Mattison,RB,MIN,2019,15,15,1,0,false,Ankle,false,1,8,0.236,4.813,202001,2,1.101,6.250,1.566,0.804,1.058,0.974,2.074,2.032,0.423,1.185,true,1.299
2620,00-0034972,Alexander Mattison,RB,MIN,2020,13,14,2,0,false,Illness,false,1,8,0.247,4.963,202015,4,1.051,9.350,0.364,2.545,0.444,0.848,2.747,1.374,2.667,0.525,true,1.884
2621,00-0034972,Alexander Mattison,RB,MIN,2020,16,16,1,0,false,Concussion,false,1,8,0.236,4.700,202017,2,1.725,14.500,2.667,0.466,0.889,2.878,1.439,2.794,0.550,0.508,true,3.085
2622,00-0034972,Alexander Mattison,RB,MIN,2021,15,15,1,1,true,Unlabeled (IR),false,1,8,0.332,8.537,202116,0,1.286,7.000,2.256,1.053,1.143,0.692,0.932,1.173,1.143,1.293,true,0.820
2623,00-0034972,Alexander Mattison,RB,MIN,2023,15,15,1,0,false,Ankle,false,1,8,0.582,8.900,202316,7,0.605,6.250,0.155,0.687,0.549,1.030,0.378,0.755,0.618,0.979,true,0.702
2624,00-0034972,Alexander Mattison,RB,MIA,2025,1,18,17,17,true,Unlabeled (IR),true,1,8,0.494,9.812,,,,,,,,,,,,,false,
2625,00-0034975,Justice Hill,RB,BAL,2020,1,1,1,0,false,Thigh,false,1,8,0.157,3.113,202008,,0.413,0.433,0.127,0.317,0.508,0.698,3.111,0.698,0.635,0.571,true,0.139
2626,00-0034975,Justice Hill,RB,BAL,2021,1,18,17,17,true,Unlabeled (IR),true,1,8,0.134,1.363,202201,0,2.598,4.600,1.495,2.692,3.514,2.692,2.318,1.570,1.869,3.065,true,3.376
2627,00-0034975,Justice Hill,RB,BAL,2022,5,5,1,0,false,Hamstring,false,1,8,0.186,2.050,202207,0,1.584,3.275,1.664,1.128,1.342,2.201,1.020,1.289,0.161,2.040,true,1.598
2628,00-0034975,Justice Hill,RB,BAL,2023,3,3,1,0,false,Foot,false,1,8,0.228,2.925,202304,1,1.714,7.025,0.527,2.462,1.670,2.198,2.110,2.769,1.143,1.143,true,2.402
2629,00-0034975,Justice Hill,RB,BAL,2024,17,18,2,0,false,Concussion,true,1,8,0.425,9.188,202501,0,1.135,10.400,1.059,0.918,1.200,1.365,0.706,1.059,0.729,0.471,true,1.132
2630,00-0034975,Justice Hill,RB,BAL,2025,11,11,1,0,false,Toe,false,1,8,0.399,7.112,202512,,0.890,1.900,0.627,1.154,,,,,,,true,0.267
2631,00-0034975,Justice Hill,RB,BAL,2025,13,18,6,6,true,Neck,true,1,8,0.376,8.162,202601,,1.223,3.800,1.223,,,,,,,,true,0.466
2632,00-0034981,Foster Moreau,TE,OAK,2019,15,17,3,3,true,Unlabeled (IR),true,1,8,0.482,5.843,202001,,0.508,5.467,0.394,0.829,0.518,0.290,0.352,0.352,0.891,0.560,true,0.936
2633,00-0034981,Foster Moreau,TE,LV,2022,4,4,1,0,false,Knee,false,1,8,0.787,6.829,202207,0,1.235,8.650,1.219,1.270,1.232,1.219,1.270,1.270,1.143,1.270,true,1.267
2634,00-0034981,Foster Moreau,TE,NO,2025,1,4,4,4,true,Unlabeled (IR),false,1,8,0.714,7.275,202505,,0.392,0.950,0.490,0.504,0.322,0.252,0.518,0.869,0.406,0.532,true,0.131
2635,00-0034981,Foster Moreau,TE,NO,2025,17,18,2,2,true,Ankle,true,1,8,0.368,1.900,202601,,1.197,3.500,1.197,,,,,,,,true,1.842
2636,00-0034983,Hunter Renfrow,WR,OAK,2019,13,15,3,0,false,Rib,false,1,8,0.518,8.900,201916,0,1.068,14.175,0.889,1.488,0.928,0.966,1.275,1.314,0.657,1.043,true,1.593
2637,00-0034983,Hunter Renfrow,WR,LV,2022,3,4,2,0,false,Concussion,false,1,8,0.765,16.413,202205,2,0.869,5.550,0.719,0.745,1.033,0.980,0.562,0.614,0.601,0.745,true,0.338
2638,00-0034983,Hunter Renfrow,WR,LV,2022,10,14,5,5,true,Hamstring,false,1,8,0.667,10.387,202215,,0.723,10.200,0.644,0.704,0.689,0.854,0.330,0.974,0.764,0.674,true,0.982
2639,00-0034988,Kaden Smith,TE,NYG,2020,12,12,1,1,true,Unlabeled (IR),false,1,8,0.465,1.975,202013,0,1.065,0.975,1.419,1.011,0.946,0.882,1.226,1.032,0.989,0.860,true,0.494
2640,00-0034988,Kaden Smith,TE,NYG,2021,12,6,13,12,false,Knee,false,2,8,0.337,1.575,,,,,,,,,,,,,false,
2641,00-0034995,Dexter Williams,RB,CLE,2021,18,18,1,1,true,Unlabeled (IR),true,1,3,0.070,0.633,,,,,,,,,,,,,false,
2642,00-0035006,Olabisi Johnson,WR,MIN,2021,1,18,34,34,true,Unlabeled (IR),true,2,8,0.206,5.150,,,,,,,,,,,,,false,
2644,00-0035021,Ashton Dulin,WR,IND,2020,9,11,3,3,true,Knee,false,1,8,0.152,1.283,202013,,0.803,0.400,0.787,1.180,0.459,0.787,1.574,0.525,2.557,0.721,true,0.312
2645,00-0035021,Ashton Dulin,WR,IND,2022,6,9,4,4,true,Unlabeled (IR),false,1,8,0.390,4.786,202210,,0.724,2.800,0.795,0.513,0.872,0.718,0.590,0.436,0.487,0.615,true,0.585
2646,00-0035021,Ashton Dulin,WR,IND,2022,17,17,1,0,false,Concussion,false,1,8,0.256,3.100,202218,1,1.083,4.900,0.741,0.937,1.678,0.976,0.663,0.820,0.624,0.937,true,1.581
2647,00-0035021,Ashton Dulin,WR,IND,2023,1,18,17,17,true,Unlabeled (IR),true,1,8,0.246,2.857,202401,0,1.107,4.900,0.975,1.746,1.015,0.690,0.853,0.650,0.975,0.650,true,1.715
2648,00-0035021,Ashton Dulin,WR,IND,2024,13,15,2,0,false,Ankle,false,1,8,0.194,0.643,202416,6,0.606,0.500,0.774,0.413,0.516,0.723,0.723,0.826,1.032,3.665,true,0.778
2649,00-0035021,Ashton Dulin,WR,IND,2025,7,7,1,0,false,Chest,false,1,8,0.210,1.686,202508,2,0.833,2.050,1.190,0.381,0.905,0.857,0.571,1.762,0.905,,true,1.216
2650,00-0035021,Ashton Dulin,WR,IND,2025,13,16,4,4,true,Unlabeled (IR),false,1,8,0.219,1.587,202517,1,1.036,0.000,0.549,1.691,0.869,,,,,,true,0.000
2651,00-0035021,Ashton Dulin,WR,IND,2026,2,2,1,0,false,Ankle,false,1,8,0.240,1.962,,,,,,,,,,,,,false,
2653,00-0035022,Penny Hart,WR,SEA,2022,6,6,1,0,false,Hamstring,false,1,8,0.100,1.675,202209,,0.850,0.833,0.100,0.600,0.300,2.400,,,,,true,0.498
2654,00-0035022,Penny Hart,WR,ATL,2023,1,5,5,5,true,Unlabeled (IR),false,1,8,0.040,1.267,,,,,,,,,,,,,false,
2656,00-0035039,Stephen Carlson,TE,CLE,2021,1,18,31,31,true,Collarbone,true,2,8,0.111,1.025,202504,,0.944,,1.348,0.539,,,,,,,true,
2658,00-0035045,D.J. Montgomery,WR,IND,2025,1,2,19,19,true,Unlabeled (IR),false,2,8,0.239,4.867,,,,,,,,,,,,,false,
2665,00-0035099,Khari Blasingame,RB,TEN,2021,8,11,4,3,false,Knee,false,1,8,0.110,0.000,202112,4,0.841,-0.250,0.727,0.545,1.364,0.727,1.909,1.727,2.909,2.182,true,
2666,00-0035099,Khari Blasingame,RB,CHI,2023,10,10,1,0,false,Concussion,false,1,8,0.175,1.020,202311,4,0.886,0.350,1.200,0.514,1.143,0.686,1.486,1.314,0.857,0.743,true,0.343
2667,00-0035099,Khari Blasingame,RB,CHI,2024,2,3,2,0,false,Hand,false,1,8,0.170,0.233,202406,,0.157,0.000,0.294,0.118,0.059,,,,,,true,0.000
2669,00-0035101,Davion Davis,WR,HOU,2021,15,18,4,4,true,Unlabeled (IR),true,1,3,0.140,0.000,,,,,,,,,,,,,false,
2670,00-0035102,Brandon Dillon,TE,WAS,2023,1,18,17,17,true,Unlabeled (IR),true,1,3,0.090,1.600,,,,,,,,,,,,,false,
2671,00-0035125,Alec Ingold,RB,LV,2021,11,18,8,8,true,Knee,true,1,8,0.240,3.850,202201,0,1.406,1.867,1.542,1.542,1.167,1.375,1.375,1.375,1.958,1.667,true,0.485
2673,00-0035126,Antoine Wesley,WR,ARI,2022,1,18,17,17,true,Unlabeled (IR),true,1,8,0.597,8.733,,,,,,,,,,,,,false,
2674,00-0035140,Mecole Hardman,WR,KC,2022,10,17,8,7,false,Abdomen,false,1,8,0.569,11.650,202302,,0.229,0.800,0.527,0.053,0.176,0.158,0.281,0.633,0.387,0.352,true,0.069
2675,00-0035140,Mecole Hardman,WR,KC,2023,12,16,5,5,true,Thumb,false,1,8,0.225,5.117,202317,6,1.278,4.567,0.400,4.444,0.089,0.178,0.711,0.444,1.333,1.289,true,0.893
2676,00-0035140,Mecole Hardman,WR,KC,2024,14,18,5,5,true,Knee,true,1,8,0.185,4.150,202511,,0.378,0.000,0.378,,,,,,,,true,0.000
2677,00-0035140,Mecole Hardman,WR,BUF,2025,12,15,4,4,true,Calf,false,1,8,0.179,4.150,,,,,,,,,,,,,false,
2680,00-0035148,Darwin Thompson,RB,KC,2020,15,15,1,0,false,Illness,false,1,8,0.199,3.775,202017,,4.629,30.000,4.629,,,,,,,,true,7.947
2685,00-0035181,Darrius Shepherd,WR,LAC,2023,1,1,1,1,true,Unlabeled (IR),false,1,8,0.272,1.200,,,,,,,,,,,,,false,
2688,00-0035187,Austin Walter,RB,LV,2023,1,18,17,17,true,Unlabeled (IR),true,1,5,0.136,4.525,,,,,,,,,,,,,false,
2689,00-0035208,Olamide Zaccheaus,WR,ATL,2020,13,17,5,5,true,Unlabeled (IR),true,1,8,0.490,7.043,202101,1,1.189,6.300,0.531,1.184,1.408,1.633,1.735,0.388,0.816,1.000,true,0.895
2690,00-0035215,Deonte Harty,WR,NO,2019,11,12,2,0,false,Hamstring,false,1,6,0.065,0.833,201914,0,2.077,1.625,1.538,2.000,2.923,1.846,1.538,8.000,5.538,3.077,true,1.950
2691,00-0035215,Deonte Harty,WR,NO,2020,5,5,1,0,false,Hamstring,false,1,8,0.194,2.375,202007,0,1.665,7.675,1.497,2.735,0.568,1.858,0.516,2.271,2.477,1.600,true,3.232
2692,00-0035215,Deonte Harty,WR,NO,2020,15,17,3,3,true,Neck,true,1,8,0.309,5.775,202101,0,1.393,8.375,1.425,1.555,1.004,1.587,0.130,1.036,0.972,1.263,true,1.450
2693,00-0035215,Deonte Harty,WR,NO,2021,7,7,1,0,false,Hamstring,false,1,8,0.353,6.638,202108,0,1.014,8.750,0.908,0.851,1.106,1.191,1.135,1.135,1.163,0.823,true,1.318
2694,00-0035215,Deonte Harty,WR,NO,2021,14,16,3,3,true,Unlabeled (IR),false,1,8,0.334,8.425,202117,0,0.727,3.475,1.228,0.869,0.330,0.479,0.090,0.150,0.659,0.569,true,0.412
2695,00-0035215,Deonte Harty,WR,NO,2022,6,18,12,12,true,Foot,true,1,8,0.277,4.850,202301,3,0.775,3.250,0.793,0.685,0.685,0.937,0.901,0.577,0.973,0.324,true,0.670
2696,00-0035215,Deonte Harty,WR,BAL,2024,7,18,11,11,true,Knee,true,1,8,0.076,1.438,,,,,,,,,,,,,false,
2697,00-0035216,Diontae Johnson,WR,PIT,2020,6,6,1,0,false,Back,false,1,8,0.704,13.525,202007,0,1.147,17.075,1.066,1.080,1.222,1.222,1.137,1.279,1.137,0.696,true,1.262
2698,00-0035216,Diontae Johnson,WR,PIT,2021,3,3,1,0,false,Knee,false,1,8,0.782,16.688,202104,0,1.176,18.450,1.176,1.176,1.176,1.176,1.150,1.099,1.163,1.252,true,1.106
2699,00-0035216,Diontae Johnson,WR,PIT,2023,2,5,4,4,true,Hamstring,false,1,8,0.880,10.750,202307,1,0.929,13.525,0.750,1.034,1.000,0.932,0.977,0.830,0.818,0.784,true,1.258
2700,00-0035216,Diontae Johnson,WR,CAR,2024,8,8,1,0,false,Rib,false,1,8,0.745,14.012,202409,,0.218,0.533,0.403,0.107,0.242,0.121,0.497,,,,true,0.038
2701,00-0035216,Diontae Johnson,WR,BAL,2024,15,16,2,1,true,Not injury related - personal matter,false,1,8,0.570,11.071,202418,,0.649,3.200,0.649,,,,,,,,true,0.289
2702,00-0035217,Benny Snell,RB,PIT,2019,9,11,3,0,false,Knee,false,1,4,0.172,3.225,201912,0,1.870,6.800,2.841,2.087,2.377,0.174,0.754,2.899,2.609,0.870,true,2.109
2703,00-0035222,Zach Gentry,TE,PIT,2020,12,17,6,6,true,Unlabeled (IR),true,1,5,0.210,0.700,202101,2,0.952,1.400,1.333,0.667,0.952,0.857,1.619,1.476,2.905,2.429,true,2.000
2704,00-0035228,Kyler Murray,QB,ARI,2022,15,9,13,13,true,Knee,false,2,8,1.000,19.170,202310,0,0.990,17.790,0.970,1.000,0.990,1.000,0.970,1.000,0.990,0.970,true,0.928
2705,00-0035228,Kyler Murray,QB,ARI,2025,10,18,9,9,true,Foot,true,1,8,0.975,17.105,202601,,0.174,-0.380,0.174,,,,,,,,true,-0.022
2706,00-0035228,Kyler Murray,QB,MIN,2026,2,2,1,0,false,Concussion,false,1,8,0.982,17.760,,,,,,,,,,,,,false,
2707,00-0035229,T.J. Hockenson,TE,DET,2019,14,17,4,4,true,Shoulder,true,1,8,0.609,5.625,202001,0,1.191,11.750,1.051,1.133,1.347,1.232,0.986,1.216,1.216,1.248,true,2.089
2708,00-0035229,T.J. Hockenson,TE,DET,2021,15,18,4,4,true,Hand,true,1,8,0.825,10.138,202201,0,1.042,16.025,1.103,1.079,0.921,1.067,1.030,1.006,1.055,1.103,true,1.581
2709,00-0035229,T.J. Hockenson,TE,MIN,2023,17,8,9,9,true,Knee,false,2,8,0.807,16.600,202409,7,0.641,10.650,0.557,0.570,0.594,0.842,0.793,0.768,0.805,0.867,true,0.642
2710,00-0035229,T.J. Hockenson,TE,MIN,2025,17,18,2,0,false,Shoulder,true,1,8,0.766,7.625,202601,,0.861,13.600,0.861,,,,,,,,true,1.784
2711,00-0035232,Dwayne Haskins,QB,WAS,2019,17,17,1,0,false,Ankle,true,1,8,0.870,7.923,202001,0,1.149,13.140,1.149,1.149,1.149,1.149,0.563,1.149,0.747,,true,1.659
2712,00-0035243,Miles Sanders,RB,PHI,2020,1,1,1,0,false,Hamstring,false,1,8,0.654,18.200,202002,0,1.212,17.075,1.178,1.193,1.178,1.300,0.612,1.101,0.918,0.933,true,0.938
2713,00-0035243,Miles Sanders,RB,PHI,2020,7,8,2,0,false,Knee,false,1,8,0.696,18.637,202010,0,0.894,7.975,1.034,0.862,0.876,0.804,1.163,1.178,1.120,0.948,true,0.428
2714,00-0035243,Miles Sanders,RB,PHI,2020,17,17,1,0,false,Knee,true,1,8,0.671,13.450,202101,0,0.957,10.100,0.983,0.998,0.894,0.953,1.117,1.236,0.253,0.685,true,0.751
2715,00-0035243,Miles Sanders,RB,PHI,2021,8,10,3,3,true,Ankle,false,1,8,0.719,10.938,202111,,0.647,12.150,0.640,0.459,0.807,0.682,0.417,0.723,0.737,0.821,true,1.111
2716,00-0035243,Miles Sanders,RB,PHI,2021,17,18,2,0,false,Hand,true,1,8,0.531,9.838,202201,0,1.087,16.275,0.979,0.998,1.111,1.261,1.393,1.167,0.960,1.224,true,1.654
2717,00-0035243,Miles Sanders,RB,CAR,2023,6,6,1,0,false,Shoulder,false,1,8,0.520,7.537,202308,,0.611,4.575,0.346,0.481,0.731,0.885,0.692,0.615,0.404,0.519,true,0.607
2718,00-0035243,Miles Sanders,RB,CAR,2024,12,17,6,6,true,Ankle,false,1,8,0.324,6.000,202418,,1.058,12.200,1.884,0.556,0.680,1.112,0.309,,,,true,2.033
2719,00-0035243,Miles Sanders,RB,DAL,2025,6,18,12,12,true,Knee,true,1,8,0.287,8.200,,,,,,,,,,,,,false,
2720,00-0035246,J.J. Arcega-Whiteside,WR,PHI,2020,11,12,2,2,true,Illness,false,1,8,0.270,2.880,202017,0,0.963,3.000,2.222,0.852,0.519,0.259,0.556,0.148,0.296,0.444,true,1.042
2721,00-0035246,J.J. Arcega-Whiteside,WR,PHI,2021,9,9,1,0,false,Ankle,false,1,8,0.179,1.500,202110,2,0.825,2.800,0.112,0.839,1.231,1.119,0.839,1.175,0.392,3.189,true,1.867
2723,00-0035249,Josh Oliver,TE,JAX,2019,12,17,22,22,true,Unlabeled (IR),true,2,3,0.383,1.500,202101,,0.398,0.875,0.183,0.417,0.496,0.496,0.417,0.730,0.678,0.313,true,0.583
2724,00-0035249,Josh Oliver,TE,BAL,2021,16,17,2,2,true,Unlabeled (IR),false,1,8,0.172,1.571,202118,0,2.145,4.950,1.565,1.971,2.725,2.319,1.739,2.029,2.087,2.783,true,3.150
2725,00-0035249,Josh Oliver,TE,MIN,2024,12,13,2,0,false,Ankle,false,1,8,0.606,7.917,202414,,0.816,1.200,0.825,0.775,0.775,0.891,0.759,0.792,0.495,0.577,true,0.152
2726,00-0035249,Josh Oliver,TE,MIN,2025,9,10,2,0,false,Foot,false,1,8,0.415,4.450,202511,1,1.169,6.167,0.843,1.325,1.012,1.494,1.494,1.253,2.241,1.108,true,1.386
2729,00-0035259,Trevon Wesco,TE,NYJ,2020,9,13,4,4,true,Ankle,false,1,8,0.216,0.500,202014,0,0.948,0.000,1.064,1.202,0.555,0.971,1.434,0.139,0.277,1.387,true,0.000
2730,00-0035259,Trevon Wesco,TE,NYJ,2021,8,8,1,0,false,Knee,false,1,8,0.215,0.000,202109,2,0.965,1.200,0.884,0.465,1.070,1.442,1.163,1.767,0.233,1.116,true,
2731,00-0035259,Trevon Wesco,TE,NYJ,2021,14,14,1,0,false,Ankle,false,1,8,0.199,0.720,202115,0,1.157,1.450,1.258,1.912,0.252,1.208,1.308,0.201,1.107,1.409,true,2.014
2732,00-0035259,Trevon Wesco,TE,NYJ,2021,17,18,2,2,true,Unlabeled (IR),true,1,8,0.258,0.929,202202,1,0.573,3.300,0.194,0.932,1.010,0.155,0.854,1.087,1.243,0.932,true,3.554
2733,00-0035259,Trevon Wesco,TE,CHI,2022,15,16,2,0,false,Calf,false,1,8,0.226,0.825,202217,1,1.580,0.000,0.751,1.061,1.768,2.740,1.856,1.724,2.077,1.945,true,0.000
2734,00-0035264,Jarrett Stidham,QB,NE,2021,1,9,9,9,true,Unlabeled (IR),false,1,7,0.181,1.363,202207,3,1.750,14.440,0.110,1.323,0.055,5.512,5.512,0.331,5.512,5.512,true,10.595
2735,00-0035268,Ryquell Armstead,RB,JAX,2020,9,17,9,9,true,Unlabeled (IR),true,1,8,0.133,2.137,202117,0,2.226,6.300,2.264,2.189,,,,,,,true,2.947
2737,00-0035289,Gardner Minshew,QB,JAX,2020,9,10,2,0,false,right Thumb,false,1,8,0.999,18.965,202014,,0.693,12.120,0.551,1.001,0.220,1.001,0.110,1.001,0.190,0.120,true,0.639
2738,00-0035289,Gardner Minshew,QB,LV,2024,13,18,6,6,true,Collarbone,true,1,8,0.852,9.230,202504,,0.196,-0.080,0.094,0.235,0.094,0.364,,,,,true,-0.009
2739,00-0035289,Gardner Minshew,QB,KC,2025,17,18,2,2,true,Unlabeled (IR),true,1,8,0.573,5.530,,,,,,,,,,,,,false,
2741,00-0035297,Kelvin Harmon,WR,WAS,2020,9,17,9,9,true,Unlabeled (IR),true,1,8,0.714,6.118,,,,,,,,,,,,,false,
2742,00-0035298,Scott Miller,WR,TB,2019,13,14,2,0,false,Hamstring,false,1,8,0.255,3.586,201915,1,1.843,10.325,0.588,2.392,2.706,1.686,2.078,2.471,1.412,2.353,true,2.879
2743,00-0035298,Scott Miller,WR,TB,2019,16,17,2,2,true,Hamstring,true,1,8,0.286,3.337,202001,0,1.974,11.675,2.131,2.410,1.502,1.852,2.201,1.258,2.096,2.655,true,3.498
2744,00-0035298,Scott Miller,WR,TB,2021,4,11,7,7,true,Unlabeled (IR),false,1,8,0.214,3.450,202112,4,1.099,1.267,0.281,0.281,3.649,0.187,1.076,2.012,3.743,2.152,true,0.367
2745,00-0035298,Scott Miller,WR,PIT,2025,8,10,3,0,false,Finger,false,1,8,0.233,0.000,202511,4,0.269,,0.129,0.301,0.258,0.387,0.860,2.753,0.903,,true,
2747,00-0035304,Cullen Gillaspia,RB,HOU,2020,12,17,6,5,false,Back,true,1,8,0.036,0.400,202103,,0.552,0.000,0.276,0.276,1.103,,,,,,true,0.000
2748,00-0035304,Cullen Gillaspia,RB,NYG,2021,12,18,9,8,false,Calf,true,2,8,0.025,0.229,,,,,,,,,,,,,false,
2749,00-0035308,Tommy Sweeney,TE,BUF,2020,1,17,15,15,true,Unlabeled (IR),true,2,5,0.254,1.700,202101,6,0.620,2.200,0.079,0.472,0.709,1.220,0.709,0.551,3.228,3.425,true,1.294
2750,00-0035308,Tommy Sweeney,TE,BUF,2021,14,14,1,0,false,Hip,false,1,8,0.388,3.440,202115,,0.645,0.850,0.800,0.439,1.058,0.284,0.748,0.206,,,true,0.247
2751,00-0035308,Tommy Sweeney,TE,NYG,2023,1,12,12,12,true,Unlabeled (IR),false,1,8,0.244,0.425,,,,,,,,,,,,,false,
2753,00-0035311,Myles Gaskin,RB,MIA,2019,17,17,1,1,true,Unlabeled (IR),true,1,6,0.220,3.100,202001,0,3.045,12.125,2.864,2.955,3.409,2.955,2.864,3.182,4.000,3.227,true,3.911
2754,00-0035311,Myles Gaskin,RB,MIA,2020,9,12,4,4,true,Knee,false,1,8,0.609,13.400,202013,0,1.076,19.575,1.166,1.248,1.002,0.887,1.002,0.854,0.378,1.133,true,1.461
2755,00-0035311,Myles Gaskin,RB,MIA,2020,14,15,2,2,true,Knee,false,1,8,0.659,13.912,202016,0,0.956,18.200,1.154,0.926,0.820,0.926,0.789,0.349,1.047,0.546,true,1.308
2756,00-0035311,Myles Gaskin,RB,MIA,2022,17,18,2,2,true,Illness,true,1,8,0.386,8.163,202401,,0.129,0.867,0.104,0.181,0.104,,,,,,true,0.106
2759,00-0035329,Donald Parham,TE,LAC,2021,16,2,4,3,true,Concussion,false,2,8,0.402,4.188,202205,3,0.689,4.150,0.621,0.497,0.770,0.870,1.019,1.267,1.217,1.242,true,0.991
2760,00-0035329,Donald Parham,TE,LAC,2022,7,14,7,6,false,Hamstring,false,1,8,0.328,3.812,202215,0,1.206,5.175,0.947,1.069,1.252,1.557,1.496,1.527,1.588,0.702,true,1.357
2761,00-0035329,Donald Parham,TE,PIT,2025,1,18,17,17,true,Unlabeled (IR),true,1,8,0.499,4.375,,,,,,,,,,,,,false,
2762,00-0035341,Trenton Irwin,WR,CIN,2021,17,17,1,1,true,Unlabeled (IR),false,1,7,0.134,1.250,202118,0,4.152,5.825,4.543,3.202,3.649,5.213,5.511,0.968,6.255,1.787,true,4.660
2763,00-0035342,Patrick Laird,RB,MIA,2021,15,18,4,4,true,Unlabeled (IR),true,1,8,0.176,2.720,,,,,,,,,,,,,false,
2764,00-0035345,Chris Myarick,TE,NYG,2023,1,10,10,10,true,Unlabeled (IR),false,1,8,0.255,1.567,202601,,0.275,,0.275,,,,,,,,true,
2765,00-0035350,Preston Williams,WR,MIA,2019,10,17,8,8,true,Unlabeled (IR),true,1,7,0.791,9.514,202001,0,0.913,6.225,1.137,1.023,0.720,0.771,0.758,0.897,1.137,0.354,true,0.654
2766,00-0035350,Preston Williams,WR,MIA,2020,10,17,8,8,true,Unlabeled (IR),true,1,8,0.730,10.375,202102,,0.586,3.100,0.411,1.014,0.562,0.356,0.479,0.425,0.219,0.110,true,0.299
2767,00-0035350,Preston Williams,WR,MIA,2021,8,8,1,0,false,Other,false,1,8,0.589,9.250,202110,,0.459,0.467,0.442,0.594,0.527,0.272,0.136,0.051,,,true,0.050
2768,00-0035350,Preston Williams,WR,MIA,2021,17,17,1,1,true,Unlabeled (IR),false,1,8,0.351,4.257,202218,,0.085,,0.085,,,,,,,,true,
2770,00-0035356,Tyree Jackson,TE,PHI,2022,1,10,9,9,true,Unlabeled (IR),false,1,8,0.250,0.000,202211,,0.430,0.000,0.520,0.240,0.440,0.520,0.160,0.840,0.440,,true,
2771,00-0035356,Tyree Jackson,TE,PHI,2022,16,18,3,3,true,Knee,true,1,8,0.207,3.733,202310,,0.771,,1.012,0.530,,,,,,,true,
2772,00-0035356,Tyree Jackson,TE,WAS,2025,1,18,17,17,true,Unlabeled (IR),true,1,8,0.182,3.733,,,,,,,,,,,,,false,
2774,00-0035359,David Sills,WR,TB,2026,1,2,2,2,true,Unlabeled (IR),false,1,8,0.630,5.213,,,,,,,,,,,,,false,
2776,00-0035399,Stanley Morgan,WR,CIN,2022,8,8,1,0,false,Hamstring,false,1,8,0.155,0.350,202209,,0.661,0.000,0.903,0.774,0.452,0.516,0.452,0.968,0.129,0.581,true,0.000
2777,00-0035406,Lil'Jordan Humphrey,WR,NO,2021,8,9,2,2,true,Unlabeled (IR),false,1,8,0.303,5.767,202111,1,1.165,9.333,0.826,1.554,1.421,0.860,1.785,2.116,0.331,0.165,true,1.618
2778,00-0035414,Jalen Guyton,WR,LAC,2021,16,16,1,1,true,Unlabeled (IR),false,1,8,0.521,6.513,202117,0,0.576,4.767,0.921,1.036,0.134,0.211,0.499,1.094,1.516,1.535,true,0.732
2779,00-0035414,Jalen Guyton,WR,LAC,2022,4,8,21,21,true,Knee,false,2,8,0.402,9.171,202309,0,1.727,4.250,1.416,1.963,1.988,1.540,0.795,1.217,0.596,0.124,true,0.463
2786,00-0035480,Malik Taylor,WR,GB,2021,6,7,2,2,true,Illness,false,1,8,0.081,1.160,202108,4,0.369,0.000,0.862,0.123,0.246,0.246,4.431,2.708,1.846,,true,0.000
2787,00-0035480,Malik Taylor,WR,GB,2021,11,12,2,0,false,Abdomen,false,1,8,0.079,1.160,202114,2,1.968,0.567,0.254,0.254,4.571,2.794,1.905,,,,true,0.489
2788,00-0035480,Malik Taylor,WR,GB,2021,16,1,4,4,true,Shoulder,false,2,8,0.070,0.567,202308,0,3.476,1.650,5.143,3.143,2.143,,,,,,true,2.912
2789,00-0035480,Malik Taylor,WR,NYJ,2024,1,18,17,17,true,Unlabeled (IR),true,1,8,0.099,0.283,,,,,,,,,,,,,false,
2790,00-0035500,Greg Dortch,WR,ARI,2025,14,18,5,5,true,Chest,true,1,8,0.391,8.250,202602,,0.128,0.000,0.128,,,,,,,,true,0.000
2793,00-0035510,Jeff Smith,WR,NYJ,2021,4,5,2,0,false,Concussion,false,1,8,0.284,2.286,202108,7,0.599,4.450,0.846,1.022,0.458,0.070,0.458,0.881,0.775,3.419,true,1.947
2794,00-0035510,Jeff Smith,WR,NYJ,2021,14,15,2,2,true,Unlabeled (IR),false,1,8,0.166,3.140,202116,0,3.083,1.167,1.323,5.835,4.451,0.722,0.842,0.602,0.602,1.203,true,0.372
2795,00-0035510,Jeff Smith,WR,NYJ,2022,16,18,3,2,false,Knee,true,1,8,0.190,1.400,,,,,,,,,,,,,false,
2796,00-0035527,Andy Isabella,WR,ARI,2022,2,2,1,0,false,Back,false,1,8,0.234,3.075,202203,,0.738,0.733,1.668,0.770,0.257,0.257,0.086,,,,true,0.238
2799,00-0035535,Darius Slayton,WR,NYG,2021,4,5,2,0,false,Hamstring,false,1,8,0.805,6.575,202107,4,0.814,4.250,0.758,1.081,0.683,0.733,0.907,0.994,0.832,0.770,true,0.646
2800,00-0035535,Darius Slayton,WR,NYG,2021,17,17,1,1,true,Unlabeled (IR),false,1,8,0.680,3.788,202118,7,0.566,6.500,1.029,0.074,0.279,0.882,0.794,1.015,0.838,1.088,true,1.716
2801,00-0035535,Darius Slayton,WR,NYG,2024,10,10,1,0,false,Concussion,false,1,8,0.877,9.625,202412,4,0.795,2.525,0.661,0.775,0.969,0.775,0.969,0.912,1.037,1.105,true,0.262
2802,00-0035535,Darius Slayton,WR,NYG,2025,6,6,1,0,false,Hamstring,false,1,8,0.854,4.875,202508,0,0.840,8.000,0.855,1.042,0.726,0.738,0.890,1.019,0.925,1.031,true,1.641
2803,00-0035535,Darius Slayton,WR,NYG,2025,11,11,1,0,false,Hamstring,false,1,8,0.859,5.300,202512,1,0.888,7.125,0.734,0.885,1.013,0.920,1.025,1.013,,,true,1.344
2804,00-0035547,Joseph Fortson,TE,KC,2021,7,18,11,11,true,Achilles,true,1,5,0.122,6.000,202201,0,1.783,3.775,2.787,0.902,1.066,2.377,1.475,1.721,2.787,0.902,true,0.629
2805,00-0035547,Joseph Fortson,TE,KC,2022,9,9,1,0,false,Quadricep,false,1,8,0.192,3.760,202210,1,1.026,3.725,0.571,1.455,1.143,0.935,0.779,0.831,0.675,0.727,true,0.991
2806,00-0035547,Joseph Fortson,TE,KC,2022,16,18,20,20,true,Elbow,true,2,8,0.209,3.340,202405,,0.846,0.500,0.623,0.671,1.246,,,,,,true,0.150
2807,00-0035547,Joseph Fortson,TE,KC,2024,9,18,10,10,true,Unlabeled (IR),true,1,8,0.171,2.343,,,,,,,,,,,,,false,
2808,00-0035548,Ventell Bryant,WR,DAL,2020,1,4,4,4,true,Unlabeled (IR),false,1,7,0.026,1.700,,,,,,,,,,,,,false,
2809,00-0035562,Jesper Horsted,TE,CHI,2021,16,18,3,3,true,Illness,true,1,8,0.198,4.750,202202,,0.937,4.900,0.152,0.203,2.937,0.456,0.152,0.253,0.304,0.051,true,1.032
2810,00-0035562,Jesper Horsted,TE,LV,2022,13,14,2,0,false,Concussion,false,1,8,0.109,4.600,202217,,0.322,0.467,0.092,0.736,0.184,0.276,,,,,true,0.101
2811,00-0035562,Jesper Horsted,TE,LV,2023,17,18,2,2,true,Hamstring,true,1,8,0.115,1.575,,,,,,,,,,,,,false,
2812,00-0035567,Craig Reynolds,RB,DET,2022,10,14,5,5,true,Unlabeled (IR),false,1,8,0.231,4.163,202217,4,0.681,1.000,0.778,0.649,1.254,0.043,0.951,2.638,0.389,1.211,true,0.240
2813,00-0035567,Craig Reynolds,RB,DET,2025,9,9,1,0,false,Hamstring,false,1,8,0.143,3.133,202510,,0.070,,0.070,,,,,,,,true,
2816,00-0035593,Juwann Winfree,WR,IND,2024,1,18,17,17,true,Unlabeled (IR),true,1,8,0.210,1.250,,,,,,,,,,,,,false,
2817,00-0035594,Travis Homer,RB,SEA,2020,12,17,4,3,false,Wrist,true,2,8,0.253,3.488,202101,1,0.752,2.925,0.158,1.030,1.188,0.634,0.475,0.317,0.832,1.188,true,0.839
2818,00-0035594,Travis Homer,RB,SEA,2021,12,12,1,0,false,Calf,false,1,8,0.243,4.500,202113,2,0.948,6.350,1.237,0.289,1.361,0.907,1.443,1.856,0.124,0.907,true,1.411
2819,00-0035594,Travis Homer,RB,SEA,2021,14,15,2,1,false,Calf,false,1,8,0.222,4.125,202116,1,1.090,1.650,0.315,1.483,0.989,1.573,2.022,0.135,0.989,1.303,true,0.400
2820,00-0035594,Travis Homer,RB,SEA,2022,4,7,4,4,true,Unlabeled (IR),false,1,8,0.291,4.962,202208,4,0.738,5.900,0.755,0.996,0.515,0.687,3.124,0.858,0.034,0.137,true,1.189
2821,00-0035594,Travis Homer,RB,SEA,2022,18,18,1,1,true,Ankle,true,1,8,0.312,5.363,202303,,0.240,0.500,0.128,0.128,0.064,0.640,0.928,0.032,0.896,0.416,true,0.093
2822,00-0035594,Travis Homer,RB,CHI,2023,6,6,1,0,false,Hamstring,false,1,8,0.257,4.338,202307,,0.534,0.533,0.155,0.078,0.777,1.126,0.039,1.087,0.505,0.971,true,0.123
2823,00-0035594,Travis Homer,RB,CHI,2024,3,6,4,4,true,Finger,false,1,8,0.209,4.117,202411,,0.802,1.600,0.048,1.341,0.623,1.198,0.287,0.048,,,true,0.389
2824,00-0035594,Travis Homer,RB,CHI,2024,17,6,6,5,false,Hamstring,false,2,8,0.126,1.140,202509,,0.277,-0.100,0.475,0.079,,,,,,,true,-0.088
2825,00-0035594,Travis Homer,RB,CHI,2025,12,15,2,0,false,Hamstring,false,2,8,0.155,1.067,,,,,,,,,,,,,false,
2828,00-0035602,Alex Bachman,WR,LV,2025,14,15,2,0,false,Thumb,false,1,8,0.057,0.317,202516,0,2.493,0.433,2.957,3.478,1.043,,,,,,true,1.368
2829,00-0035621,Nsimba Webster,WR,CHI,2024,1,18,17,17,true,Unlabeled (IR),true,1,6,0.022,0.000,,,,,,,,,,,,,false,
2831,00-0035624,N'Keal Harry,TE,NE,2020,8,9,2,0,false,Concussion,false,1,8,0.702,7.900,202010,0,0.836,6.133,0.854,1.068,0.698,0.726,0.868,0.925,0.854,1.267,true,0.776
2832,00-0035624,N'Keal Harry,TE,NE,2021,1,3,3,3,true,Unlabeled (IR),false,1,8,0.552,4.486,202104,,0.620,2.567,0.452,0.615,0.706,0.706,0.633,0.941,0.742,0.489,true,0.572
2833,00-0035624,N'Keal Harry,TE,CHI,2022,1,5,5,5,true,Unlabeled (IR),false,1,8,0.489,3.786,202207,0,0.731,5.075,0.859,1.289,0.573,0.205,0.900,0.982,0.675,0.020,true,1.341
2834,00-0035624,N'Keal Harry,TE,CHI,2022,11,11,1,0,false,Illness,false,1,8,0.486,3.843,202213,1,0.694,3.400,0.206,0.905,0.987,0.679,0.021,0.041,0.123,0.123,true,0.885
2835,00-0035631,Drew Sample,TE,CIN,2019,11,17,7,4,false,Ankle,true,1,8,0.189,1.675,202001,0,3.550,5.500,1.854,3.126,4.715,4.503,4.980,3.974,5.139,4.503,true,3.284
2836,00-0035631,Drew Sample,TE,CIN,2022,3,18,14,12,false,Knee,true,1,8,0.354,1.583,202301,2,0.926,1.300,0.905,0.650,1.244,0.905,0.961,0.989,1.074,1.046,true,0.821
2837,00-0035639,Parris Campbell,WR,IND,2019,5,7,2,0,false,Abdomen,false,1,3,0.333,5.133,201908,1,1.538,7.800,0.390,1.830,1.470,2.460,0.090,1.830,2.400,1.320,true,1.519
2838,00-0035639,Parris Campbell,WR,IND,2019,10,12,3,0,false,Hand,false,1,5,0.350,4.180,201914,0,1.393,5.575,1.400,2.343,0.086,1.743,2.286,1.257,1.571,0.286,true,1.334
2839,00-0035639,Parris Campbell,WR,IND,2019,15,17,3,3,true,Hand,true,1,6,0.393,5.650,202001,2,1.436,5.250,2.085,0.076,1.551,2.034,1.119,1.398,0.254,0.356,true,0.929
2840,00-0035639,Parris Campbell,WR,IND,2020,3,17,14,14,true,Unlabeled (IR),true,1,8,0.459,6.512,202101,0,1.308,5.025,1.330,1.744,0.959,1.199,0.218,0.305,1.678,1.875,true,0.772
2841,00-0035639,Parris Campbell,WR,IND,2021,7,17,10,10,true,Unlabeled (IR),false,1,8,0.544,6.500,202118,1,1.191,2.425,0.257,1.416,1.582,1.508,1.232,1.692,1.839,1.802,true,0.373
2842,00-0035640,DK Metcalf,WR,SEA,2024,9,9,1,0,false,Knee,false,1,8,0.887,12.938,202411,0,0.910,10.850,1.014,0.879,0.845,0.901,1.048,1.003,0.992,1.003,true,0.839
2843,00-0035640,DK Metcalf,WR,PIT,2025,17,18,2,2,true,Unlabeled (IR),true,1,8,0.859,11.550,202601,,1.118,8.000,1.118,,,,,,,,true,0.693
2844,00-0035644,Noah Fant,TE,DEN,2021,9,9,1,1,true,Unlabeled (IR),false,1,8,0.875,11.625,202110,0,0.886,7.875,0.869,0.971,0.857,0.846,0.914,1.029,1.006,1.097,true,0.677
2845,00-0035644,Noah Fant,TE,SEA,2024,9,11,2,0,false,Groin,false,1,8,0.579,7.186,202413,0,1.110,5.725,1.158,1.019,1.019,1.244,0.968,1.106,0.864,0.432,true,0.797
2846,00-0035644,Noah Fant,TE,CIN,2025,4,4,1,0,false,Concussion,false,1,8,0.565,8.362,202505,1,0.832,9.400,0.425,0.867,1.204,0.832,0.814,0.850,0.496,0.743,true,1.124
2847,00-0035644,Noah Fant,TE,CIN,2025,16,16,1,0,false,Ankle,false,1,8,0.463,6.413,202517,,0.613,4.267,0.476,0.476,0.886,,,,,,true,0.665
2848,00-0035645,Gunner Olszewski,WR,NE,2019,12,3,9,8,true,Ankle,false,2,4,0.200,1.350,202004,2,1.550,1.300,0.400,0.400,3.250,2.150,0.100,0.450,0.100,1.000,true,0.963
2849,00-0035645,Gunner Olszewski,WR,PIT,2023,3,3,1,0,false,Concussion,false,1,8,0.288,1.571,202305,,0.148,1.500,0.209,0.104,0.174,0.104,0.035,0.070,0.035,0.035,true,0.955
2850,00-0035645,Gunner Olszewski,WR,NYG,2024,2,18,16,16,true,Groin,true,1,8,0.106,0.857,202503,4,0.259,2.350,0.188,0.094,0.094,0.659,3.576,0.941,0.188,0.188,true,2.742
2851,00-0035645,Gunner Olszewski,WR,NYG,2026,1,2,2,2,true,Unlabeled (IR),false,1,8,0.096,2.203,,,,,,,,,,,,,false,
2853,00-0035657,Damien Harris,RB,NE,2020,17,17,1,1,true,Ankle,true,1,8,0.416,9.412,202101,0,1.123,8.200,1.273,1.009,0.745,1.465,0.793,1.153,1.105,1.273,true,0.871
2854,00-0035657,Damien Harris,RB,NE,2022,13,13,1,0,false,Thigh,false,1,8,0.318,9.400,202217,0,1.039,6.825,1.512,1.669,0.409,0.567,0.409,0.882,0.567,0.063,true,0.726
2855,00-0035657,Damien Harris,RB,BUF,2023,7,18,11,11,true,Neck,true,1,8,0.264,4.325,,,,,,,,,,,,,false,
2857,00-0035659,Terry McLaurin,WR,WAS,2019,17,17,1,0,false,Concussion,true,1,8,0.938,10.313,202001,0,1.000,17.750,0.992,1.003,1.045,0.960,1.067,1.024,0.896,1.045,true,1.721
2858,00-0035659,Terry McLaurin,WR,WAS,2025,4,7,4,0,false,Quadricep,false,1,8,0.856,16.000,202508,3,0.686,15.000,0.549,0.596,0.724,0.876,0.969,1.004,0.818,1.016,true,0.938
2859,00-0035659,Terry McLaurin,WR,WAS,2025,9,11,3,0,false,Quadricep,false,1,8,0.830,14.650,202513,2,0.816,13.475,0.614,0.747,0.904,1.000,1.036,0.843,1.048,,true,0.920
2861,00-0035662,Marquise Brown,WR,ARI,2022,7,11,5,5,true,Foot,false,1,8,0.904,14.825,202212,0,0.963,8.175,1.073,1.062,0.985,0.730,1.007,0.941,0.929,1.040,true,0.551
2862,00-0035662,Marquise Brown,WR,ARI,2023,16,15,17,15,false,Heel,false,2,8,0.876,7.350,202416,2,0.670,11.500,0.308,0.456,1.061,0.856,0.776,0.593,0.593,0.593,true,1.565
2863,00-0035662,Marquise Brown,WR,KC,2025,15,15,1,0,false,Not injury related - personal matter,false,1,8,0.425,8.500,202516,0,1.522,5.433,1.247,1.412,1.906,,,,,,true,0.639
2864,00-0035664,Darrell Henderson,RB,LA,2019,17,17,1,1,true,Ankle,true,1,7,0.204,3.617,202001,1,1.677,11.100,0.343,2.056,2.399,1.909,2.105,2.594,2.741,0.930,true,3.069
2865,00-0035664,Darrell Henderson,RB,LA,2020,17,17,1,1,true,Unlabeled (IR),true,1,8,0.287,6.087,202101,0,2.765,16.600,3.270,2.365,3.130,2.296,2.852,3.061,2.122,2.087,true,2.727
2866,00-0035664,Darrell Henderson,RB,LA,2021,14,14,1,1,true,Thigh,false,1,8,0.737,15.500,202115,,0.583,7.350,0.366,0.095,1.112,0.759,0.678,0.800,0.773,0.963,true,0.474
2867,00-0035664,Darrell Henderson,RB,LA,2021,17,18,2,2,true,Unlabeled (IR),true,1,8,0.675,14.025,202201,,0.915,7.900,1.215,0.830,0.741,0.874,0.844,1.052,0.607,0.726,true,0.563
2869,00-0035671,Jace Sternberger,TE,GB,2020,14,2,5,2,false,Concussion,false,2,8,0.288,4.560,,,,,,,,,,,,,false,
2870,00-0035676,A.J. Brown,WR,TEN,2020,2,3,2,0,false,Knee,false,1,8,0.846,17.812,202005,1,1.010,20.925,0.839,0.993,1.099,1.111,0.969,0.886,0.957,0.957,true,1.175
2871,00-0035676,A.J. Brown,WR,TEN,2021,4,4,1,0,false,Hamstring,false,1,8,0.797,17.213,202105,3,0.931,20.425,0.803,0.991,0.777,1.154,0.978,1.028,0.652,0.928,true,1.187
2872,00-0035676,A.J. Brown,WR,TEN,2021,12,15,3,3,true,Chest,false,1,8,0.691,12.725,202116,0,1.107,19.975,1.071,0.911,1.186,1.259,1.273,1.157,1.230,1.071,true,1.570
2873,00-0035676,A.J. Brown,WR,PHI,2024,3,3,1,0,false,Hamstring,false,1,8,0.841,10.762,202406,0,0.886,15.625,1.094,0.915,0.975,0.559,0.880,1.153,1.058,1.141,true,1.452
2874,00-0035676,A.J. Brown,WR,PHI,2025,8,8,1,0,false,Hamstring,false,1,8,0.941,11.838,202510,1,0.959,18.850,0.829,0.988,0.999,1.020,1.031,0.765,0.924,0.946,true,1.592
2875,00-0035676,A.J. Brown,WR,NE,2026,2,2,1,1,true,Unlabeled (IR),false,1,8,0.882,16.725,,,,,,,,,,,,,false,
2876,00-0035685,David Montgomery,RB,CHI,2020,10,10,1,0,false,Concussion,false,1,8,0.716,13.150,202012,0,1.099,26.525,1.187,1.047,0.935,1.229,1.159,1.159,0.824,1.117,true,2.017
2877,00-0035685,David Montgomery,RB,CHI,2021,5,8,4,4,true,Knee,false,1,8,0.771,20.787,202109,0,1.083,14.050,1.102,1.232,1.089,0.908,1.089,0.908,1.011,0.882,true,0.676
2878,00-0035685,David Montgomery,RB,CHI,2022,4,4,1,0,false,Ankle,false,1,8,0.720,16.337,202205,0,0.958,11.975,1.000,1.083,0.778,0.972,0.972,0.917,1.111,0.944,true,0.733
2879,00-0035685,David Montgomery,RB,DET,2023,7,8,2,0,false,Ribs,false,1,8,0.632,15.375,202310,,0.660,15.750,0.601,0.632,0.427,0.980,0.553,0.822,0.617,0.617,true,1.024
2880,00-0035685,David Montgomery,RB,DET,2024,16,18,3,0,false,Knee,true,1,8,0.438,15.465,202501,6,0.834,13.000,0.846,0.891,0.846,0.754,1.211,0.709,1.006,0.869,true,0.841
2881,00-0035689,Dawson Knox,TE,BUF,2020,3,3,1,0,false,Concussion,false,1,8,0.682,5.525,202004,3,0.696,3.233,0.703,0.513,0.542,1.026,0.894,0.982,1.172,0.806,true,0.585
2882,00-0035689,Dawson Knox,TE,BUF,2020,6,8,3,1,false,Calf,false,1,8,0.624,3.713,202009,1,0.942,7.833,0.593,1.122,0.978,1.074,1.283,0.882,1.026,1.154,true,2.110
2883,00-0035689,Dawson Knox,TE,BUF,2021,8,9,2,0,false,Hand,false,1,8,0.731,12.337,202110,0,1.265,9.575,1.149,1.340,1.244,1.326,1.313,1.231,1.368,1.203,true,0.776
2884,00-0035689,Dawson Knox,TE,BUF,2022,5,5,1,0,false,Foot,false,1,8,0.864,7.537,202206,0,0.981,9.225,0.984,1.019,0.984,0.938,0.926,0.903,0.973,0.996,true,1.224
2885,00-0035689,Dawson Knox,TE,BUF,2023,8,12,5,5,true,Wrist,false,1,8,0.708,6.412,202314,,0.703,5.600,0.664,0.876,0.664,0.608,0.664,0.820,0.749,0.735,true,0.873
2886,00-0035700,Josh Jacobs,RB,OAK,2019,16,17,2,0,false,Shoulder,true,1,8,0.565,15.912,202001,0,1.199,17.250,1.381,1.168,1.044,1.204,1.133,0.867,1.186,1.009,true,1.084
2887,00-0035700,Josh Jacobs,RB,LV,2020,13,13,1,0,false,Ankle,false,1,8,0.624,14.737,202014,5,0.866,14.650,0.689,1.090,0.802,0.882,0.834,1.010,1.106,1.026,true,0.994
2888,00-0035700,Josh Jacobs,RB,LV,2021,2,2,1,0,false,Toe,false,1,8,0.585,15.100,202104,0,0.991,14.600,1.077,1.179,1.094,0.615,0.838,0.974,1.128,1.128,true,0.967
2889,00-0035700,Josh Jacobs,RB,LV,2023,18,18,1,0,false,Quadricep,true,1,8,0.776,14.525,202401,0,0.815,10.775,0.940,0.863,0.670,0.786,0.966,0.812,0.863,0.824,true,0.742
2891,00-0035703,Miles Boykin,WR,BAL,2021,1,4,4,4,true,Unlabeled (IR),false,1,8,0.490,4.183,202106,,0.199,1.600,0.122,0.102,0.265,0.306,0.102,0.265,0.163,0.143,true,0.382
2892,00-0035703,Miles Boykin,WR,BAL,2021,11,12,2,0,false,Finger,false,1,8,0.432,5.983,202116,,0.191,1.050,0.116,0.301,0.185,0.162,0.139,0.208,0.254,0.393,true,0.175
2894,00-0035704,Drew Lock,QB,DEN,2020,3,4,2,0,false,right Shoulder,false,1,6,1.000,13.523,202006,0,0.998,16.365,1.000,0.990,1.000,1.000,1.000,1.000,1.000,1.000,true,1.210
2895,00-0035704,Drew Lock,QB,DEN,2021,10,10,1,1,true,Unlabeled (IR),false,1,8,1.000,16.642,202112,2,0.672,6.845,0.310,0.430,1.000,0.950,1.000,0.310,0.120,1.000,true,0.411
2896,00-0035710,Daniel Jones,QB,NYG,2019,14,15,2,0,false,Ankle,false,1,8,1.000,15.430,201916,0,1.000,18.755,1.000,1.000,1.000,1.000,1.000,1.000,1.000,1.000,true,1.215
2897,00-0035710,Daniel Jones,QB,NYG,2021,13,18,6,3,false,Neck,true,1,8,0.929,12.700,202201,0,1.028,16.135,1.077,1.077,1.077,0.883,1.077,1.077,1.077,1.077,true,1.270
2898,00-0035710,Daniel Jones,QB,NYG,2023,6,8,2,0,false,Neck,false,2,8,0.944,16.763,202309,1,0.882,11.150,0.350,1.060,1.060,1.060,1.060,1.060,1.060,0.837,true,0.665
2899,00-0035710,Daniel Jones,QB,NYG,2023,10,18,8,8,true,Neck,true,1,8,0.927,15.238,202401,0,1.078,13.060,1.078,1.078,1.078,1.078,1.078,1.078,0.852,1.078,true,0.857
2900,00-0035710,Daniel Jones,QB,IND,2025,15,18,4,4,true,Fibula,true,1,8,0.972,18.390,202601,,1.028,9.040,1.028,,,,,,,,true,0.492
2901,00-0035719,Deebo Samuel Sr.,WR,SF,2019,7,7,1,0,false,Groin,false,1,4,0.562,8.425,201908,0,1.311,15.600,1.227,1.138,1.493,1.387,1.298,1.707,1.387,1.582,true,1.852
2902,00-0035719,Deebo Samuel Sr.,WR,SF,2020,1,3,3,3,true,Foot,false,1,8,0.805,14.025,202004,1,0.829,10.475,0.422,1.106,1.019,0.770,1.093,1.180,0.012,1.043,true,0.747
2903,00-0035719,Deebo Samuel Sr.,WR,SF,2020,8,10,3,1,false,Hamstring,false,1,8,0.785,13.100,202012,0,0.854,17.675,1.121,1.210,0.013,1.070,0.892,1.146,1.134,1.096,true,1.349
2904,00-0035719,Deebo Samuel Sr.,WR,SF,2020,15,17,3,0,false,Hamstring,true,1,8,0.763,15.025,202101,0,1.092,23.475,1.102,0.918,1.180,1.167,1.128,1.128,1.075,1.207,true,1.562
2905,00-0035719,Deebo Samuel Sr.,WR,SF,2021,13,13,1,0,false,Groin,false,1,8,0.846,20.512,202114,0,0.942,19.275,0.910,0.957,0.898,1.004,0.839,0.969,0.922,0.934,true,0.940
2906,00-0035719,Deebo Samuel Sr.,WR,SF,2022,8,8,1,0,false,Hamstring,false,1,8,0.796,17.157,202210,2,0.964,12.275,1.093,0.741,0.992,1.030,0.540,0.854,1.093,1.118,true,0.715
2907,00-0035719,Deebo Samuel Sr.,WR,SF,2022,15,17,3,0,false,Ankle,false,1,8,0.794,13.675,202218,0,1.027,15.725,0.857,1.096,1.121,1.033,1.096,0.920,0.189,0.706,true,1.150
2908,00-0035719,Deebo Samuel Sr.,WR,SF,2023,7,8,2,0,false,Shoulder,false,1,8,0.764,12.713,202310,1,0.982,20.825,0.733,1.113,0.995,1.087,1.021,1.126,1.257,1.100,true,1.638
2909,00-0035719,Deebo Samuel Sr.,WR,SF,2024,3,3,1,0,false,Calf,false,1,8,0.762,20.700,202404,0,0.803,8.475,0.997,1.062,1.075,0.079,0.813,1.023,1.141,0.879,true,0.409
2910,00-0035719,Deebo Samuel Sr.,WR,SF,2024,18,18,1,0,false,Ribs,true,1,8,0.761,9.488,202501,0,0.966,16.250,1.011,1.156,0.565,1.130,1.025,0.946,0.972,0.893,true,1.713
2911,00-0035719,Deebo Samuel Sr.,WR,WAS,2025,7,7,1,0,false,Heel,false,1,8,0.770,15.962,202508,0,0.958,11.800,0.961,0.883,1.013,0.974,0.909,0.675,0.792,1.052,true,0.739
2912,00-0035726,Jakob Johnson,RB,NE,2019,7,17,10,10,true,Unlabeled (IR),true,1,3,0.247,1.500,202001,0,1.155,2.900,1.338,0.973,1.054,1.257,0.770,1.622,1.014,2.270,true,1.933
2913,00-0035726,Jakob Johnson,RB,LV,2023,9,9,1,0,false,Concussion,false,1,8,0.253,0.875,202314,1,0.921,0.000,0.594,0.911,1.386,0.792,0.832,0.198,0.119,0.396,true,0.000
2914,00-0035726,Jakob Johnson,RB,HOU,2025,4,10,6,6,true,Hamstring,false,1,8,0.182,0.000,202511,0,0.932,,1.151,1.041,0.603,0.932,,,,,true,
2916,00-0035771,Mitchell Wilcox,TE,CIN,2021,11,11,1,1,true,Unlabeled (IR),false,1,8,0.058,,202113,6,0.348,0.000,0.174,0.348,0.696,0.174,15.130,0.348,4.696,9.913,true,
2917,00-0035806,JaMycal Hasty,RB,SF,2020,12,17,6,6,true,Unlabeled (IR),true,1,6,0.203,5.640,202101,0,1.635,7.150,1.426,1.770,1.672,1.672,1.672,0.098,0.984,0.246,true,1.268
2918,00-0035806,JaMycal Hasty,RB,SF,2021,3,5,3,3,true,Ankle,false,1,8,0.215,5.700,202107,0,1.209,3.550,1.581,1.581,1.581,0.093,0.930,0.233,0.884,0.512,true,0.623
2919,00-0035806,JaMycal Hasty,RB,SF,2021,10,12,3,0,false,Ankle,false,1,8,0.305,6.650,202113,,0.377,3.125,0.066,0.656,0.164,0.623,0.361,0.852,0.131,0.131,true,0.470
2920,00-0035806,JaMycal Hasty,RB,NE,2024,16,16,1,0,false,Ankle,false,1,8,0.159,4.433,,,,,,,,,,,,,false,
2921,00-0035823,Ben Ellefson,TE,JAX,2020,13,17,5,5,true,Knee,true,1,6,0.318,2.000,202102,,0.848,0.000,0.817,1.257,0.660,0.660,0.471,0.848,0.157,0.565,true,0.000
2922,00-0035823,Ben Ellefson,TE,MIN,2021,6,17,11,10,false,Knee,false,1,8,0.312,1.000,202118,,0.520,1.867,0.480,0.864,0.160,0.576,0.448,,,,true,1.867
2923,00-0035823,Ben Ellefson,TE,MIN,2022,5,18,13,12,true,Groin,true,1,8,0.216,1.120,,,,,,,,,,,,,false,
2924,00-0035831,James Robinson,RB,JAX,2020,17,17,1,0,false,Ankle,true,1,8,0.779,18.688,202101,3,0.931,15.950,0.809,0.937,0.758,1.220,0.873,1.091,0.141,0.758,true,0.854
2925,00-0035831,James Robinson,RB,JAX,2021,17,18,2,2,true,Knee,true,1,8,0.577,10.925,202201,1,0.939,14.800,0.848,1.091,1.004,0.814,0.710,0.745,0.294,0.381,true,1.355
2926,00-0035860,Tony Jones,RB,NO,2021,5,10,5,5,true,Unlabeled (IR),false,1,4,0.227,3.125,202111,1,0.934,1.850,0.659,1.626,1.275,0.176,0.703,0.835,0.088,2.198,true,0.592
2927,00-0035864,Kendall Hinton,WR,DEN,2022,15,16,2,0,false,Hamstring,false,1,8,0.552,5.843,202217,,0.851,0.000,0.851,,,,,,,,true,0.000
2928,00-0035864,Kendall Hinton,WR,DEN,2022,18,18,1,0,false,Chest,true,1,8,0.589,6.257,,,,,,,,,,,,,false,
2929,00-0035876,Andre Baccellia,WR,ARI,2025,16,18,3,3,true,Unlabeled (IR),true,1,8,0.243,0.933,,,,,,,,,,,,,false,
2934,00-0035924,Jonathan Ward,RB,ARI,2021,9,13,4,1,false,Concussion,false,1,4,0.045,3.167,202114,0,2.389,2.133,0.889,3.333,3.111,2.222,1.556,1.778,1.556,0.889,true,0.674
2935,00-0035924,Jonathan Ward,RB,ARI,2022,6,11,6,6,true,Unlabeled (IR),false,1,8,0.073,2.767,202217,0,0.690,2.600,1.103,0.966,0.552,0.138,0.690,0.690,0.690,1.241,true,0.940
2936,00-0035934,Trishton Jackson,WR,ARI,2025,1,3,3,3,true,Unlabeled (IR),false,1,7,0.171,2.450,,,,,,,,,,,,,false,
2939,00-0035956,Giovanni Ricci,TE,CAR,2021,7,7,1,0,false,Concussion,false,1,5,0.178,0.000,202108,2,1.250,0.000,1.236,0.787,2.079,0.899,0.393,0.281,0.393,0.506,true,
2940,00-0035956,Giovanni Ricci,TE,CAR,2023,6,18,12,11,false,Shoulder,true,1,8,0.058,1.650,202515,0,5.101,0.000,3.304,3.304,8.696,,,,,,true,0.000
2942,00-0035973,Patrick Taylor,RB,SF,2025,1,18,17,17,true,Unlabeled (IR),true,1,8,0.270,3.283,,,,,,,,,,,,,false,
2944,00-0035976,Dan Chisena,WR,MIN,2021,15,15,1,1,true,Unlabeled (IR),false,1,3,0.037,0.000,202116,4,0.545,1.600,0.545,0.273,0.545,0.818,2.182,1.636,1.636,1.091,true,
2947,00-0035993,Tyler Huntley,QB,BAL,2021,16,16,1,1,true,Illness,false,1,6,0.413,5.253,202117,0,1.736,11.233,2.419,2.419,0.024,2.081,1.500,2.419,2.419,2.419,true,2.138
2948,00-0035993,Tyler Huntley,QB,MIA,2024,8,12,5,5,true,Right Shoulder,false,1,8,0.552,6.690,202417,0,1.502,14.060,1.810,1.810,0.579,1.810,0.217,0.959,1.810,,true,2.102
2950,00-0036005,Noah Togiai,TE,IND,2020,13,16,4,4,true,Knee,false,1,3,0.273,0.000,202118,,0.530,0.000,1.171,0.512,0.037,0.402,,,,,true,
2952,00-0036008,Hunter Bryant,TE,DET,2021,1,18,17,17,true,Unlabeled (IR),true,1,4,0.065,2.700,,,,,,,,,,,,,false,
2954,00-0036020,Salvon Ahmed,RB,MIA,2023,12,18,24,24,true,Rib,true,2,8,0.234,4.500,,,,,,,,,,,,,false,
2957,00-0036032,Sean McKeon,TE,DAL,2021,1,8,7,7,true,Unlabeled (IR),false,1,8,0.089,,202109,0,2.676,3.175,2.141,5.296,1.465,1.803,3.042,0.901,2.592,0.901,true,
2958,00-0036032,Sean McKeon,TE,DAL,2023,14,18,5,5,true,Unlabeled (IR),true,1,8,0.175,0.000,202518,,0.686,,0.686,,,,,,,,true,
2960,00-0036040,Juwan Johnson,TE,NO,2021,16,16,1,1,true,Unlabeled (IR),false,1,8,0.256,3.371,202117,2,2.088,5.800,1.834,0.585,2.888,3.044,2.654,1.873,2.224,3.044,true,1.720
2961,00-0036040,Juwan Johnson,TE,NO,2022,13,13,1,0,false,Ankle,false,1,8,0.667,10.200,202215,2,0.884,9.725,0.764,0.749,1.004,1.019,1.124,1.213,1.049,0.914,true,0.953
2962,00-0036040,Juwan Johnson,TE,NO,2023,5,7,3,0,false,Calf,false,1,8,0.627,7.812,202308,0,1.139,6.275,0.972,1.195,1.211,1.179,0.908,0.637,0.701,1.147,true,0.803
2965,00-0036069,Scottie Phillips,RB,HOU,2021,11,1,9,9,true,Unlabeled (IR),false,2,4,0.100,3.300,,,,,,,,,,,,,false,
2970,00-0036096,J.J. Taylor,RB,NE,2021,13,15,2,2,true,Unlabeled (IR),false,1,8,0.155,3.213,202209,0,1.145,2.275,1.742,0.968,1.355,0.516,0.065,,,,true,0.708
2971,00-0036100,Isaiah Zuber,WR,LV,2023,1,1,1,1,true,Unlabeled (IR),false,1,3,0.100,1.567,,,,,,,,,,,,,false,
2976,00-0036139,Rico Dowdle,RB,DAL,2021,1,18,17,17,true,Unlabeled (IR),true,1,3,0.060,0.800,202202,3,1.083,1.200,0.333,0.500,0.833,2.667,3.500,2.333,1.500,3.333,true,1.500
2977,00-0036139,Rico Dowdle,RB,DAL,2022,6,18,12,12,true,Ankle,true,1,6,0.040,0.480,202301,0,3.750,6.000,4.000,5.250,3.500,2.250,5.000,4.000,8.750,4.750,true,12.500
2978,00-0036139,Rico Dowdle,RB,DAL,2023,17,17,1,0,false,Ankle,false,1,8,0.256,6.425,202318,0,1.649,8.925,1.405,1.717,1.678,1.795,1.756,1.951,1.093,2.771,true,1.389
2980,00-0036142,Isaiah Wright,WR,WAS,2020,7,7,1,0,false,Shoulder,false,1,3,0.683,5.067,202009,,0.417,6.533,0.439,0.483,0.380,0.366,0.585,0.395,0.410,0.263,true,1.289
2981,00-0036145,Lawrence Cager,TE,NYG,2023,17,18,2,2,true,Groin,true,1,8,0.200,2.925,202516,,0.100,,0.100,,,,,,,,true,
2983,00-0036158,J.K. Dobbins,RB,BAL,2020,12,12,1,1,true,Unlabeled (IR),false,1,8,0.434,6.575,202013,0,1.176,13.800,0.876,1.429,1.222,1.176,0.991,1.037,1.153,0.922,true,2.099
2984,00-0036158,J.K. Dobbins,RB,BAL,2021,1,18,17,17,true,Unlabeled (IR),true,1,8,0.541,11.837,202203,7,0.748,8.550,0.831,0.924,0.739,0.499,0.794,0.702,0.776,0.924,true,0.722
2985,00-0036158,J.K. Dobbins,RB,BAL,2022,7,13,6,6,true,Knee,false,1,8,0.478,14.488,202214,2,0.906,11.750,0.901,0.796,0.880,1.047,0.984,1.215,0.963,1.361,true,0.811
2986,00-0036158,J.K. Dobbins,RB,BAL,2023,2,18,16,16,true,Unlabeled (IR),true,1,8,0.419,10.150,202401,0,1.433,15.150,1.385,1.099,1.552,1.696,1.743,1.624,1.958,1.767,true,1.493
2987,00-0036158,J.K. Dobbins,RB,LAC,2024,13,16,4,4,true,Knee,false,1,8,0.715,14.263,202417,,0.755,14.025,0.741,0.909,0.741,0.629,0.937,0.615,0.741,0.699,true,0.983
2988,00-0036158,J.K. Dobbins,RB,DEN,2025,11,18,7,7,true,Foot,true,1,8,0.507,11.463,202601,,0.847,3.600,0.847,,,,,,,,true,0.314
2991,00-0036173,Tommy Hudson,TE,TEN,2021,14,4,9,9,true,Ankle,false,2,3,0.243,2.033,,,,,,,,,,,,,false,
2992,00-0036182,Nick Westbrook-Ikhine,WR,TEN,2023,16,18,3,3,true,Hand,true,1,8,0.677,5.175,202401,6,0.310,0.000,0.280,0.221,0.354,0.384,0.325,0.694,1.358,1.432,true,0.000
2993,00-0036183,Kristian Wilkerson,WR,NE,2022,1,18,17,17,true,Unlabeled (IR),true,1,3,0.043,,202301,0,9.288,9.800,5.077,16.846,9.923,5.308,,,,,true,
2994,00-0036187,Reggie Gilliam,RB,BUF,2020,16,17,2,0,false,Knee,true,1,8,0.109,1.250,202101,1,1.448,0.700,0.184,2.023,1.287,2.299,3.586,0.460,0.460,3.494,true,0.560
2995,00-0036187,Reggie Gilliam,RB,BUF,2022,14,14,1,0,false,Ankle,false,1,8,0.156,1.600,202215,1,0.880,1.100,0.576,1.472,1.088,0.384,0.768,0.960,1.088,0.768,true,0.688
2996,00-0036187,Reggie Gilliam,RB,BUF,2024,9,9,1,0,false,Hip,false,1,8,0.081,0.000,202411,0,1.785,0.000,1.477,2.954,0.615,2.092,3.815,2.585,5.169,1.723,true,
2997,00-0036194,Devin Asiasi,TE,NE,2020,9,13,5,5,true,Unlabeled (IR),false,1,4,0.208,,202014,0,2.843,2.975,1.880,2.361,4.530,2.602,0.867,1.687,1.205,0.096,true,
2998,00-0036194,Devin Asiasi,TE,CIN,2022,1,1,1,0,false,Quadricep,false,1,8,0.431,2.975,202203,,0.377,0.000,0.812,0.580,0.046,0.070,0.046,0.719,0.325,0.464,true,0.000
2999,00-0036196,Gabe Davis,WR,BUF,2021,16,16,1,1,true,Unlabeled (IR),false,1,8,0.431,8.575,202117,0,2.157,9.850,2.017,2.110,2.272,2.226,2.272,1.948,2.157,2.041,true,1.149
3000,00-0036196,Gabe Davis,WR,JAX,2024,13,18,6,6,true,Unlabeled (IR),true,1,8,0.710,5.425,202511,,0.746,3.950,0.577,0.775,0.817,0.817,0.535,1.310,,,true,0.728
3001,00-0036212,Tua Tagovailoa,QB,MIA,2021,3,5,3,3,true,Ribs,false,1,8,0.921,15.518,202106,0,0.936,18.855,1.075,1.085,1.085,0.499,1.085,1.085,1.085,1.042,true,1.215
3002,00-0036212,Tua Tagovailoa,QB,MIA,2022,5,6,2,0,false,Concussion,false,1,8,0.976,15.397,202207,0,0.999,23.150,1.024,1.024,1.024,0.922,0.738,1.004,1.024,1.024,true,1.503
3003,00-0036212,Tua Tagovailoa,QB,MIA,2022,17,18,2,0,false,Concussion,true,1,8,0.950,19.127,202301,0,0.997,20.435,1.053,1.053,0.832,1.053,1.053,0.884,1.053,1.053,true,1.068
3004,00-0036212,Tua Tagovailoa,QB,MIA,2024,3,7,4,4,true,Unlabeled (IR),false,1,8,0.948,13.215,202408,0,1.055,15.975,1.055,1.055,1.055,1.055,1.024,1.055,1.055,1.055,true,1.209
3005,00-0036212,Tua Tagovailoa,QB,ATL,2026,1,1,1,0,false,Oblique,false,1,8,0.944,8.670,,,,,,,,,,,,,false,
3006,00-0036219,Marquez Callaway,WR,NO,2020,8,8,1,0,false,Ankle,false,1,4,0.285,5.000,202009,4,0.579,0.775,0.807,0.351,0.456,0.702,1.965,2.561,2.947,2.561,true,0.155
3007,00-0036219,Marquez Callaway,WR,NO,2020,13,15,3,3,true,Knee,false,1,8,0.291,4.767,202016,0,2.455,4.725,1.923,2.506,2.884,2.506,2.094,2.815,2.815,3.159,true,0.991
3008,00-0036223,Jonathan Taylor,RB,IND,2020,12,12,1,1,true,Not Injury Related,false,1,8,0.448,11.525,202013,0,1.291,22.975,1.073,1.251,1.542,1.296,1.832,1.229,1.006,1.073,true,1.993
3009,00-0036223,Jonathan Taylor,RB,IND,2022,5,5,1,0,false,Ankle,false,1,8,0.801,16.988,202207,1,0.914,15.450,0.686,0.861,1.173,0.936,1.148,1.023,0.037,0.187,true,0.909
3010,00-0036223,Jonathan Taylor,RB,IND,2022,9,9,1,0,false,Ankle,false,1,8,0.763,13.425,202210,0,1.125,18.200,1.233,0.984,1.207,1.075,0.039,0.197,0.551,0.656,true,1.356
3011,00-0036223,Jonathan Taylor,RB,IND,2022,16,4,7,7,true,Unlabeled (IR),false,2,8,0.789,13.662,202305,4,0.532,11.900,0.190,0.532,0.634,0.773,0.938,1.116,0.735,0.748,true,0.871
3012,00-0036223,Jonathan Taylor,RB,IND,2023,13,15,3,0,false,Thumb,false,1,8,0.519,11.950,202316,0,1.422,16.525,1.137,1.214,1.484,1.851,1.002,1.696,1.407,1.561,true,1.383
3013,00-0036223,Jonathan Taylor,RB,IND,2024,5,7,3,0,false,Ankle,false,1,8,0.726,17.963,202408,0,1.122,12.200,1.115,0.991,1.143,1.239,1.322,1.225,0.936,1.046,true,0.679
3015,00-0036225,Dalton Keene,TE,NE,2021,1,18,17,17,true,Unlabeled (IR),true,1,5,0.384,1.500,202310,,0.286,,0.286,,,,,,,,true,
3016,00-0036225,Dalton Keene,TE,HOU,2024,1,18,17,17,true,Unlabeled (IR),true,1,6,0.397,1.533,,,,,,,,,,,,,false,
3018,00-0036232,Harrison Bryant,TE,CLE,2020,17,17,1,1,true,Unlabeled (IR),true,1,8,0.623,6.820,202101,,0.647,3.225,0.514,0.819,0.659,0.594,0.691,0.466,0.675,0.627,true,0.473
3019,00-0036232,Harrison Bryant,TE,CLE,2021,14,14,1,0,false,Ankle,false,1,8,0.404,2.500,202115,3,0.904,6.300,0.966,0.693,0.669,1.288,1.189,1.139,1.164,1.659,true,2.520
3020,00-0036232,Harrison Bryant,TE,LV,2024,11,11,1,0,false,Ankle,false,1,8,0.371,2.680,202414,,0.337,,0.566,0.269,0.189,0.323,0.593,1.051,0.727,0.377,true,
3021,00-0036232,Harrison Bryant,TE,HOU,2025,11,14,4,4,true,Neck,false,1,8,0.261,0.540,202515,,0.431,,0.230,0.344,0.230,0.919,,,,,true,
3022,00-0036233,Donovan Peoples-Jones,WR,CLE,2021,8,8,1,0,false,Groin,false,1,8,0.616,6.100,202109,0,1.266,9.050,0.974,1.379,1.217,1.493,1.509,1.412,1.460,1.298,true,1.484
3023,00-0036244,Colby Parkinson,TE,SEA,2021,1,3,3,3,true,Unlabeled (IR),false,1,5,0.126,3.600,202104,0,2.679,1.100,5.397,4.286,0.476,0.556,1.111,0.635,0.794,1.032,true,0.306
3024,00-0036245,Malcolm Perry,RB,NE,2021,1,11,11,11,true,Foot,false,1,8,0.292,1.900,,,,,,,,,,,,,false,
3026,00-0036250,Tyler Davis,TE,GB,2023,1,18,34,34,true,Unlabeled (IR),true,2,8,0.124,0.000,,,,,,,,,,,,,false,
3028,00-0036251,Zack Moss,RB,IND,2023,17,17,1,0,false,Forearm,false,1,8,0.494,8.575,202318,1,1.205,10.875,0.344,1.316,1.620,1.539,1.215,1.357,0.911,0.992,true,1.268
3029,00-0036251,Zack Moss,RB,CIN,2024,10,18,8,8,true,Neck,true,1,8,0.574,9.625,,,,,,,,,,,,,false,
3031,00-0036252,Michael Pittman,WR,IND,2024,10,10,1,0,false,Back,false,1,8,0.875,9.525,202411,0,1.000,11.050,0.994,0.857,1.051,1.097,1.120,1.074,1.040,0.937,true,1.160
3032,00-0036254,Collin Johnson,WR,JAX,2020,16,17,2,1,false,Hamstring,true,1,8,0.306,8.340,202103,2,1.290,3.550,1.600,0.261,1.437,1.861,0.947,1.306,1.241,0.392,true,0.426
3033,00-0036254,Collin Johnson,WR,NYG,2021,16,17,2,0,false,Hamstring,false,1,8,0.329,1.760,202118,,0.563,2.100,0.213,0.578,0.456,1.004,0.030,0.061,0.091,0.274,true,1.193
3034,00-0036254,Collin Johnson,WR,NYG,2022,1,18,17,17,true,Unlabeled (IR),true,1,8,0.287,2.280,202316,,0.591,2.100,0.661,0.522,1.148,0.035,0.070,0.104,0.313,0.557,true,0.921
3036,00-0036255,Denzel Mims,WR,NYJ,2020,14,14,1,0,false,Not Injury Related,false,1,5,0.912,9.080,202015,0,0.587,3.075,0.976,0.998,0.318,0.055,0.175,0.154,0.340,0.768,true,0.339
3037,00-0036255,Denzel Mims,WR,NYJ,2021,10,12,3,3,true,Unlabeled (IR),false,1,8,0.431,3.457,202113,2,0.951,0.350,0.835,0.765,0.928,1.275,1.762,0.951,1.739,1.925,true,0.101
3038,00-0036255,Denzel Mims,WR,NYJ,2022,16,16,1,0,false,Concussion,false,1,8,0.602,3.413,202217,,0.207,0.000,0.266,0.149,,,,,,,true,0.000
3039,00-0036259,Jauan Jennings,WR,SF,2023,16,17,2,0,false,Concussion,false,1,8,0.490,3.988,202401,0,1.250,18.850,1.000,1.102,1.735,1.163,1.143,1.061,1.857,1.939,true,4.727
3040,00-0036259,Jauan Jennings,WR,SF,2024,7,8,2,0,false,Hip,false,1,8,0.530,11.950,202410,0,1.764,14.750,1.717,1.792,1.736,1.811,1.396,1.774,1.774,1.774,true,1.234
3041,00-0036259,Jauan Jennings,WR,SF,2025,5,5,1,0,false,Ankle,false,1,8,0.797,12.525,202506,0,1.022,7.850,0.966,1.066,1.066,0.991,1.154,0.940,1.129,1.016,true,0.627
3042,00-0036259,Jauan Jennings,WR,MIN,2026,2,2,1,0,false,Not injury related - personal matter,false,1,8,0.849,14.000,,,,,,,,,,,,,false,
3043,00-0036261,Brandon Aiyuk,WR,SF,2020,9,9,1,1,true,Not Injury Related,false,1,6,0.815,12.150,202010,0,1.132,21.100,1.178,1.067,1.117,1.166,1.141,0.577,0.663,1.055,true,1.737
3044,00-0036261,Brandon Aiyuk,WR,SF,2020,12,12,1,1,true,Unlabeled (IR),false,1,7,0.827,13.714,202013,0,1.106,17.200,1.052,1.100,1.149,1.124,0.568,0.653,1.040,0.810,true,1.254
3045,00-0036261,Brandon Aiyuk,WR,SF,2020,17,17,1,0,false,Ankle,true,1,8,0.896,17.700,202101,6,0.709,4.650,0.524,0.603,0.960,0.748,0.792,0.792,0.982,1.038,true,0.263
3046,00-0036261,Brandon Aiyuk,WR,SF,2024,8,18,27,27,true,Unlabeled (IR),true,2,8,0.772,11.000,,,,,,,,,,,,,false,
3047,00-0036264,Jordan Love,QB,GB,2021,14,14,1,1,true,Unlabeled (IR),false,1,3,0.437,4.107,202117,6,0.475,2.960,0.366,1.237,0.183,0.115,0.458,0.252,2.107,2.290,true,0.721
3048,00-0036264,Jordan Love,QB,GB,2025,17,17,1,0,false,Shoulder,false,1,8,0.973,16.105,202601,,1.028,19.480,1.028,,,,,,,,true,1.210
3049,00-0036265,AJ Dillon,RB,GB,2020,9,13,5,5,true,Unlabeled (IR),false,1,5,0.120,1.520,202015,1,2.187,7.900,0.667,4.833,0.917,2.333,2.417,2.417,3.333,2.750,true,5.197
3050,00-0036265,AJ Dillon,RB,GB,2023,18,18,18,17,false,Thumb,true,2,8,0.499,9.062,202501,,0.256,1.533,0.261,0.341,0.140,0.281,0.301,0.281,0.060,0.201,true,0.169
3051,00-0036268,Laviska Shenault Jr.,WR,JAX,2020,10,11,2,0,false,Hamstring,false,1,7,0.654,10.400,202012,2,1.051,10.750,1.391,0.535,1.146,1.131,1.330,1.055,1.070,1.223,true,1.034
3052,00-0036268,Laviska Shenault Jr.,WR,JAX,2021,16,16,1,1,true,Shoulder,false,1,8,0.717,7.050,202117,,0.397,7.875,0.390,0.836,0.251,0.111,0.056,0.404,0.084,0.544,true,1.117
3053,00-0036268,Laviska Shenault Jr.,WR,CAR,2022,5,6,2,0,false,Hamstring,false,1,8,0.555,8.775,202207,,0.351,6.225,0.072,0.523,0.108,0.703,0.505,0.757,0.523,0.505,true,0.709
3054,00-0036268,Laviska Shenault Jr.,WR,CAR,2023,8,10,3,0,false,Ankle,false,1,8,0.245,3.288,202311,,0.224,1.850,0.204,0.122,0.408,0.163,0.571,0.041,0.367,0.367,true,0.563
3055,00-0036268,Laviska Shenault Jr.,WR,CAR,2023,13,18,6,6,true,Ankle,true,1,8,0.194,2.700,202401,,0.374,1.675,0.516,0.206,0.723,0.052,0.465,0.465,0.723,0.206,true,0.620
3057,00-0036269,La'Mical Perine,RB,NYJ,2020,12,15,4,4,true,Unlabeled (IR),false,1,7,0.404,5.400,202016,,0.390,2.833,0.693,0.049,0.173,0.643,0.173,0.049,0.099,0.173,true,0.525
3058,00-0036269,La'Mical Perine,RB,NYJ,2020,17,17,1,1,true,Unlabeled (IR),true,1,8,0.376,5.888,202107,,0.279,1.067,0.053,0.186,0.691,0.186,0.053,0.106,0.186,2.153,true,0.181
3061,00-0036271,Quez Watkins,WR,PHI,2023,3,4,2,0,false,Hamstring,false,1,8,0.614,5.262,202305,,0.819,4.100,1.075,0.391,1.043,0.766,0.847,0.016,1.597,,true,0.779
3062,00-0036271,Quez Watkins,WR,PHI,2023,6,11,5,5,true,Hamstring,false,1,8,0.527,4.229,202312,1,0.886,2.900,0.455,1.213,0.891,0.986,0.019,1.858,,,true,0.686
3063,00-0036275,D'Andre Swift,RB,DET,2020,11,11,1,0,false,Concussion,false,1,8,0.389,12.713,202014,0,1.569,15.550,1.389,1.672,1.749,1.466,1.749,1.621,1.441,1.878,true,1.223
3064,00-0036275,D'Andre Swift,RB,DET,2021,13,15,3,0,false,Shoulder,false,1,8,0.741,18.538,202117,,0.772,15.925,0.769,0.728,0.904,0.688,0.553,0.742,0.216,0.418,true,0.859
3065,00-0036275,D'Andre Swift,RB,DET,2022,4,5,2,0,false,Shoulder,false,1,8,0.608,14.350,202208,,0.547,10.675,0.905,0.263,0.510,0.510,0.560,0.840,0.593,0.658,true,0.744
3066,00-0036275,D'Andre Swift,RB,CHI,2025,9,9,1,0,false,Groin,false,1,8,0.650,15.137,202510,0,0.835,11.625,0.954,0.877,0.692,0.815,0.877,0.862,0.846,0.908,true,0.768
3067,00-0036277,Quintez Cephus,WR,DET,2021,6,18,12,12,true,Unlabeled (IR),true,1,8,0.586,8.225,202201,,0.303,1.167,0.051,0.171,0.222,0.768,,,,,true,0.142
3068,00-0036277,Quintez Cephus,WR,DET,2022,5,18,13,13,true,Foot,true,1,8,0.425,7.057,,,,,,,,,,,,,false,
3071,00-0036290,Cole Kmet,TE,CHI,2025,8,8,1,0,false,Back,false,1,8,0.881,4.600,202509,,0.664,3.575,0.295,0.749,0.896,0.715,0.760,0.862,0.828,0.874,true,0.777
3074,00-0036297,Darrynton Evans,RB,TEN,2021,1,6,6,6,true,Unlabeled (IR),false,1,4,0.122,4.025,202107,2,1.408,4.533,0.735,0.245,2.612,2.041,2.204,2.939,3.918,2.204,true,1.126
3075,00-0036297,Darrynton Evans,RB,TEN,2021,8,18,10,10,true,Knee,true,1,5,0.100,3.220,202211,1,2.175,3.567,0.300,3.200,2.500,2.700,3.600,4.800,2.700,0.900,true,1.108
3076,00-0036297,Darrynton Evans,RB,BUF,2024,1,8,8,8,true,Hamstring,false,1,8,0.265,4.888,202414,,0.302,0.300,0.302,,,,,,,,true,0.061
3078,00-0036309,Darnell Mooney,WR,CHI,2022,13,18,5,5,true,Unlabeled (IR),true,1,8,0.864,11.850,202301,3,0.747,8.133,0.973,0.324,0.822,0.868,0.903,0.915,0.787,0.984,true,0.686
3079,00-0036309,Darnell Mooney,WR,CHI,2023,17,18,2,0,false,Concussion,true,1,8,0.780,5.650,202401,0,1.231,10.875,1.218,1.282,1.192,1.231,1.256,1.231,1.128,1.205,true,1.925
3080,00-0036309,Darnell Mooney,WR,ATL,2025,6,6,1,0,false,Hamstring,false,1,8,0.875,7.650,202507,0,1.037,4.275,0.949,1.029,1.143,1.029,1.051,0.754,1.097,0.880,true,0.559
3081,00-0036322,Justin Jefferson,WR,MIN,2023,6,12,7,7,true,Hamstring,false,1,8,0.891,21.900,202314,1,0.875,14.275,0.202,1.077,1.100,1.122,1.043,0.942,0.785,1.010,true,0.652
3082,00-0036326,Chase Claypool,WR,PIT,2021,10,10,1,0,false,Toe,false,1,8,0.754,13.325,202111,0,1.032,12.625,1.207,1.300,0.836,0.783,0.836,1.088,1.167,1.207,true,0.947
3083,00-0036326,Chase Claypool,WR,CHI,2022,15,15,1,0,false,Knee,false,1,8,0.646,8.843,202217,1,1.025,4.375,0.573,1.099,1.207,1.222,1.331,0.124,0.217,0.340,true,0.495
3084,00-0036326,Chase Claypool,WR,CHI,2023,5,5,1,0,false,not injury related - team decision,false,1,8,0.585,4.412,202307,,0.222,1.325,0.137,0.239,0.376,0.137,0.085,0.239,0.137,,true,0.300
3085,00-0036326,Chase Claypool,WR,MIA,2023,11,11,1,0,false,Knee,false,1,8,0.545,3.538,202315,,0.161,1.025,0.147,0.092,0.257,0.147,,,,,true,0.290
3086,00-0036328,Antonio Gibson,RB,WAS,2020,14,14,1,0,false,Toe,false,1,8,0.484,18.775,202016,1,1.111,10.025,0.620,1.220,1.344,1.261,1.178,1.137,1.178,0.806,true,0.534
3087,00-0036328,Antonio Gibson,RB,WAS,2021,17,17,1,1,true,Toe,false,1,8,0.604,14.200,202118,0,0.894,16.300,0.894,1.060,0.894,0.729,0.679,0.530,0.431,0.646,true,1.148
3088,00-0036328,Antonio Gibson,RB,WAS,2022,17,18,2,1,false,Knee,true,1,8,0.500,11.650,202301,1,0.910,4.050,0.700,0.960,1.220,0.760,1.080,0.780,0.760,1.020,true,0.348
3089,00-0036328,Antonio Gibson,RB,NE,2025,6,18,12,12,true,Knee,true,1,8,0.349,6.250,,,,,,,,,,,,,false,
3090,00-0036331,Devin Duvernay,WR,BAL,2022,16,18,3,3,true,Foot,true,1,8,0.734,5.675,202301,,0.426,1.075,0.150,0.395,0.341,0.818,0.123,0.286,0.204,0.041,true,0.189
3091,00-0036331,Devin Duvernay,WR,BAL,2023,15,18,4,4,true,Unlabeled (IR),true,1,8,0.201,0.725,202401,5,0.484,0.400,0.447,0.248,0.745,0.497,0.596,1.441,2.832,2.435,true,0.552
3092,00-0036331,Devin Duvernay,WR,JAX,2024,6,9,4,4,true,Unlabeled (IR),false,1,8,0.091,0.575,202411,0,4.959,3.650,3.178,6.247,5.370,5.041,3.397,1.753,0.986,1.753,true,6.348
3094,00-0036336,Anthony McFarland,RB,PIT,2021,1,6,6,6,true,Unlabeled (IR),false,1,8,0.109,1.812,202108,1,1.517,2.900,0.828,1.747,2.759,0.736,0.184,,,,true,1.600
3095,00-0036336,Anthony McFarland,RB,PIT,2021,16,17,2,2,true,Unlabeled (IR),false,1,8,0.118,1.738,202212,,1.135,3.067,2.553,0.681,0.170,,,,,,true,1.765
3096,00-0036336,Anthony McFarland,RB,PIT,2023,2,9,7,7,true,Knee,false,1,8,0.161,2.250,202310,,0.124,0.000,0.124,,,,,,,,true,0.000
3097,00-0036340,Antonio Gandy-Golden,WR,WAS,2020,7,15,8,8,true,Hamstring,false,1,4,0.240,1.750,202016,,1.104,0.000,3.458,0.417,0.208,0.333,0.167,,,,true,0.000
3099,00-0036355,Justin Herbert,QB,LAC,2023,15,18,4,4,true,right Finger,true,1,8,1.000,17.073,202401,0,0.945,10.380,1.000,1.000,0.780,1.000,1.000,1.000,1.000,1.000,true,0.608
3101,00-0036357,Henry Ruggs,WR,LV,2020,15,15,1,1,true,Unlabeled (IR),false,1,8,0.694,7.850,202016,2,0.912,8.650,0.995,0.750,0.937,0.966,0.836,1.168,1.211,0.951,true,1.102
3102,00-0036358,CeeDee Lamb,WR,DAL,2024,17,18,2,2,true,Shoulder,true,1,8,0.829,19.188,202501,0,0.817,20.067,1.110,1.110,0.109,0.941,0.869,1.062,0.881,1.026,true,1.046
3103,00-0036358,CeeDee Lamb,WR,DAL,2025,4,6,3,0,false,Ankle,false,1,8,0.809,18.125,202507,0,0.961,17.425,0.964,0.890,1.088,0.903,1.051,1.002,0.569,1.063,true,0.961
3104,00-0036360,Clyde Edwards-Helaire,RB,KC,2020,16,17,2,0,false,Ankle,true,1,8,0.568,12.925,202101,0,1.106,12.275,1.269,1.145,1.093,0.916,0.458,0.828,0.899,0.617,true,0.950
3105,00-0036360,Clyde Edwards-Helaire,RB,KC,2021,6,10,5,5,true,Unlabeled (IR),false,1,8,0.601,12.262,202111,,0.848,13.750,0.782,0.848,0.582,1.181,0.499,0.649,0.732,0.665,true,1.121
3106,00-0036360,Clyde Edwards-Helaire,RB,KC,2021,18,18,1,0,false,Shoulder,true,1,8,0.511,12.162,202201,,0.875,18.875,0.763,0.861,0.782,1.095,0.841,0.822,0.528,0.333,true,1.552
3107,00-0036360,Clyde Edwards-Helaire,RB,KC,2022,12,18,7,7,true,Unlabeled (IR),true,1,8,0.344,9.375,202301,,0.560,5.650,0.640,0.465,0.873,0.262,0.407,0.378,0.291,0.087,true,0.603
3108,00-0036360,Clyde Edwards-Helaire,RB,KC,2023,9,9,1,0,false,Illness,false,1,8,0.153,3.375,202311,1,1.607,3.425,0.328,1.311,1.639,3.148,4.066,2.557,1.246,2.820,true,1.015
3109,00-0036360,Clyde Edwards-Helaire,RB,KC,2024,1,5,5,5,true,Illness,false,1,8,0.265,5.312,202417,0,0.858,3.550,1.623,1.019,0.113,0.679,,,,,true,0.668
3110,00-0036364,Lynn Bowden,WR,MIA,2020,9,9,1,1,true,Not Injury Related,false,1,3,0.087,0.600,202012,0,6.808,8.800,3.577,5.077,8.192,10.385,10.615,10.846,2.538,0.923,true,14.667
3111,00-0036364,Lynn Bowden,WR,MIA,2021,1,18,17,17,true,Unlabeled (IR),true,1,8,0.448,5.671,202209,,0.335,0.000,0.492,0.179,0.380,0.291,0.246,0.313,0.804,0.492,true,0.000
3113,00-0036365,Bryan Edwards,WR,LV,2021,16,16,1,1,true,Unlabeled (IR),false,1,8,0.780,6.550,202117,0,0.696,2.875,0.949,0.897,0.603,0.333,0.269,0.269,0.141,0.051,true,0.439
3114,00-0036370,Joshua Kelley,RB,LAC,2022,7,11,4,4,true,Knee,false,1,8,0.223,4.600,202212,0,1.562,5.400,0.944,1.933,1.798,1.573,1.528,1.618,1.843,2.157,true,1.174
3115,00-0036377,Joe Reed,WR,CHI,2023,1,18,17,17,true,Unlabeled (IR),true,1,6,0.050,1.483,,,,,,,,,,,,,false,
3117,00-0036383,Eno Benjamin,RB,NO,2023,1,18,17,17,true,Unlabeled (IR),true,1,8,0.361,6.857,,,,,,,,,,,,,false,
3119,00-0036387,Jalen Reagor,WR,LAC,2024,15,18,4,4,true,Finger,true,1,8,0.345,2.757,,,,,,,,,,,,,false,
3120,00-0036389,Jalen Hurts,QB,PHI,2022,16,16,1,0,false,right Shoulder,false,1,8,0.953,25.740,202218,0,1.050,16.515,1.050,1.050,1.050,1.050,1.050,1.050,1.050,1.050,true,0.642
3121,00-0036389,Jalen Hurts,QB,PHI,2024,17,18,2,0,false,Concussion,true,1,8,0.970,24.808,202501,0,1.031,21.065,1.031,1.031,1.031,1.031,1.031,1.031,1.031,0.959,true,0.849
3122,00-0036407,Jerry Jeudy,WR,DEN,2021,2,7,6,6,true,Unlabeled (IR),false,1,8,0.744,8.400,202108,6,0.894,9.100,0.968,0.807,1.049,0.753,0.982,0.807,0.928,0.995,true,1.083
3123,00-0036407,Jerry Jeudy,WR,DEN,2021,17,17,1,1,true,Unlabeled (IR),false,1,8,0.644,8.875,202118,0,0.889,7.775,1.041,1.383,0.217,0.917,1.383,1.305,1.414,1.383,true,0.876
3124,00-0036407,Jerry Jeudy,WR,DEN,2022,11,12,2,0,false,Ankle,false,1,8,0.750,11.625,202213,1,0.950,19.025,0.507,1.107,0.987,1.200,1.187,1.293,0.907,1.013,true,1.637
3125,00-0036410,Tee Higgins,WR,CIN,2021,4,4,1,0,false,Shoulder,false,1,8,0.785,10.663,202105,2,0.860,11.125,0.892,0.726,0.854,0.968,0.968,1.019,0.803,1.006,true,1.043
3126,00-0036410,Tee Higgins,WR,CIN,2023,10,12,3,0,false,Hamstring,false,1,8,0.767,10.162,202313,0,1.046,15.725,1.016,0.977,1.134,1.055,0.534,1.173,0.834,0.938,true,1.547
3127,00-0036410,Tee Higgins,WR,CIN,2025,13,13,1,0,false,Concussion,false,1,8,0.864,14.063,202514,,0.808,17.525,0.845,0.718,0.660,1.007,0.834,,,,true,1.246
3128,00-0036410,Tee Higgins,WR,CIN,2025,15,15,1,0,false,Concussion,false,1,8,0.857,14.763,202516,,0.810,12.950,0.723,0.665,1.015,0.840,,,,,true,0.877
3130,00-0036412,KJ Hamler,WR,DEN,2020,17,17,1,1,true,Concussion,true,1,8,0.709,8.737,202101,,0.670,3.100,0.508,1.002,0.310,0.861,0.367,0.113,0.748,0.804,true,0.355
3131,00-0036412,KJ Hamler,WR,DEN,2021,4,18,14,14,true,Unlabeled (IR),true,1,8,0.552,5.563,202201,3,0.670,2.833,1.104,0.471,0.145,0.959,1.032,1.050,1.267,,true,0.509
3132,00-0036412,KJ Hamler,WR,DEN,2022,2,2,1,0,false,Knee,false,1,8,0.508,5.100,202203,2,0.709,4.967,0.512,0.158,1.044,1.123,1.143,1.379,,,true,0.974
3133,00-0036412,KJ Hamler,WR,DEN,2022,10,18,9,6,false,Hamstring,true,1,8,0.445,3.286,,,,,,,,,,,,,false,
3135,00-0036414,Cam Akers,RB,LA,2020,16,16,1,0,false,Ankle,false,1,8,0.299,11.883,202017,3,1.230,5.775,2.209,0.669,0.603,1.439,1.674,1.272,1.038,0.636,true,0.486
3136,00-0036414,Cam Akers,RB,LA,2021,1,15,14,14,true,Unlabeled (IR),false,1,8,0.372,11.214,202118,2,0.879,5.650,0.537,0.483,1.154,1.342,1.020,0.832,0.510,0.456,true,0.504
3137,00-0036414,Cam Akers,RB,LA,2022,6,8,2,0,false,Not injury related - personal matter,false,1,8,0.469,7.888,202209,4,0.560,3.075,0.405,0.363,0.832,0.640,1.536,0.896,1.621,1.600,true,0.390
3138,00-0036414,Cam Akers,RB,MIN,2023,10,18,8,8,true,Unlabeled (IR),true,1,8,0.438,8.750,202402,1,0.777,7.600,0.480,0.983,0.914,0.731,0.069,0.503,0.709,0.846,true,0.869
3139,00-0036415,Van Jefferson,WR,LA,2022,1,6,6,4,false,Knee,false,1,8,0.859,10.238,202208,3,0.550,6.267,0.617,0.408,0.326,0.850,1.013,1.164,1.130,1.141,true,0.612
3140,00-0036415,Van Jefferson,WR,TEN,2025,18,18,1,1,true,Forearm,true,1,8,0.774,4.550,,,,,,,,,,,,,false,
3141,00-0036422,Adam Trautman,TE,NO,2021,12,14,3,3,true,Knee,false,1,8,0.778,4.500,202115,1,0.804,5.100,0.733,1.068,0.887,0.527,0.630,0.823,0.836,0.836,true,1.133
3142,00-0036422,Adam Trautman,TE,NO,2021,16,16,1,1,true,Unlabeled (IR),false,1,8,0.798,6.037,202117,0,0.759,8.800,1.041,0.865,0.514,0.614,0.803,0.815,0.815,0.276,true,1.458
3143,00-0036422,Adam Trautman,TE,NO,2022,7,7,1,0,false,Ankle,false,1,8,0.616,6.000,202209,2,0.836,3.225,0.568,0.649,1.136,0.990,1.298,1.055,1.201,1.103,true,0.538
3144,00-0036423,Albert Okwuegbunam,TE,DEN,2020,10,17,8,8,true,Unlabeled (IR),true,1,3,0.343,9.133,202101,0,1.303,4.675,1.631,1.573,1.252,0.757,1.427,2.359,1.194,1.311,true,0.512
3145,00-0036423,Albert Okwuegbunam,TE,DEN,2021,5,7,3,3,true,Hamstring,false,1,7,0.396,6.529,202108,0,1.365,6.450,1.238,2.047,1.036,1.137,1.087,1.415,1.011,0.834,true,0.988
3146,00-0036423,Albert Okwuegbunam,TE,PHI,2023,17,9,10,10,true,Hamstring,false,2,8,0.208,5.000,202505,,2.217,8.600,2.217,,,,,,,,true,1.720
3147,00-0036424,Brycen Hopkins,TE,LA,2022,3,5,3,3,true,Unlabeled (IR),false,1,6,0.168,1.900,202206,1,1.158,1.050,0.832,1.010,1.485,1.307,0.535,2.436,0.950,0.356,true,0.553
3148,00-0036425,DeeJay Dallas,RB,SEA,2020,16,17,2,0,false,Ankle,true,1,7,0.289,8.029,202101,6,0.554,4.475,0.208,0.069,0.762,1.178,0.069,0.139,1.282,2.079,true,0.557
3149,00-0036429,Charlie Woerner,TE,SF,2020,15,16,2,2,true,Unlabeled (IR),false,1,8,0.118,2.650,202017,0,1.213,1.300,1.447,1.362,1.106,0.936,0.681,2.723,4.596,6.809,true,0.491
3150,00-0036429,Charlie Woerner,TE,ATL,2024,11,11,1,0,false,Concussion,false,1,8,0.319,0.575,202413,0,1.765,1.575,1.820,1.475,2.165,1.600,1.663,1.757,1.318,2.667,true,2.739
3152,00-0036438,Stephen Sullivan,TE,CAR,2022,5,5,1,0,false,Back,false,1,5,0.124,1.150,202206,4,0.665,2.150,0.726,0.323,0.887,0.726,2.097,1.855,2.016,2.258,true,1.870
3153,00-0036438,Stephen Sullivan,TE,CAR,2023,1,5,5,5,true,Hip,false,1,8,0.203,0.860,202306,1,0.840,4.033,0.444,0.938,1.037,0.938,1.333,2.272,1.679,1.037,true,4.690
3154,00-0036438,Stephen Sullivan,TE,CAR,2023,10,10,1,0,false,Shoulder,false,1,8,0.199,0.460,202311,0,1.585,1.975,0.956,1.358,2.314,1.711,1.057,1.057,1.107,0.503,true,4.293
3155,00-0036439,Tyrie Cleveland,WR,DEN,2022,4,4,1,0,false,Hamstring,false,1,8,0.111,1.767,202205,0,2.157,0.000,1.258,3.056,,,,,,,true,0.000
3156,00-0036439,Tyrie Cleveland,WR,DEN,2022,8,8,1,0,false,Groin,false,1,8,0.161,2.217,202210,,2.109,0.000,2.109,,,,,,,,true,0.000
3157,00-0036442,Joe Burrow,QB,CIN,2020,12,17,6,6,true,Unlabeled (IR),true,1,8,0.999,18.260,202101,0,1.001,17.205,1.001,1.001,1.001,1.001,1.001,0.821,0.891,1.001,true,0.942
3158,00-0036442,Joe Burrow,QB,CIN,2023,12,18,7,7,true,right Wrist,true,1,8,1.000,16.905,202401,0,1.000,16.730,1.000,1.000,1.000,1.000,1.000,1.000,1.000,0.950,true,0.990
3159,00-0036442,Joe Burrow,QB,CIN,2025,3,12,9,9,true,Toe,false,1,8,0.998,21.307,202513,0,0.977,19.265,1.003,1.003,1.003,0.902,0.832,0.992,1.003,,true,0.904
3161,00-0036456,Dominique Dafney,TE,GB,2021,3,7,5,5,true,Hip,false,1,6,0.243,3.533,202108,1,1.130,0.600,0.781,1.644,1.110,0.986,0.452,0.205,1.027,0.904,true,0.170
3162,00-0036456,Dominique Dafney,TE,GB,2021,15,15,1,0,false,Ankle,false,1,8,0.319,2.067,202116,,0.544,1.800,0.157,0.784,0.690,,,,,,true,0.871
3163,00-0036456,Dominique Dafney,TE,TB,2023,1,1,1,1,true,Unlabeled (IR),false,1,8,0.245,0.450,,,,,,,,,,,,,false,
3164,00-0036482,Mike Strachan,WR,IND,2022,15,15,1,0,false,Concussion,false,1,8,0.219,1.100,202216,,0.377,2.750,0.091,0.229,0.183,1.006,0.640,1.966,0.137,,true,2.500
3165,00-0036493,Deon Jackson,RB,IND,2022,10,10,1,0,false,Knee,false,1,8,0.204,6.238,202211,5,0.847,5.400,0.982,0.294,0.540,1.571,0.736,1.178,2.012,3.485,true,0.866
3166,00-0036493,Deon Jackson,RB,NYG,2023,10,10,1,0,false,Concussion,false,1,8,0.275,5.986,,,,,,,,,,,,,false,
3168,00-0036510,Kenny Yeboah,TE,NYJ,2023,1,13,12,12,true,Hamstring,false,1,8,0.114,1.867,202314,0,2.418,1.600,2.989,1.407,2.286,2.989,5.802,0.615,0.791,0.527,true,0.857
3169,00-0036510,Kenny Yeboah,TE,NYJ,2024,1,8,8,8,true,Abdomen,false,1,8,0.176,1.200,202409,4,0.355,3.900,0.397,0.511,0.340,0.170,1.021,2.837,0.965,1.248,true,3.250
3170,00-0036510,Kenny Yeboah,TE,DET,2025,1,9,8,8,true,Unlabeled (IR),false,1,8,0.165,1.950,,,,,,,,,,,,,false,
3173,00-0036527,DJ Turner,WR,LV,2024,14,18,5,5,true,Unlabeled (IR),true,1,8,0.588,5.188,,,,,,,,,,,,,false,
3174,00-0036534,Shane Zylstra,TE,DET,2023,1,18,17,17,true,Unlabeled (IR),true,1,8,0.314,5.650,202407,,0.614,0.000,0.159,0.861,0.510,0.924,0.765,0.255,0.223,0.637,true,0.000
3175,00-0036534,Shane Zylstra,TE,DET,2025,3,14,11,11,true,Knee,false,1,8,0.107,3.200,202515,0,5.372,5.000,5.395,6.140,6.140,3.814,,,,,true,1.562
3180,00-0036550,Rashod Bateman,WR,BAL,2022,5,6,2,0,false,Foot,false,1,8,0.748,11.125,202207,,0.572,4.875,0.749,0.227,0.522,0.789,0.923,0.522,0.642,0.642,true,0.438
3181,00-0036550,Rashod Bateman,WR,BAL,2022,9,18,9,9,true,Foot,true,1,8,0.675,10.387,202301,1,0.763,3.675,0.578,0.874,1.022,0.578,0.711,0.711,0.919,0.844,true,0.354
3182,00-0036550,Rashod Bateman,WR,BAL,2023,4,4,1,0,false,Hamstring,false,1,8,0.505,8.100,202305,1,0.975,4.525,0.772,0.950,0.950,1.228,1.129,1.465,1.525,1.584,true,0.559
3183,00-0036550,Rashod Bateman,WR,BAL,2025,11,12,2,0,false,Ankle,false,1,8,0.699,5.675,202513,0,1.005,1.500,1.045,1.231,0.987,0.758,1.116,,,,true,0.264
3185,00-0036554,Nico Collins,WR,HOU,2022,9,9,1,0,false,Groin,false,1,8,0.698,8.713,202210,0,1.115,12.150,1.118,1.233,1.075,1.032,1.018,0.889,0.946,1.090,true,1.395
3186,00-0036554,Nico Collins,WR,HOU,2022,14,18,5,3,false,Foot,true,1,8,0.722,10.000,202301,0,0.952,20.700,0.983,0.858,0.913,1.052,1.218,1.010,0.997,1.093,true,2.070
3187,00-0036554,Nico Collins,WR,HOU,2023,10,10,1,0,false,Calf,false,1,8,0.725,15.150,202311,0,0.824,18.325,1.048,1.062,1.117,0.069,0.648,0.855,1.159,1.103,true,1.210
3188,00-0036554,Nico Collins,WR,HOU,2024,6,9,4,4,true,Unlabeled (IR),false,1,8,0.660,19.650,202411,1,1.053,16.800,0.712,1.197,1.061,1.242,1.288,1.076,0.273,1.273,true,0.855
3189,00-0036554,Nico Collins,WR,HOU,2025,8,8,1,0,false,Concussion,false,1,8,0.721,13.338,202509,0,1.133,17.450,1.095,1.234,1.165,1.040,1.040,1.123,1.012,1.109,true,1.308
3190,00-0036554,Nico Collins,WR,HOU,2026,2,2,1,0,false,Hamstring,false,1,8,0.781,16.875,,,,,,,,,,,,,false,
3191,00-0036555,Chuba Hubbard,RB,CAR,2022,8,9,2,0,false,Ankle,false,1,8,0.184,4.843,202210,0,1.796,7.825,0.980,2.177,2.286,1.741,3.429,2.503,2.884,3.755,true,1.616
3192,00-0036555,Chuba Hubbard,RB,CAR,2024,17,18,2,2,true,Not injury related - resting player,true,1,8,0.856,14.163,202501,,0.742,14.025,0.782,0.864,0.724,0.596,0.631,0.666,0.257,0.245,true,0.990
3193,00-0036555,Chuba Hubbard,RB,CAR,2025,5,6,2,0,false,Calf,false,1,8,0.809,15.700,202507,,0.476,5.275,0.668,0.705,0.272,0.260,0.235,0.433,0.730,0.519,true,0.336
3194,00-0036556,Brevin Jordan,TE,HOU,2022,3,5,3,0,false,Ankle,false,1,8,0.465,5.900,202207,0,1.086,3.500,0.989,1.204,1.355,0.796,0.430,0.172,1.161,0.774,true,0.593
3195,00-0036556,Brevin Jordan,TE,HOU,2023,8,10,3,0,false,Foot,false,1,8,0.208,3.833,202311,0,2.590,5.933,1.060,2.072,3.614,3.614,1.205,1.205,2.458,2.313,true,1.548
3196,00-0036556,Brevin Jordan,TE,HOU,2024,3,18,32,32,true,Unlabeled (IR),true,2,8,0.491,5.157,,,,,,,,,,,,,false,
3197,00-0036567,Elijah Mitchell,RB,SF,2021,14,16,3,0,false,Concussion,false,1,8,0.640,14.762,202117,,0.668,10.850,0.906,0.828,0.391,0.547,0.344,0.328,0.250,0.234,true,0.735
3198,00-0036567,Elijah Mitchell,RB,SF,2022,2,8,7,7,true,Unlabeled (IR),false,1,8,0.642,16.638,202210,,0.366,9.875,0.545,0.342,0.327,0.249,0.233,0.529,0.171,0.125,true,0.594
3199,00-0036567,Elijah Mitchell,RB,SF,2022,13,17,5,5,true,Knee,false,1,8,0.500,12.950,202218,,0.380,6.400,0.320,0.300,0.680,0.220,0.160,0.240,0.540,0.260,true,0.494
3200,00-0036567,Elijah Mitchell,RB,SF,2023,5,5,1,0,false,Knee,false,1,8,0.306,9.262,202306,7,0.473,0.525,0.359,0.261,0.392,0.882,0.424,0.849,0.261,1.208,true,0.057
3201,00-0036567,Elijah Mitchell,RB,SF,2023,15,15,1,0,false,Knee,false,1,8,0.182,2.188,202317,0,1.808,9.567,2.027,2.849,0.548,,,,,,true,4.373
3202,00-0036567,Elijah Mitchell,RB,SF,2024,1,18,17,17,true,Unlabeled (IR),true,1,8,0.178,3.050,202511,,0.563,0.000,0.563,,,,,,,,true,0.000
3204,00-0036569,Gary Brightwell,RB,NYG,2021,16,18,3,2,false,Neck,true,1,3,0.060,0.667,202202,5,0.792,1.975,0.167,0.833,1.833,0.333,0.333,1.500,2.833,5.500,true,2.963
3205,00-0036569,Gary Brightwell,RB,NYG,2023,8,18,10,10,true,Hamstring,true,1,8,0.177,3.725,,,,,,,,,,,,,false,
3209,00-0036572,Shi Smith,WR,CAR,2021,18,18,1,1,true,Illness,true,1,5,0.244,4.025,202201,0,2.654,1.900,3.156,2.910,1.475,3.074,2.541,2.254,2.049,1.967,true,0.472
3210,00-0036590,Quintin Morris,TE,BUF,2023,7,8,2,0,false,Ankle,false,1,8,0.230,2.800,202309,1,1.011,2.100,0.130,1.130,1.652,1.130,0.391,1.130,0.174,0.435,true,0.750
3211,00-0036590,Quintin Morris,TE,JAX,2025,7,9,2,0,false,Groin,false,1,8,0.295,1.057,202510,0,1.475,1.500,1.797,2.373,1.085,0.644,1.051,0.915,0.915,0.475,true,1.419
3212,00-0036613,Jaylen Waddle,WR,MIA,2021,15,15,1,1,true,Unlabeled (IR),false,1,8,0.845,16.525,202116,0,1.000,16.075,1.053,1.089,1.065,0.793,0.947,0.876,1.018,0.899,true,0.973
3213,00-0036613,Jaylen Waddle,WR,MIA,2023,17,17,1,0,false,Ankle,false,1,8,0.666,15.875,202401,0,1.126,9.725,1.081,1.081,1.261,1.081,1.171,1.291,1.291,1.276,true,0.613
3215,00-0036620,Dee Eskridge,WR,SEA,2022,12,7,13,13,true,Hand,false,2,8,0.255,1.971,202308,,0.412,1.125,0.196,0.863,0.078,0.510,1.098,0.235,0.118,0.235,true,0.571
3216,00-0036620,Dee Eskridge,WR,SEA,2023,16,18,3,2,false,Ribs,true,1,8,0.307,1.338,202403,,0.407,1.867,0.423,0.911,0.195,0.098,0.195,0.098,0.878,0.228,true,1.396
3217,00-0036620,Dee Eskridge,WR,MIA,2024,15,15,1,0,false,Knee,false,1,8,0.165,0.871,202417,6,0.667,1.375,0.182,1.636,0.424,0.424,0.424,0.242,1.212,1.758,true,1.578
3218,00-0036620,Dee Eskridge,WR,MIA,2025,10,10,1,0,false,Shoulder,false,1,8,0.128,1.457,202513,1,0.784,0.000,0.392,0.863,1.255,0.627,,,,,true,0.000
3219,00-0036620,Dee Eskridge,WR,MIA,2025,17,18,2,2,true,Toe,true,1,8,0.122,0.929,,,,,,,,,,,,,false,
3220,00-0036626,Dyami Brown,WR,WAS,2021,5,5,1,0,false,Knee,false,1,3,0.817,2.267,202106,,0.361,6.000,0.980,0.171,0.135,0.159,0.098,0.110,0.416,0.196,true,2.647
3221,00-0036626,Dyami Brown,WR,WAS,2021,8,8,1,0,false,Knee,false,1,5,0.734,3.140,202110,,0.140,1.600,0.150,0.177,0.109,0.123,0.463,0.218,0.300,0.150,true,0.510
3222,00-0036626,Dyami Brown,WR,WAS,2022,7,7,1,0,false,Groin,false,1,8,0.185,7.380,202209,0,1.108,1.733,1.676,1.027,0.486,1.243,1.081,0.865,0.541,0.865,true,0.235
3223,00-0036626,Dyami Brown,WR,WAS,2024,17,17,1,0,false,Hamstring,false,1,8,0.402,3.738,202418,0,1.410,8.625,1.068,1.764,1.988,0.820,1.640,1.590,0.745,1.491,true,2.308
3225,00-0036628,John Bates,TE,WAS,2025,3,4,2,0,false,Calf,false,1,8,0.444,1.333,202505,0,1.099,2.200,1.149,1.037,0.969,1.239,1.104,1.577,1.285,1.149,true,1.650
3226,00-0036630,Tylan Wallace,WR,BAL,2022,13,17,5,5,true,Hamstring,false,1,8,0.159,1.020,202218,,0.724,1.100,1.512,0.063,1.008,0.315,0.189,0.441,0.252,0.441,true,1.078
3227,00-0036630,Tylan Wallace,WR,BAL,2023,4,7,4,4,true,Unlabeled (IR),false,1,8,0.149,1.460,202309,6,0.521,3.000,1.076,0.336,0.202,0.471,0.269,0.471,1.210,2.824,true,2.055
3229,00-0036637,Noah Gray,TE,KC,2025,13,13,1,0,false,Concussion,false,1,8,0.571,3.043,202514,2,0.801,1.200,0.788,0.665,0.893,0.858,0.980,0.963,,,true,0.394
3232,00-0036646,Simi Fehoko,WR,DAL,2022,6,18,12,12,true,Unlabeled (IR),true,1,6,0.105,1.800,202308,4,0.857,7.900,2.190,0.667,0.381,0.190,1.524,3.905,6.857,2.000,true,4.389
3233,00-0036646,Simi Fehoko,WR,LAC,2024,10,18,9,9,true,Unlabeled (IR),true,1,8,0.467,3.320,202505,,0.118,0.000,0.128,0.257,0.021,0.064,0.599,0.171,,,true,0.000
3234,00-0036646,Simi Fehoko,WR,ARI,2025,11,18,8,8,true,Unlabeled (IR),true,1,8,0.325,1.738,202601,,0.246,0.000,0.246,,,,,,,,true,0.000
3235,00-0036652,Racey McMath,WR,TEN,2021,5,12,8,8,true,Quadricep,false,1,3,0.130,0.000,202114,0,1.481,0.267,1.077,2.154,1.231,1.462,1.385,2.538,1.769,1.769,true,
3236,00-0036652,Racey McMath,WR,TEN,2022,1,13,12,12,true,Unlabeled (IR),false,1,8,0.163,0.160,202214,0,1.477,1.600,2.031,1.415,1.415,1.046,,,,,true,10.000
3237,00-0036654,Demetric Felton,RB,CLE,2021,10,10,1,1,true,Unlabeled (IR),false,1,7,0.139,4.586,202111,7,1.425,1.200,1.155,0.144,0.649,3.753,0.433,0.072,0.577,1.010,true,0.262
3238,00-0036669,Kylin Hill,RB,GB,2021,9,8,17,17,true,Unlabeled (IR),false,2,3,0.120,1.233,202209,,0.083,0.700,0.083,,,,,,,,true,0.568
3240,00-0036670,Jermar Jefferson,RB,DET,2023,1,1,1,1,true,Unlabeled (IR),false,1,5,0.096,8.267,202416,,0.938,2.100,0.833,1.042,,,,,,,true,0.254
3241,00-0036671,Dax Milne,WR,WAS,2022,12,13,2,0,false,Foot,false,1,8,0.122,1.763,202216,,0.163,0.000,0.082,0.245,,,,,,,true,0.000
3242,00-0036671,Dax Milne,WR,WAS,2023,1,18,17,17,true,Groin,true,1,8,0.121,1.488,,,,,,,,,,,,,false,
3245,00-0036691,Tory Carter,RB,TEN,2021,15,18,4,4,true,Ankle,true,1,7,0.113,0.000,202201,0,1.307,,1.595,0.975,0.886,1.772,0.975,1.772,,,true,
3246,00-0036691,Tory Carter,RB,TEN,2022,7,9,3,0,false,Neck,false,1,8,0.165,0.000,202211,,1.212,,1.212,,,,,,,,true,
3248,00-0036727,Adam Prentice,RB,NO,2023,6,9,4,4,true,Knee,false,1,8,0.215,0.680,202310,,0.512,0.000,0.047,0.512,0.605,0.884,0.744,0.372,0.977,0.698,true,0.000
3249,00-0036741,Jack Stoll,TE,PHI,2021,18,18,1,1,true,Unlabeled (IR),true,1,8,0.450,1.240,202201,2,0.867,1.400,0.800,0.600,1.178,0.889,0.911,1.000,1.178,0.778,true,1.129
3250,00-0036741,Jack Stoll,TE,NO,2025,18,18,1,1,true,Knee,true,1,8,0.169,0.800,,,,,,,,,,,,,false,
3251,00-0036754,Brock Wright,TE,DET,2021,17,17,1,1,true,Unlabeled (IR),false,1,8,0.414,3.200,202118,2,1.076,8.300,1.716,0.798,0.870,0.918,0.773,1.015,1.281,0.918,true,2.594
3252,00-0036754,Brock Wright,TE,DET,2023,16,18,3,0,false,Hip,true,1,8,0.438,2.829,202401,2,1.183,3.967,1.120,0.777,1.577,1.257,1.143,1.120,0.960,1.371,true,1.402
3253,00-0036754,Brock Wright,TE,DET,2025,13,18,6,5,false,Neck,true,1,8,0.571,3.183,202601,,0.674,0.750,0.893,0.455,,,,,,,true,0.236
3259,00-0036825,Feleipe Franks,TE,ATL,2022,10,11,2,0,false,Calf,false,1,8,0.089,-0.400,202213,,0.535,0.000,0.676,0.563,0.113,0.789,0.338,0.113,0.789,0.225,true,
3260,00-0036825,Feleipe Franks,TE,ATL,2022,17,18,18,17,false,Concussion,true,2,8,0.104,0.000,202401,6,0.434,0.000,0.675,0.289,0.096,0.675,0.193,0.193,2.217,1.542,true,
3261,00-0036825,Feleipe Franks,TE,CAR,2024,9,9,1,0,false,Concussion,false,1,8,0.046,0.000,202410,1,2.270,0.000,0.432,4.973,3.459,0.216,0.432,0.216,0.432,0.865,true,
3262,00-0036829,Caleb Huntley,RB,ATL,2022,16,18,3,3,true,Unlabeled (IR),true,1,8,0.183,3.675,,,,,,,,,,,,,false,
3265,00-0036842,Kene Nwangwu,RB,MIN,2023,1,8,7,6,true,Back,false,2,7,0.084,2.529,202310,5,0.564,0.325,0.475,0.475,1.186,0.119,0.237,2.136,3.915,,true,0.129
3266,00-0036842,Kene Nwangwu,RB,NYJ,2024,15,5,7,4,true,Hand,false,3,8,0.084,1.312,202507,1,2.109,1.633,0.239,2.149,3.940,,,,,,true,1.244
3267,00-0036842,Kene Nwangwu,RB,NYJ,2025,8,8,1,0,false,Concussion,false,1,8,0.061,0.900,202517,0,4.163,2.450,2.939,5.388,,,,,,,true,2.722
3268,00-0036842,Kene Nwangwu,RB,NYJ,2026,2,2,1,0,false,Back,false,1,8,0.069,1.038,,,,,,,,,,,,,false,
3270,00-0036849,Tutu Atwell,WR,LA,2025,9,14,6,6,true,Hamstring,false,1,8,0.386,5.329,202515,,0.311,1.600,0.155,0.233,0.518,0.337,,,,,true,0.300
3271,00-0036857,Chris Evans,RB,CIN,2021,8,8,1,0,false,Hamstring,false,1,4,0.070,3.500,202109,1,1.500,2.533,0.571,2.000,1.857,1.571,0.571,0.429,8.000,0.143,true,0.724
3272,00-0036857,Chris Evans,RB,CIN,2021,14,14,1,0,false,Ankle,false,1,7,0.097,5.000,202115,,1.904,8.000,1.132,0.412,0.309,5.765,0.103,0.309,0.515,0.515,true,1.600
3273,00-0036857,Chris Evans,RB,CIN,2024,1,18,17,17,true,Unlabeled (IR),true,1,8,0.058,1.980,,,,,,,,,,,,,false,
3275,00-0036862,Ben Skowronek,WR,LA,2022,16,18,3,0,false,Calf,true,1,8,0.796,5.862,202301,,0.314,1.467,0.327,0.314,0.276,0.339,0.138,0.063,0.239,0.100,true,0.250
3276,00-0036862,Ben Skowronek,WR,PIT,2024,3,8,6,6,true,Unlabeled (IR),false,1,8,0.185,1.186,202410,3,0.919,1.175,0.324,1.405,0.162,1.784,1.676,1.243,0.919,0.432,true,0.991
3277,00-0036862,Ben Skowronek,WR,PIT,2024,17,17,1,0,false,Hip,false,1,8,0.240,1.450,202418,,0.396,2.300,0.333,0.750,0.208,0.292,1.417,0.708,0.458,0.708,true,1.586
3278,00-0036875,Rhamondre Stevenson,RB,NE,2021,16,16,1,1,true,Illness,false,1,8,0.369,10.312,202117,3,1.071,9.525,1.519,0.407,0.678,1.681,1.681,1.492,2.441,2.332,true,0.924
3279,00-0036875,Rhamondre Stevenson,RB,NE,2023,14,18,5,2,false,Ankle,true,1,8,0.637,13.213,202401,0,0.984,11.775,1.224,1.129,0.722,0.863,0.737,0.784,1.271,1.161,true,0.891
3280,00-0036875,Rhamondre Stevenson,RB,NE,2024,6,6,1,0,false,Foot,false,1,8,0.607,13.475,202407,1,1.132,14.775,0.823,1.333,1.218,1.152,1.251,0.691,1.284,1.070,true,1.096
3281,00-0036875,Rhamondre Stevenson,RB,NE,2025,9,11,2,0,false,Toe,false,2,8,0.584,8.625,202512,1,1.028,10.375,0.531,0.994,1.148,1.439,0.822,0.805,1.456,,true,1.203
3282,00-0036876,Kylen Granson,TE,IND,2022,16,18,3,0,false,Ankle,true,1,8,0.446,4.287,202301,0,1.305,6.450,1.367,1.457,1.165,1.232,0.874,1.300,1.098,1.255,true,1.504
3283,00-0036876,Kylen Granson,TE,IND,2023,7,8,2,0,false,Concussion,false,1,8,0.500,5.400,202309,0,0.905,2.975,0.980,1.120,0.840,0.680,0.760,0.600,0.780,1.260,true,0.551
3284,00-0036877,Jaelon Darden,WR,TB,2021,13,13,1,0,false,Concussion,false,1,4,0.112,2.525,202114,1,1.956,0.050,0.356,4.889,1.156,1.422,1.067,2.489,0.800,1.244,true,0.020
3285,00-0036877,Jaelon Darden,WR,TB,2021,16,17,2,2,true,Illness,false,1,6,0.098,1.900,202118,0,1.754,0.925,1.322,1.627,1.220,2.847,0.915,1.424,0.610,0.407,true,0.487
3287,00-0036893,Najee Harris,RB,LAC,2025,4,18,14,14,true,Unlabeled (IR),true,1,8,0.376,9.750,,,,,,,,,,,,,false,
3288,00-0036894,Pat Freiermuth,TE,PIT,2021,16,16,1,0,false,Concussion,false,1,8,0.689,12.312,202117,0,1.136,10.800,1.118,0.958,1.292,1.176,1.103,1.060,0.711,0.857,true,0.877
3289,00-0036894,Pat Freiermuth,TE,PIT,2022,6,6,1,0,false,Concussion,false,1,8,0.726,10.463,202207,1,0.898,12.175,0.812,0.854,0.950,0.978,0.978,0.757,0.771,0.771,true,1.164
3290,00-0036894,Pat Freiermuth,TE,PIT,2023,5,10,5,4,false,Hamstring,false,1,8,0.674,7.729,202311,1,0.894,8.850,0.801,0.876,0.876,1.024,1.128,0.935,0.950,0.905,true,1.145
3291,00-0036900,Ja'Marr Chase,WR,CIN,2022,8,11,3,0,false,Hip,false,1,8,0.844,21.112,202213,0,1.081,19.525,0.972,1.114,1.079,1.161,1.114,1.138,1.161,1.138,true,0.925
3292,00-0036900,Ja'Marr Chase,WR,CIN,2023,16,16,1,0,false,Shoulder,false,1,8,0.904,16.190,202317,2,0.822,8.175,0.808,0.531,0.929,1.018,1.084,0.874,0.974,1.018,true,0.505
3293,00-0036900,Ja'Marr Chase,WR,CIN,2025,12,12,1,1,true,Unlabeled (IR),false,1,8,0.958,22.888,202513,0,1.000,17.825,1.034,1.044,1.013,0.909,0.804,1.044,0.982,,true,0.779
3294,00-0036906,Khalil Herbert,RB,CHI,2022,11,15,4,4,true,Unlabeled (IR),false,1,8,0.380,11.188,202216,0,1.000,5.675,1.079,1.000,0.974,0.947,1.579,1.447,2.053,1.737,true,0.507
3295,00-0036906,Khalil Herbert,RB,CHI,2023,6,10,5,5,true,Ankle,false,1,8,0.479,7.612,202311,4,0.543,3.725,0.898,0.439,0.355,0.480,1.065,1.044,1.003,0.230,true,0.489
3296,00-0036912,DeVonta Smith,WR,PHI,2023,18,18,1,0,false,Ankle,true,1,8,0.960,17.413,202401,0,0.979,16.575,1.042,1.042,0.792,1.042,0.833,0.969,1.000,0.750,true,0.952
3297,00-0036912,DeVonta Smith,WR,PHI,2024,4,4,1,0,false,Concussion,false,1,8,0.962,16.050,202406,2,0.958,13.850,1.039,0.831,0.966,0.997,0.748,0.925,0.935,0.966,true,0.863
3298,00-0036912,DeVonta Smith,WR,PHI,2024,12,12,1,0,false,Hamstring,false,1,8,0.896,13.713,202414,0,0.962,20.700,1.004,1.038,0.915,0.893,0.993,0.837,1.071,1.015,true,1.510
3299,00-0036913,Kadarius Toney,WR,NYG,2021,7,7,1,0,false,Ankle,false,1,5,0.468,12.225,202108,0,1.191,6.715,1.218,1.175,1.282,1.090,0.256,0.812,0.192,0.940,true,0.549
3300,00-0036913,Kadarius Toney,WR,NYG,2021,14,15,2,1,false,Oblique,false,1,8,0.443,9.223,202116,,0.621,3.575,1.153,0.271,0.859,0.203,0.994,0.497,0.136,0.678,true,0.388
3301,00-0036913,Kadarius Toney,WR,NYG,2021,17,18,2,0,false,Shoulder,true,1,8,0.508,10.537,202201,,0.507,6.625,0.236,0.749,0.177,0.867,0.433,0.118,0.591,0.631,true,0.629
3302,00-0036913,Kadarius Toney,WR,NYG,2022,4,7,4,0,false,Hamstring,false,1,8,0.469,9.908,202209,,0.432,5.925,0.192,0.939,0.469,0.128,0.640,0.683,0.661,0.533,true,0.598
3303,00-0036913,Kadarius Toney,WR,KC,2022,12,13,2,0,false,Hamstring,false,1,8,0.408,6.670,202215,,0.607,8.200,0.147,0.736,0.785,0.761,0.613,0.687,0.074,0.589,true,1.229
3304,00-0036913,Kadarius Toney,WR,KC,2023,12,12,1,0,false,Ankle,false,1,8,0.233,4.650,202313,1,1.183,2.375,0.774,1.892,1.720,0.344,0.301,0.301,,,true,0.511
3305,00-0036913,Kadarius Toney,WR,KC,2023,16,18,3,0,false,Hip,true,1,8,0.276,4.450,202411,,0.265,-0.133,0.290,0.253,0.253,,,,,,true,-0.030
3308,00-0036918,Jacob Harris,WR,PHI,2024,1,6,5,5,true,Unlabeled (IR),false,1,4,0.085,0.000,,,,,,,,,,,,,false,
3309,00-0036919,Kenny Gainwell,RB,PHI,2023,2,2,1,0,false,Ribs,false,1,8,0.289,5.375,202303,0,1.411,4.500,1.593,1.316,1.316,1.420,1.108,1.039,1.281,1.039,true,0.837
3310,00-0036924,Michael Carter,RB,NYJ,2021,12,14,3,3,true,Ankle,false,1,8,0.554,14.663,202115,0,0.871,6.650,0.975,1.336,0.235,0.939,1.084,1.102,0.885,0.795,true,0.454
3311,00-0036936,Rondale Moore,WR,ARI,2021,18,3,4,0,false,Ankle,false,2,8,0.511,6.013,202204,0,1.785,7.950,1.682,1.780,1.936,1.741,1.936,1.760,1.897,0.059,true,1.322
3312,00-0036936,Rondale Moore,WR,ARI,2022,12,18,6,4,false,Groin,true,1,8,0.848,11.563,202301,,0.776,6.525,0.802,0.767,0.637,0.897,0.791,0.779,0.791,0.838,true,0.564
3313,00-0036936,Rondale Moore,WR,ATL,2024,1,18,34,34,true,Unlabeled (IR),true,2,8,0.684,5.675,,,,,,,,,,,,,false,
3315,00-0036945,Justin Fields,QB,CHI,2021,12,12,1,0,false,Ribs,false,1,8,0.950,10.173,202114,0,1.053,14.425,1.053,1.053,1.053,1.053,1.053,1.053,1.053,1.053,true,1.418
3316,00-0036945,Justin Fields,QB,CHI,2021,18,18,1,1,true,Ankle,true,1,8,0.932,11.973,202201,0,1.072,9.385,1.072,1.072,1.072,1.072,1.072,1.072,1.072,1.029,true,0.784
3317,00-0036945,Justin Fields,QB,CHI,2022,18,18,1,0,false,Hip,true,1,8,0.983,25.852,202301,0,1.018,16.960,1.018,1.018,1.018,1.018,1.018,0.539,1.018,1.018,true,0.656
3318,00-0036945,Justin Fields,QB,CHI,2023,7,8,2,0,false,right Thumb,false,1,8,0.988,18.807,202311,0,1.013,16.525,1.013,1.013,1.013,1.013,1.013,1.013,0.992,1.013,true,0.879
3319,00-0036945,Justin Fields,QB,PIT,2024,16,16,1,0,false,Abdomen,false,1,8,0.642,13.300,202501,0,1.409,21.640,1.556,0.965,1.556,1.556,1.556,0.716,1.556,1.556,true,1.627
3320,00-0036945,Justin Fields,QB,NYJ,2025,3,3,1,0,false,Concussion,false,1,8,0.520,13.368,202504,0,1.663,15.500,1.923,1.923,1.923,0.885,1.923,1.923,1.923,0.019,true,1.160
3321,00-0036945,Justin Fields,QB,NYJ,2025,14,18,4,2,false,Knee,true,2,8,0.885,15.415,202601,,0.011,,0.011,,,,,,,,true,
3322,00-0036950,Avery Williams,RB,ATL,2023,1,18,17,17,true,Unlabeled (IR),true,1,8,0.125,1.975,202402,,0.300,0.000,0.240,0.320,0.400,0.240,,,,,true,0.000
3324,00-0036955,Terrace Marshall Jr.,WR,CAR,2021,7,8,2,0,false,Concussion,false,1,5,0.626,4.740,202109,5,0.539,0.667,0.591,0.383,0.431,0.751,0.176,0.942,1.150,0.160,true,0.141
3325,00-0036955,Terrace Marshall Jr.,WR,CAR,2021,18,18,1,1,true,Unlabeled (IR),true,1,8,0.390,1.271,202202,1,1.147,4.033,0.256,0.974,1.154,2.205,2.385,2.359,2.282,2.385,true,3.172
3326,00-0036963,Amon-Ra St. Brown,WR,DET,2022,4,4,1,0,false,Ankle,false,1,8,0.850,26.363,202205,2,0.709,7.650,0.376,0.200,1.118,1.141,0.953,1.059,1.024,1.024,true,0.290
3327,00-0036970,Kyle Pitts,TE,ATL,2022,5,5,1,0,false,Hamstring,false,1,8,0.729,9.025,202206,1,0.961,9.625,0.782,1.084,1.029,0.947,1.221,0.604,0.851,0.961,true,1.066
3328,00-0036970,Kyle Pitts,TE,ATL,2022,12,18,6,6,true,Unlabeled (IR),true,1,8,0.739,8.050,202301,1,0.927,5.675,0.839,0.948,1.056,0.866,0.717,0.745,0.704,0.812,true,0.705
3329,00-0036971,Trevor Lawrence,QB,JAX,2023,17,17,1,0,false,right Shoulder,false,1,8,0.951,18.593,202318,0,0.999,12.550,1.051,1.051,1.051,0.841,1.051,1.051,0.999,1.051,true,0.675
3330,00-0036971,Trevor Lawrence,QB,JAX,2024,11,11,1,0,false,Left Shoulder,false,1,8,0.969,15.675,202413,1,0.844,9.395,0.279,1.032,1.032,1.032,1.032,1.032,1.032,1.032,true,0.599
3331,00-0036971,Trevor Lawrence,QB,JAX,2024,14,18,5,5,true,Left Shoulder,true,1,8,0.969,16.710,202501,0,1.032,12.250,1.032,1.032,1.032,1.032,1.032,1.032,1.032,1.032,true,0.733
3332,00-0036972,Mac Jones,QB,NE,2022,4,4,1,0,false,Ankle,false,1,8,0.975,12.317,202207,1,0.859,8.100,0.359,1.026,1.026,1.026,1.026,1.026,1.026,1.026,true,0.658
3335,00-0036980,Elijah Moore,WR,NYJ,2021,14,18,5,5,true,Quadricep,true,1,8,0.583,13.525,202201,0,1.545,8.450,1.528,1.494,1.614,1.545,1.133,0.996,0.292,0.773,true,0.625
3336,00-0036980,Elijah Moore,WR,NYJ,2022,7,7,1,0,false,Not injury related - personal matter,false,1,8,0.850,11.925,202208,5,0.444,5.900,0.200,0.529,0.635,0.412,0.800,0.976,0.882,0.953,true,0.495
3337,00-0036984,Trey Sermon,RB,SF,2021,13,18,6,6,true,Ankle,true,1,4,0.285,5.450,202204,,0.412,1.900,0.211,0.140,0.737,0.561,0.175,0.316,0.175,0.070,true,0.349
3338,00-0036984,Trey Sermon,RB,PHI,2023,1,2,2,2,true,Unlabeled (IR),false,1,6,0.258,5.033,202303,,0.494,1.267,0.813,0.619,0.194,0.348,0.194,0.077,0.039,0.039,true,0.252
3339,00-0036984,Trey Sermon,RB,ATL,2026,1,2,2,2,true,Unlabeled (IR),false,1,8,0.114,1.700,,,,,,,,,,,,,false,
3340,00-0036988,Josh Palmer,WR,LAC,2022,7,7,1,0,false,Concussion,false,1,8,0.739,9.512,202209,0,1.262,16.800,1.232,1.286,1.245,1.286,1.259,1.069,0.880,0.799,true,1.766
3341,00-0036988,Josh Palmer,WR,LAC,2023,9,14,6,6,true,Knee,false,1,8,0.746,8.650,202315,0,1.018,11.375,0.965,1.246,0.777,1.085,0.576,1.059,0.737,0.791,true,1.315
3342,00-0036988,Josh Palmer,WR,LAC,2023,17,17,1,0,false,Concussion,false,1,8,0.750,10.750,202318,,0.870,6.250,0.773,1.080,0.573,1.053,0.733,0.787,1.027,0.813,true,0.581
3343,00-0036988,Josh Palmer,WR,LAC,2024,18,18,1,0,false,Foot,true,1,8,0.698,7.500,202501,,0.649,5.950,0.889,0.731,0.616,0.358,0.731,0.158,0.717,0.717,true,0.793
3344,00-0036988,Josh Palmer,WR,BUF,2025,8,9,2,0,false,Knee,false,1,8,0.506,6.200,202511,0,1.002,2.900,0.988,0.988,0.652,1.383,0.988,1.659,0.612,0.751,true,0.468
3345,00-0036991,Amari Rodgers,WR,GB,2021,17,17,1,1,true,Shoulder,false,1,8,0.082,0.650,202118,4,1.636,0.375,5.576,0.121,0.606,0.242,4.000,3.636,5.091,3.152,true,0.577
3346,00-0036997,Javonte Williams,RB,DEN,2022,5,18,13,13,true,Knee,true,1,8,0.542,11.787,202301,5,0.687,7.475,0.829,0.829,0.774,0.313,0.645,0.977,1.161,0.959,true,0.634
3347,00-0036997,Javonte Williams,RB,DAL,2025,18,18,1,1,true,Shoulder,true,1,8,0.698,12.587,202601,,1.018,24.200,1.018,,,,,,,,true,1.923
3348,00-0036999,Anthony Schwartz,WR,CLE,2021,11,15,4,0,false,Concussion,false,1,8,0.336,1.163,202116,1,0.996,4.350,0.476,1.011,1.636,0.862,0.535,0.208,0.446,0.357,true,3.742
3349,00-0036999,Anthony Schwartz,WR,CLE,2022,14,18,24,24,true,Concussion,true,3,8,0.140,2.620,,,,,,,,,,,,,false,
3350,00-0037004,Hunter Long,TE,MIA,2022,3,4,2,0,false,Ankle,false,1,7,0.189,0.600,202206,6,0.915,0.000,1.432,0.318,1.326,0.583,0.530,0.424,0.902,0.902,true,0.000
3351,00-0037004,Hunter Long,TE,MIA,2022,10,10,1,0,false,Concussion,false,1,8,0.203,0.600,202215,4,0.642,,0.494,0.395,0.840,0.840,1.086,1.630,1.235,0.198,true,
3352,00-0037004,Hunter Long,TE,LA,2023,1,9,9,9,true,Hamstring,false,1,8,0.155,0.000,202312,0,1.355,0.000,1.419,2.129,1.613,0.258,1.226,2.903,1.355,1.419,true,
3353,00-0037004,Hunter Long,TE,LA,2023,15,18,4,4,true,Unlabeled (IR),true,1,8,0.179,0.000,202401,1,1.245,0.000,0.224,1.063,2.517,1.175,1.231,1.622,2.350,1.902,true,
3354,00-0037004,Hunter Long,TE,JAX,2025,10,12,3,0,false,Hip,false,1,8,0.341,5.150,202514,0,0.967,0.000,0.908,1.026,,,,,,,true,0.000
3355,00-0037005,Tommy Tremble,TE,CAR,2021,17,17,1,1,true,Unlabeled (IR),false,1,8,0.545,2.987,202118,5,0.679,1.967,1.064,0.624,0.312,0.716,0.771,1.046,1.009,1.174,true,0.658
3356,00-0037005,Tommy Tremble,TE,CAR,2024,1,1,1,0,false,Hamstring,false,1,8,0.661,4.350,202402,1,0.934,3.633,0.696,1.301,1.316,0.423,0.922,1.240,1.512,0.983,true,0.835
3357,00-0037005,Tommy Tremble,TE,CAR,2024,6,6,1,0,false,Concussion,false,1,8,0.744,4.600,202408,1,1.035,6.200,0.820,1.103,1.345,0.874,0.861,1.008,0.713,0.807,true,1.348
3358,00-0037012,Trey Lance,QB,SF,2021,7,7,1,0,false,Knee,false,1,3,0.207,10.293,202111,1,2.758,7.980,0.339,4.839,4.839,1.016,1.210,0.145,0.242,4.839,true,0.775
3359,00-0037012,Trey Lance,QB,SF,2022,3,18,15,15,true,Unlabeled (IR),true,1,7,0.527,10.697,202410,,0.631,3.185,0.474,0.057,0.095,1.897,0.171,0.512,0.285,1.897,true,0.298
3360,00-0037013,Zach Wilson,QB,NYJ,2021,8,9,2,0,false,Knee,false,1,5,1.000,9.776,202112,0,1.000,13.630,1.000,1.000,1.000,1.000,1.000,1.000,1.000,1.000,true,1.394
3361,00-0037013,Zach Wilson,QB,NYJ,2022,1,3,3,0,false,Knee,false,1,8,0.910,12.635,202204,0,1.099,11.280,1.099,1.099,1.099,1.099,1.099,1.099,1.099,1.099,true,0.893
3362,00-0037013,Zach Wilson,QB,NYJ,2023,16,18,3,1,false,Concussion,true,1,8,0.959,12.240,202501,,0.117,0.345,0.198,0.104,0.115,0.052,,,,,true,0.028
3363,00-0037031,Nikola Kalinic,TE,CHI,2026,1,2,2,2,true,Unlabeled (IR),false,1,6,0.108,0.000,,,,,,,,,,,,,false,
3364,00-0037055,Lance McCutcheon,WR,LA,2022,13,13,1,0,false,Shoulder,false,1,3,0.073,,202215,1,0.955,0.000,0.273,1.636,1.636,0.273,,,,,true,
3366,00-0037078,Cole Turner,TE,MIA,2026,1,2,2,2,true,Unlabeled (IR),false,1,8,0.136,1.740,,,,,,,,,,,,,false,
3367,00-0037085,Tyler Badie,RB,DEN,2024,5,18,13,13,true,Back,true,1,3,0.127,6.400,202501,0,1.066,2.475,1.421,1.737,0.316,0.789,2.053,2.053,1.342,1.737,true,0.387
3368,00-0037086,Grant Calcaterra,TE,PHI,2023,9,9,1,0,false,Concussion,false,1,8,0.094,,202311,0,1.680,4.100,2.240,1.920,0.533,2.027,1.067,2.987,5.013,4.160,true,
3369,00-0037086,Grant Calcaterra,TE,PHI,2023,12,12,1,0,false,Ankle,false,1,8,0.107,,202313,2,1.209,4.100,1.674,0.465,1.767,0.930,2.605,4.372,3.628,3.442,true,
3370,00-0037086,Grant Calcaterra,TE,PHI,2025,6,7,2,0,false,Oblique,false,1,8,0.639,2.467,202508,,0.673,0.900,0.955,0.626,0.736,0.376,0.344,0.329,0.845,0.470,true,0.365
3371,00-0037086,Grant Calcaterra,TE,PHI,2026,1,2,2,2,true,Unlabeled (IR),false,1,8,0.341,1.125,,,,,,,,,,,,,false,
3372,00-0037087,Trestan Ebner,RB,CHI,2023,1,1,1,1,true,Unlabeled (IR),false,1,8,0.077,0.183,,,,,,,,,,,,,false,
3373,00-0037091,Bo Melton,WR,GB,2025,2,2,1,0,false,Shoulder,false,1,8,0.194,2.400,202503,7,0.155,0.150,0.258,0.103,0.103,0.155,1.961,0.206,0.103,0.877,true,0.062
3375,00-0037093,Dareke Young,WR,SEA,2023,1,9,8,8,true,Unlabeled (IR),false,1,8,0.118,0.000,202310,,0.170,,0.170,0.170,0.170,0.170,0.596,0.851,0.511,0.170,true,
3376,00-0037093,Dareke Young,WR,SEA,2023,11,11,1,0,false,Abdomen,false,1,8,0.124,1.100,202314,,0.263,0.000,0.162,0.162,0.162,0.566,0.808,0.485,0.162,0.646,true,0.000
3377,00-0037093,Dareke Young,WR,SEA,2025,1,1,1,0,false,Hamstring,false,1,8,0.060,0.000,202502,0,2.083,1.700,2.000,4.667,0.500,1.167,0.833,0.167,2.833,2.000,true,
3378,00-0037093,Dareke Young,WR,SEA,2025,9,15,7,6,false,Quadricep,false,1,8,0.080,0.971,202517,0,1.833,0.000,2.125,1.500,1.875,,,,,,true,0.000
3379,00-0037098,Samori Toure,WR,GB,2023,18,18,1,1,true,Unlabeled (IR),true,1,8,0.156,2.400,202518,,0.960,1.300,0.960,,,,,,,,true,0.542
3380,00-0037112,Jake Tonges,TE,SF,2026,2,2,1,1,true,Unlabeled (IR),false,1,8,0.164,6.900,,,,,,,,,,,,,false,
3382,00-0037120,Tyler Goodson,RB,IND,2025,5,7,3,0,false,Groin,false,1,8,0.068,1.929,202508,0,1.000,0.600,1.185,2.074,0.444,0.296,0.148,1.185,0.741,,true,0.311
3383,00-0037132,Britain Covey,WR,PHI,2024,4,11,7,7,true,Unlabeled (IR),false,1,8,0.148,2.357,202412,,0.424,0.000,0.271,0.949,0.407,0.068,3.729,,,,true,0.000
3384,00-0037132,Britain Covey,WR,PHI,2024,14,18,5,2,false,Neck,true,1,8,0.149,2.325,202515,,1.389,1.333,0.403,0.067,3.697,,,,,,true,0.573
3385,00-0037156,Irvin Charles,WR,NYJ,2024,15,2,23,23,true,Unlabeled (IR),false,3,8,0.059,0.000,,,,,,,,,,,,,false,
3386,00-0037157,Bam Knight,RB,DET,2023,6,18,12,12,true,Shoulder,true,1,8,0.375,7.537,202505,1,1.127,9.475,0.427,1.360,1.200,1.520,1.227,1.093,1.173,1.280,true,1.257
3387,00-0037157,Bam Knight,RB,ARI,2025,16,18,3,3,true,Unlabeled (IR),true,1,8,0.474,10.463,202601,,0.084,,0.084,,,,,,,,true,
3389,00-0037168,Armani Rogers,TE,WAS,2022,11,17,6,6,true,Knee,false,1,8,0.226,1.750,202218,,0.751,0.200,0.751,,,,,,,,true,0.114
3390,00-0037168,Armani Rogers,TE,WAS,2023,1,18,17,17,true,Unlabeled (IR),true,1,8,0.256,1.500,,,,,,,,,,,,,false,
3395,00-0037197,Isiah Pacheco,RB,KC,2023,14,15,2,0,false,Shoulder,false,1,8,0.620,14.913,202316,0,1.194,18.000,0.919,1.500,1.290,1.065,0.597,0.742,0.597,0.565,true,1.207
3396,00-0037197,Isiah Pacheco,RB,KC,2024,3,12,9,9,true,Ankle,false,1,8,0.701,15.812,202413,,0.553,5.800,0.528,0.656,0.528,0.499,0.456,0.727,0.827,0.799,true,0.367
3397,00-0037197,Isiah Pacheco,RB,KC,2024,18,18,1,0,false,Rib,true,1,8,0.564,11.900,202501,0,0.896,6.825,0.905,1.029,0.993,0.656,1.100,1.366,0.993,1.029,true,0.574
3398,00-0037197,Isiah Pacheco,RB,KC,2025,9,12,3,0,false,Knee,false,1,8,0.536,7.025,202513,2,0.848,5.975,0.559,0.615,0.858,1.361,0.653,,,,true,0.851
3399,00-0037197,Isiah Pacheco,RB,DET,2026,1,2,2,2,true,Unlabeled (IR),false,1,8,0.544,7.100,,,,,,,,,,,,,false,
3401,00-0037216,Justyn Ross,WR,KC,2023,14,14,1,1,true,Unlabeled (IR),false,1,6,0.148,2.133,202316,0,1.685,2.450,0.876,0.876,4.449,0.539,0.674,,,,true,1.148
3402,00-0037228,Jaylen Warren,RB,PIT,2022,12,12,1,0,false,Hamstring,false,1,8,0.314,5.763,202213,1,0.996,6.125,0.637,1.275,1.084,0.988,1.275,1.339,1.275,1.371,true,1.063
3403,00-0037228,Jaylen Warren,RB,PIT,2024,4,5,2,0,false,Knee,false,1,8,0.500,9.575,202406,7,0.860,7.525,0.740,1.020,0.780,0.900,0.660,1.140,0.720,1.040,true,0.786
3404,00-0037238,Drake London,WR,ATL,2023,9,9,1,0,false,Groin,false,1,8,0.826,12.647,202310,0,0.974,12.925,0.932,1.017,1.029,0.920,1.029,0.932,1.005,0.908,true,1.022
3405,00-0037238,Drake London,WR,ATL,2025,12,15,4,0,false,Knee,false,1,8,0.919,19.762,202516,1,0.977,7.600,0.751,1.067,1.023,1.067,,,,,true,0.385
3406,00-0037239,Chris Olave,WR,NO,2022,16,16,1,0,false,Hamstring,false,1,8,0.657,13.275,202217,0,1.057,14.250,0.928,0.913,1.186,1.202,1.217,1.247,1.202,1.338,true,1.073
3407,00-0037239,Chris Olave,WR,NO,2024,7,7,1,0,false,Concussion,false,1,8,0.771,12.463,202408,2,0.888,11.200,1.024,0.130,1.102,1.297,1.102,1.102,0.947,1.141,true,0.899
3408,00-0037239,Chris Olave,WR,NO,2024,10,18,8,8,true,Head,true,1,8,0.696,11.125,202501,0,1.275,12.125,1.221,1.436,1.221,1.221,1.048,1.264,1.206,1.336,true,1.090
3409,00-0037239,Chris Olave,WR,NO,2025,18,18,1,0,false,Illness,true,1,8,0.823,17.263,202601,,1.046,28.200,1.046,,,,,,,,true,1.634
3411,00-0037240,Jameson Williams,WR,DET,2023,1,4,4,4,true,Unlabeled (IR),false,1,5,0.182,3.020,202305,0,2.115,4.775,2.582,1.264,2.418,2.198,2.857,3.571,3.462,3.132,true,1.581
3412,00-0037240,Jameson Williams,WR,DET,2023,18,18,1,0,false,Ankle,true,1,8,0.576,6.912,202401,0,1.488,14.000,1.475,1.579,1.232,1.666,1.302,1.302,1.284,1.128,true,2.025
3413,00-0037240,Jameson Williams,WR,DET,2024,8,9,2,2,true,Unlabeled (IR),false,1,8,0.760,12.650,202410,0,0.990,13.075,0.974,0.855,1.092,1.039,0.908,1.145,1.092,1.039,true,1.034
3414,00-0037247,George Pickens,WR,PIT,2024,15,16,2,0,false,Hamstring,false,1,8,0.787,13.737,202417,0,1.156,8.200,1.156,1.168,1.168,1.130,1.041,1.143,0.990,1.067,true,0.597
3416,00-0037252,Greg Dulcich,TE,DEN,2022,17,18,2,2,true,Hamstring,true,1,8,0.766,7.475,202301,,0.571,3.325,0.431,0.274,0.874,0.705,0.326,0.509,0.013,0.131,true,0.445
3417,00-0037252,Greg Dulcich,TE,DEN,2023,2,5,4,4,true,Hamstring,false,1,8,0.776,7.825,202306,,0.538,3.033,0.271,0.863,0.696,0.322,0.502,0.013,0.129,0.180,true,0.388
3418,00-0037252,Greg Dulcich,TE,DEN,2023,7,18,11,11,true,Hamstring,true,1,8,0.718,6.763,202401,,0.645,2.600,0.934,0.753,0.348,0.544,0.014,0.139,0.195,0.028,true,0.384
3419,00-0037257,David Bell,WR,CLE,2023,9,10,2,0,false,Knee,false,1,8,0.165,1.460,202311,1,1.045,4.767,0.182,1.091,2.364,0.545,0.424,1.455,3.515,5.939,true,3.265
3420,00-0037257,David Bell,WR,CLE,2024,3,6,21,21,true,Unlabeled (IR),false,2,8,0.320,6.900,,,,,,,,,,,,,false,
3421,00-0037258,Dameon Pierce,RB,HOU,2022,15,18,4,4,true,Ankle,true,1,8,0.705,12.125,202301,,0.727,9.725,0.667,0.638,0.766,0.837,0.837,0.468,0.610,0.255,true,0.802
3422,00-0037258,Dameon Pierce,RB,HOU,2023,9,11,3,0,false,Ankle,false,1,8,0.530,9.475,202312,,0.354,3.725,0.340,0.717,0.264,0.094,0.283,0.377,0.208,0.509,true,0.393
3423,00-0037258,Dameon Pierce,RB,HOU,2024,3,4,2,0,false,Hamstring,false,1,8,0.233,4.325,202406,7,0.538,3.875,1.161,0.473,0.258,0.258,0.473,0.602,0.301,1.075,true,0.896
3424,00-0037258,Dameon Pierce,RB,HOU,2024,9,10,2,0,false,Groin,false,1,8,0.176,5.038,202411,4,0.539,0.567,0.340,0.624,0.794,0.397,1.418,3.518,0.624,1.305,true,0.112
3425,00-0037261,Khalil Shakir,WR,BUF,2024,5,5,1,0,false,Ankle,false,1,8,0.628,9.763,202406,1,0.869,12.075,0.606,1.100,0.924,0.845,1.147,1.131,0.797,1.243,true,1.237
3427,00-0037267,Jerome Ford,RB,CLE,2024,7,8,2,0,false,Hamstring,false,1,8,0.566,12.537,202409,3,0.892,5.125,0.812,0.989,0.600,1.166,0.989,1.024,1.413,0.336,true,0.409
3428,00-0037267,Jerome Ford,RB,CLE,2024,18,18,1,1,true,Ankle,true,1,8,0.504,9.013,202501,0,0.819,4.550,1.072,0.953,0.715,0.536,0.734,0.794,0.457,0.476,true,0.505
3429,00-0037267,Jerome Ford,RB,CLE,2025,15,18,4,4,true,Unlabeled (IR),true,1,8,0.265,2.800,,,,,,,,,,,,,false,
3430,00-0037273,Kyle Philips,WR,TEN,2022,8,4,15,15,true,Hamstring,false,2,3,0.250,4.700,202305,0,1.270,4.450,0.880,1.960,1.040,1.200,1.400,1.120,0.920,0.160,true,0.947
3431,00-0037273,Kyle Philips,WR,TEN,2023,15,16,2,0,false,Hamstring,false,1,8,0.301,3.913,202318,,0.232,3.500,0.232,,,,,,,,true,0.895
3433,00-0037276,Ty Chandler,RB,MIN,2025,2,16,14,14,true,Knee,false,1,8,0.153,1.571,202517,0,2.197,4.400,1.574,2.820,,,,,,,true,2.800
3434,00-0037276,Ty Chandler,RB,NO,2026,1,2,2,2,true,Unlabeled (IR),false,1,8,0.101,0.843,,,,,,,,,,,,,false,
3436,00-0037277,Teagan Quitoriano,TE,HOU,2022,17,17,1,0,false,Thigh,false,1,7,0.600,3.800,202218,,0.646,4.467,1.100,0.483,0.433,0.567,0.700,0.667,0.583,0.567,true,1.175
3437,00-0037277,Teagan Quitoriano,TE,HOU,2023,9,18,10,10,true,Unlabeled (IR),true,1,8,0.374,3.320,202406,,0.575,,0.375,0.535,0.910,0.482,0.669,0.803,0.294,0.080,true,
3438,00-0037277,Teagan Quitoriano,TE,HOU,2024,13,18,5,5,true,Knee,true,1,8,0.263,,202501,,0.467,,0.114,0.876,0.419,0.457,0.152,0.229,0.114,0.114,true,
3439,00-0037282,James Mitchell,TE,DET,2023,6,6,1,0,false,Hamstring,false,1,8,0.167,3.125,202308,7,0.493,,0.418,0.657,0.597,0.299,0.299,1.015,0.537,2.209,true,
3440,00-0037291,Jalen Nailor,WR,MIN,2023,3,8,6,6,true,Hamstring,false,1,6,0.143,6.580,202310,3,2.285,2.950,6.419,0.279,0.767,1.674,3.279,6.488,6.000,1.465,true,0.448
3441,00-0037291,Jalen Nailor,WR,MIN,2023,15,18,4,1,false,Concussion,true,1,8,0.216,7.675,202401,0,2.855,10.000,2.173,4.301,3.977,0.971,2.590,3.376,1.942,1.249,true,1.303
3443,00-0037292,Andrew Ogletree,TE,IND,2023,10,12,2,0,false,Foot,false,1,7,0.441,4.686,202313,,0.782,0.000,0.883,0.612,1.291,0.340,0.612,0.566,0.816,0.816,true,0.000
3444,00-0037292,Andrew Ogletree,TE,IND,2025,17,18,2,2,true,Neck,true,1,8,0.215,1.514,202601,,0.512,0.000,0.512,,,,,,,,true,0.000
3445,00-0037299,Keaontay Ingram,RB,KC,2025,1,18,17,17,true,Unlabeled (IR),true,1,8,0.245,2.300,,,,,,,,,,,,,false,
3446,00-0037300,Mike Woods,WR,CLE,2023,1,18,17,17,true,Unlabeled (IR),true,1,8,0.226,0.800,202413,0,3.680,3.050,3.403,3.890,4.420,3.006,3.801,,,,true,3.812
3448,00-0037306,John FitzPatrick,TE,GB,2025,17,18,2,2,true,Unlabeled (IR),true,1,8,0.449,2.200,,,,,,,,,,,,,false,
3449,00-0037311,Ko Kieft,TE,TB,2023,17,17,1,0,false,Shoulder,false,1,8,0.128,1.200,202318,,0.824,0.000,2.745,0.235,0.157,0.157,0.314,0.314,0.078,0.549,true,0.000
3450,00-0037311,Ko Kieft,TE,TB,2025,4,18,14,14,true,Unlabeled (IR),true,1,8,0.158,0.000,202601,,0.127,,0.127,,,,,,,,true,
3452,00-0037324,Chris Oladokun,QB,KC,2026,1,1,1,1,true,Unlabeled (IR),false,1,3,0.613,4.460,,,,,,,,,,,,,false,
3453,00-0037327,Skylar Thompson,QB,PIT,2025,2,2,18,18,true,Hamstring,false,2,8,0.368,2.837,,,,,,,,,,,,,false,
3456,00-0037340,Zaire Mitchell-Paden,TE,NO,2025,17,18,2,1,false,Knee,true,1,7,0.249,1.233,,,,,,,,,,,,,false,
3458,00-0037348,Tanner Conner,TE,MIA,2024,11,18,8,8,true,Unlabeled (IR),true,1,8,0.084,1.533,202501,0,4.866,2.100,6.925,5.493,5.134,1.910,2.388,0.597,3.701,5.373,true,1.370
3462,00-0037382,Brandon Johnson,WR,DEN,2023,8,12,4,4,true,Hamstring,false,1,8,0.379,5.457,202313,3,0.693,7.850,0.396,0.422,0.158,1.795,2.218,1.215,0.238,0.396,true,1.438
3463,00-0037387,Jalen Virgil,WR,DEN,2023,1,18,17,17,true,Unlabeled (IR),true,1,8,0.130,2.583,202408,,0.538,,1.077,0.385,0.385,0.308,2.000,0.154,,,true,
3465,00-0037456,Troy Hairston,RB,HOU,2023,1,18,17,17,true,Unlabeled (IR),true,1,8,0.129,0.386,,,,,,,,,,,,,false,
3467,00-0037475,Stone Smartt,TE,NYJ,2025,8,8,1,0,false,Quadricep,false,1,8,0.306,5.740,202510,,0.229,0.000,0.131,0.098,0.163,0.522,0.980,0.849,2.024,,true,0.000
3470,00-0037509,Sincere McCormick,RB,LV,2024,16,18,3,3,true,Unlabeled (IR),true,1,3,0.363,7.567,,,,,,,,,,,,,false,
3471,00-0037525,Jordan Mason,RB,SF,2024,14,18,5,5,true,Ankle,true,1,8,0.369,7.100,202501,0,1.600,12.025,1.464,1.627,1.627,1.681,1.790,2.088,0.949,1.627,true,1.694
3472,00-0037525,Jordan Mason,RB,MIN,2025,17,17,1,0,false,Ankle,false,1,8,0.323,5.625,202518,0,1.318,10.650,1.240,1.395,,,,,,,true,1.893
3473,00-0037525,Jordan Mason,RB,MIN,2026,2,2,1,1,true,Unlabeled (IR),false,1,8,0.263,6.275,,,,,,,,,,,,,false,
3474,00-0037539,Lucas Krull,TE,DEN,2025,5,18,13,13,true,Foot,true,1,8,0.326,3.240,,,,,,,,,,,,,false,
3475,00-0037545,Rashid Shaheed,WR,NO,2023,13,13,1,0,false,Thigh,false,1,8,0.600,9.938,202315,0,1.088,10.975,0.967,1.367,0.900,1.117,1.133,1.100,1.250,1.283,true,1.104
3476,00-0037545,Rashid Shaheed,WR,NO,2024,7,18,11,11,true,Knee,true,1,8,0.720,13.850,202501,0,1.038,10.475,1.181,0.972,1.028,0.972,0.931,0.847,1.069,1.083,true,0.756
3478,00-0037557,Ronnie Rivers,RB,LA,2023,7,15,8,8,true,Unlabeled (IR),false,1,6,0.153,3.840,202316,6,1.418,2.550,1.370,0.391,3.326,0.587,0.391,0.652,1.370,5.152,true,0.664
3479,00-0037563,Malik Davis,RB,DAL,2025,18,2,3,3,true,Calf,false,2,8,0.195,3.787,,,,,,,,,,,,,false,
3480,00-0037569,Peyton Hendershot,TE,DAL,2023,5,13,8,7,false,Ankle,false,1,8,0.220,1.800,202314,2,0.932,0.775,0.818,0.545,1.091,1.273,0.455,0.727,0.409,0.500,true,0.431
3481,00-0037569,Peyton Hendershot,TE,KC,2024,13,16,4,4,true,Unlabeled (IR),false,1,8,0.160,1.512,202417,,2.750,4.500,0.375,5.125,,,,,,,true,2.975
3483,00-0037594,Julius Chestnut,RB,TEN,2023,4,18,14,14,true,Unlabeled (IR),true,1,5,0.114,2.075,202402,2,0.789,2.267,0.175,0.439,0.965,1.579,1.491,0.263,0.175,0.263,true,1.092
3486,00-0037614,John Metchie III,WR,HOU,2024,16,16,1,0,false,Shoulder,false,1,8,0.514,5.967,202417,0,0.706,3.800,1.382,1.168,0.039,0.234,0.058,0.175,0.136,0.097,true,0.637
3487,00-0037617,Hassan Haskins,RB,TEN,2023,3,18,15,15,true,Unlabeled (IR),true,1,8,0.188,2.025,202402,,0.267,0.600,0.373,0.213,0.213,0.267,0.107,0.427,0.480,2.400,true,0.296
3488,00-0037617,Hassan Haskins,RB,LAC,2025,8,13,5,4,false,Hamstring,false,1,8,0.179,2.513,202516,,0.280,0.567,0.503,0.112,0.224,,,,,,true,0.226
3490,00-0037654,Tucker Fisk,TE,LAC,2025,14,18,5,5,true,Ankle,true,1,8,0.330,1.300,,,,,,,,,,,,,false,
3492,00-0037664,Alec Pierce,WR,IND,2024,16,16,1,0,false,Concussion,false,1,8,0.806,6.963,202417,0,1.073,13.325,1.178,1.017,0.980,1.116,0.670,1.005,1.079,1.005,true,1.914
3493,00-0037664,Alec Pierce,WR,IND,2025,4,5,2,0,false,Concussion,false,1,8,0.770,9.775,202506,0,1.104,12.000,1.052,1.130,1.052,1.182,1.234,1.247,1.247,1.078,true,1.228
3494,00-0037740,Garrett Wilson,WR,NYJ,2025,8,8,1,0,false,Knee,false,1,8,0.959,16.663,202510,,0.595,6.950,0.407,0.782,,,,,,,true,0.417
3495,00-0037740,Garrett Wilson,WR,NYJ,2025,11,18,8,8,true,Knee,true,1,8,0.939,15.775,202601,,0.799,13.900,0.799,,,,,,,,true,0.881
3496,00-0037741,Jahan Dotson,WR,WAS,2022,5,9,4,0,false,Hamstring,false,2,3,0.913,12.967,202210,3,0.676,5.350,0.449,0.723,0.668,0.865,0.865,0.942,0.843,0.810,true,0.413
3497,00-0037742,Treylon Burks,WR,TEN,2022,5,9,4,4,true,Toe,false,1,3,0.503,6.767,202210,0,0.949,11.000,1.113,0.993,1.331,0.358,1.629,1.430,1.490,1.788,true,1.626
3498,00-0037742,Treylon Burks,WR,TEN,2022,14,15,2,0,false,Concussion,false,1,7,0.556,8.371,202216,0,1.435,6.175,1.476,1.296,1.350,1.620,1.170,1.350,0.918,0.918,true,0.738
3499,00-0037742,Treylon Burks,WR,TEN,2023,4,6,3,0,false,Knee,false,1,8,0.649,9.238,202308,3,0.690,2.133,0.786,0.786,0.185,1.002,1.171,1.125,1.264,1.064,true,0.231
3500,00-0037742,Treylon Burks,WR,TEN,2023,10,12,3,0,false,Concussion,false,1,8,0.660,5.788,202313,1,0.856,5.067,0.182,0.985,1.152,1.106,1.242,1.045,1.045,0.758,true,0.875
3501,00-0037742,Treylon Burks,WR,TEN,2024,7,5,17,17,true,Knee,false,2,8,0.651,3.171,202509,5,0.741,4.675,0.783,0.599,1.013,0.568,0.706,1.274,1.397,1.044,true,1.474
3502,00-0037742,Treylon Burks,WR,WAS,2025,11,11,1,0,false,Finger,false,1,8,0.549,1.857,202513,3,1.057,3.125,1.203,0.674,0.838,1.513,1.658,1.239,,,true,1.683
3503,00-0037744,Trey McBride,TE,ARI,2024,4,4,1,0,false,Concussion,false,1,8,0.880,13.638,202405,0,1.060,15.100,1.000,1.057,1.080,1.102,1.023,0.807,1.102,1.068,true,1.107
3505,00-0037746,Brian Robinson,RB,WAS,2022,18,18,1,0,false,Knee,true,1,8,0.415,9.900,202301,0,1.235,15.650,1.470,1.253,0.892,1.325,0.867,1.277,1.181,1.181,true,1.581
3506,00-0037746,Brian Robinson,RB,WAS,2023,15,16,2,0,false,Hamstring,false,1,8,0.521,13.513,202317,2,1.022,13.650,1.036,0.825,1.074,1.151,1.458,1.209,0.652,0.729,true,1.010
3507,00-0037746,Brian Robinson,RB,WAS,2024,10,10,1,0,false,Hamstring,false,1,8,0.530,14.062,202411,2,0.901,11.800,1.000,0.321,0.887,1.396,1.189,1.019,0.755,0.453,true,0.839
3508,00-0037755,Jelani Woods,TE,IND,2022,10,11,2,0,false,Shoulder,false,1,8,0.242,6.340,202212,0,1.773,8.625,2.639,0.866,0.990,2.598,2.474,2.144,0.041,1.443,true,1.360
3509,00-0037755,Jelani Woods,TE,IND,2023,1,18,34,34,true,Unlabeled (IR),true,2,8,0.396,6.000,202508,,0.574,0.700,0.025,0.883,0.505,0.883,0.606,,,,true,0.117
3510,00-0037755,Jelani Woods,TE,NYJ,2025,18,18,1,0,false,Hamstring,true,1,8,0.345,3.917,202601,,0.696,,0.696,,,,,,,,true,
3511,00-0037801,KaVontae Turpin,WR,DAL,2025,5,6,2,0,false,Foot,false,1,8,0.386,6.450,202507,3,0.803,1.950,0.777,1.061,0.492,0.880,1.217,0.932,1.346,0.518,true,0.302
3512,00-0037805,Jeremy Ruckert,TE,NYJ,2023,17,18,2,1,false,Concussion,true,1,8,0.385,3.357,202401,0,0.955,2.167,0.857,0.961,1.169,0.831,0.857,1.247,0.779,0.961,true,0.645
3513,00-0037809,Chig Okonkwo,TE,WAS,2026,2,2,1,0,false,Hamstring,false,1,8,0.591,8.362,,,,,,,,,,,,,false,
3514,00-0037816,Romeo Doubs,WR,GB,2022,10,12,3,0,false,Ankle,false,1,8,0.790,9.587,202215,5,0.570,5.525,0.405,0.772,0.620,0.481,0.608,0.962,1.089,1.114,true,0.576
3515,00-0037816,Romeo Doubs,WR,GB,2024,5,5,1,1,true,Not injury related - personal matter,false,1,8,0.741,7.238,202406,0,1.093,13.575,0.998,1.120,1.133,1.120,1.052,0.688,1.012,0.904,true,1.876
3516,00-0037816,Romeo Doubs,WR,GB,2024,13,14,2,0,false,Concussion,false,1,8,0.800,9.612,202415,2,0.934,11.650,0.938,0.838,1.075,0.888,0.925,1.113,1.125,1.062,true,1.212
3518,00-0037828,Danny Gray,WR,SF,2023,1,18,17,17,true,Shoulder,true,1,8,0.085,0.725,,,,,,,,,,,,,false,
3519,00-0037834,Brock Purdy,QB,SF,2024,12,12,1,0,false,Right Shoulder,false,1,8,1.000,19.815,202413,0,0.983,12.340,1.000,0.930,1.000,1.000,0.920,1.000,1.000,0.910,true,0.623
3520,00-0037834,Brock Purdy,QB,SF,2024,18,18,1,0,false,Right Elbow,true,1,8,0.991,16.840,202501,0,0.986,15.265,1.009,1.009,0.918,1.009,0.948,1.009,0.958,1.009,true,0.906
3521,00-0037834,Brock Purdy,QB,SF,2025,2,2,1,0,false,Shoulder,false,1,8,0.981,18.477,202504,0,0.981,15.350,1.019,0.927,1.019,0.958,1.019,0.968,1.019,1.019,true,0.831
3522,00-0037834,Brock Purdy,QB,SF,2025,5,8,4,0,false,Toe,false,1,8,0.981,17.325,202511,0,0.981,17.485,0.927,1.019,0.958,1.019,0.968,1.019,1.019,1.019,true,1.009
3524,00-0037837,Calvin Austin III,WR,PIT,2025,6,7,2,0,false,Shoulder,false,1,8,0.726,7.888,202508,,0.812,5.575,1.074,0.771,1.005,0.399,0.633,0.675,0.427,0.372,true,0.707
3525,00-0037837,Calvin Austin III,WR,PIT,2025,17,17,1,0,false,Hamstring,false,1,8,0.486,4.250,202518,,1.008,14.500,1.008,,,,,,,,true,3.412
3526,00-0037837,Calvin Austin III,WR,NYG,2026,1,2,2,2,true,Unlabeled (IR),false,1,8,0.409,3.625,,,,,,,,,,,,,false,
3527,00-0037838,Isaiah Likely,TE,BAL,2024,10,10,1,0,false,Hamstring,false,1,8,0.623,8.637,202411,3,0.880,9.333,0.787,0.867,0.803,1.060,1.060,1.221,0.980,0.723,true,1.081
3528,00-0037838,Isaiah Likely,TE,BAL,2025,1,3,3,0,false,Foot,false,1,8,0.575,8.071,202504,1,1.030,2.533,0.783,0.922,1.409,1.009,1.026,0.974,0.904,0.991,true,0.314
3530,00-0037840,Kyren Williams,RB,LA,2023,7,11,4,4,true,Ankle,false,1,8,0.554,11.713,202312,0,1.454,24.350,1.102,1.698,1.625,1.391,1.427,1.698,1.643,1.427,true,2.079
3531,00-0038040,Zamir White,RB,LV,2024,5,5,1,0,false,Groin,false,1,8,0.510,9.537,202407,,0.304,2.875,0.275,0.059,0.216,0.667,0.275,0.588,0.569,0.373,true,0.301
3532,00-0038040,Zamir White,RB,LV,2024,13,18,6,4,false,Quadricep,true,1,8,0.354,5.188,202501,,0.650,1.900,0.396,0.848,0.820,0.537,0.085,,,,true,0.366
3533,00-0038041,Jake Ferguson,TE,DAL,2022,15,15,1,0,false,Concussion,false,1,8,0.480,6.150,202216,3,0.745,2.400,0.437,0.604,0.437,1.500,1.250,1.437,1.167,1.437,true,0.390
3534,00-0038041,Jake Ferguson,TE,DAL,2024,12,13,2,0,false,Concussion,false,1,8,0.730,9.475,202414,5,0.901,5.825,1.055,0.822,0.795,0.932,0.808,1.055,1.000,0.781,true,0.615
3536,00-0038046,Charlie Kolar,TE,BAL,2024,13,17,4,4,true,Forearm,false,1,8,0.300,3.043,202418,0,1.667,4.200,0.967,2.033,1.967,1.700,0.833,1.567,1.200,1.333,true,1.380
3537,00-0038090,Skyy Moore,WR,KC,2022,18,18,1,0,false,Hand,true,1,8,0.350,3.388,202301,0,1.793,6.625,1.971,1.657,1.857,1.686,1.600,1.486,1.714,1.543,true,1.956
3538,00-0038090,Skyy Moore,WR,KC,2023,16,18,3,3,true,Unlabeled (IR),true,1,8,0.500,3.013,202401,,0.340,0.000,0.380,0.160,0.400,0.420,0.140,0.940,0.080,0.060,true,0.000
3539,00-0038090,Skyy Moore,WR,KC,2024,8,18,11,11,true,Unlabeled (IR),true,1,8,0.251,0.375,202501,,0.706,0.500,0.159,0.119,2.070,0.478,0.358,0.159,0.159,0.756,true,1.333
3541,00-0038098,Pierre Strong,RB,CLE,2024,3,4,2,0,false,Hamstring,false,1,8,0.194,2.814,202405,1,1.690,3.450,0.413,2.735,2.581,1.032,0.774,0.516,0.516,0.516,true,1.226
3542,00-0038098,Pierre Strong,RB,CLE,2024,18,18,1,1,true,Concussion,true,1,8,0.235,2.588,,,,,,,,,,,,,false,
3543,00-0038102,Kenny Pickett,QB,PIT,2023,14,16,3,0,false,Ankle,false,1,8,0.906,8.580,202407,,0.348,2.280,0.199,0.232,0.033,0.927,0.750,0.154,0.033,0.287,true,0.266
3545,00-0038104,Tyquan Thornton,WR,NE,2023,1,5,5,5,true,Unlabeled (IR),false,1,8,0.669,4.971,202306,4,0.411,2.175,0.628,0.075,0.284,0.658,1.196,1.421,0.194,0.135,true,0.437
3546,00-0038104,Tyquan Thornton,WR,KC,2025,16,18,3,2,false,Concussion,true,1,8,0.241,2.650,202601,,2.819,0.000,2.819,,,,,,,,true,0.000
3547,00-0038115,Daniel Bellinger,TE,NYG,2022,8,12,4,0,false,Eye,false,1,6,0.657,9.420,202213,0,1.352,4.600,1.477,0.929,1.492,1.508,1.355,0.959,0.624,0.914,true,0.488
3549,00-0038117,Wan'Dale Robinson,WR,NYG,2022,12,18,7,7,true,Hamstring,true,1,5,0.502,6.440,202303,1,1.061,9.225,0.438,1.275,1.335,1.195,1.195,1.594,1.076,0.936,true,1.432
3550,00-0038117,Wan'Dale Robinson,WR,NYG,2025,18,18,1,1,true,Rib,true,1,8,0.968,12.975,202601,,0.848,8.800,0.848,,,,,,,,true,0.678
3551,00-0038120,Breece Hall,RB,NYJ,2022,8,18,10,10,true,Unlabeled (IR),true,1,6,0.542,16.983,202301,4,0.729,7.550,0.572,0.628,0.905,0.812,0.960,1.218,1.182,1.108,true,0.445
3552,00-0038120,Breece Hall,RB,NYJ,2025,18,18,1,0,false,Knee,true,1,8,0.690,13.570,202601,,0.841,19.800,0.841,,,,,,,,true,1.459
3553,00-0038124,Christian Watson,WR,GB,2022,6,7,2,0,false,Hamstring,false,1,3,0.410,6.433,202208,2,1.195,15.100,0.220,0.561,2.049,1.951,2.244,2.244,2.122,0.927,true,2.347
3554,00-0038124,Christian Watson,WR,GB,2023,1,1,1,0,false,Hamstring,false,1,8,0.695,15.650,202304,1,1.079,8.525,0.662,1.209,1.266,1.180,1.122,1.079,1.122,1.266,true,0.545
3555,00-0038124,Christian Watson,WR,GB,2023,14,14,1,0,false,Hamstring,false,1,8,0.774,9.213,202401,,0.607,6.333,0.814,0.763,0.698,0.155,0.775,0.685,0.956,0.737,true,0.687
3556,00-0038124,Christian Watson,WR,GB,2025,1,7,6,6,true,Knee,false,1,8,0.713,8.625,202508,1,0.989,11.850,0.786,0.926,1.151,1.095,1.039,1.025,1.165,0.575,true,1.374
3557,00-0038129,Cade Otton,TE,TB,2024,17,17,1,0,false,Knee,false,1,8,0.920,13.350,202501,0,0.992,3.133,0.935,0.989,1.000,1.043,1.000,1.087,1.054,1.054,true,0.235
3559,00-0038134,Kenneth Walker III,RB,SEA,2024,17,18,2,2,true,Ankle,true,1,8,0.640,14.350,202501,,0.695,13.550,0.625,0.547,0.828,0.781,0.688,0.547,0.688,0.891,true,0.944
3561,00-0038393,Dontayvion Wicks,WR,GB,2025,8,9,2,0,false,Calf,false,1,8,0.609,6.675,202510,0,0.895,10.725,1.068,0.920,0.789,0.805,0.181,0.690,0.690,0.099,true,1.607
3562,00-0038394,Will Mallory,TE,IND,2025,18,2,3,2,false,Lung,false,2,8,0.117,1.040,,,,,,,,,,,,,false,
3564,00-0038396,Eric Gray,RB,NYG,2025,1,11,11,11,true,Unlabeled (IR),false,1,8,0.095,1.167,202517,,0.526,,0.526,,,,,,,,true,
3570,00-0038454,Keaton Mitchell,RB,BAL,2023,16,9,12,12,true,Knee,false,2,6,0.267,9.850,202410,,0.506,1.700,0.113,0.113,1.013,0.787,0.337,0.113,0.413,0.675,true,0.173
3571,00-0038456,Travis Vokolek,TE,ARI,2025,7,18,11,11,true,Unlabeled (IR),true,1,5,0.226,,,,,,,,,,,,,,false,
3573,00-0038465,Malik Heath,WR,ATL,2025,16,16,1,0,false,Not injury related - personal matter,false,1,8,0.325,1.980,,,,,,,,,,,,,false,
3576,00-0038488,Brady Russell,RB,SEA,2024,11,12,2,0,false,Foot,false,1,8,0.055,0.000,202414,1,1.273,0.000,0.364,2.182,2.000,0.545,2.909,3.818,0.364,1.455,true,
3577,00-0038488,Brady Russell,RB,SEA,2024,15,18,4,1,false,Foot,true,1,8,0.058,0.000,202503,0,1.826,0.000,2.087,1.913,0.522,2.783,3.652,0.348,1.391,0.348,true,
3578,00-0038489,Ben VanSumeren,RB,PHI,2024,13,18,22,22,true,Knee,true,2,5,0.054,0.500,202601,,0.741,0.000,0.741,,,,,,,,true,0.000
3579,00-0038492,Jason Brownlee,WR,NYJ,2023,14,15,2,0,false,Ankle,false,1,3,0.447,4.000,202316,0,1.522,3.150,1.836,2.172,1.858,0.224,0.291,0.224,0.179,,true,0.788
3580,00-0038496,Xavier Gipson,WR,PHI,2025,13,13,1,0,false,Shoulder,false,1,8,0.143,0.675,,,,,,,,,,,,,false,
3585,00-0038519,Nikko Remigio,WR,KC,2025,14,14,1,0,false,Shoulder,false,1,8,0.159,1.375,202515,,0.346,0.000,0.126,0.567,,,,,,,true,0.000
3586,00-0038519,Nikko Remigio,WR,KC,2025,17,18,2,2,true,Knee,true,1,8,0.046,0.525,,,,,,,,,,,,,false,
3588,00-0038551,Kendre Miller,RB,NO,2023,10,15,5,0,false,Ankle,false,1,6,0.195,4.860,202318,0,1.346,7.850,1.846,1.487,0.718,1.333,2.410,2.000,0.667,0.769,true,1.615
3589,00-0038551,Kendre Miller,RB,NO,2024,1,5,5,5,true,Hamstring,false,1,7,0.181,4.733,202407,2,1.598,5.275,1.598,0.772,1.433,2.591,2.150,0.717,0.827,0.827,true,1.114
3590,00-0038551,Kendre Miller,RB,NO,2024,9,13,4,4,true,Hamstring,false,1,8,0.198,6.371,202414,0,1.582,5.450,1.316,2.380,1.975,0.658,0.759,0.759,1.367,1.570,true,0.855
3591,00-0038551,Kendre Miller,RB,NO,2024,18,18,1,0,false,Concussion,true,1,8,0.269,6.013,202501,2,0.819,5.625,0.558,0.558,1.005,1.153,1.451,1.451,0.149,1.079,true,0.936
3592,00-0038551,Kendre Miller,RB,NO,2025,8,18,10,10,true,Unlabeled (IR),true,1,8,0.273,5.075,202601,,1.064,9.000,1.064,,,,,,,,true,1.773
3593,00-0038555,Tank Bigsby,RB,JAX,2024,11,11,1,0,false,Ankle,false,1,8,0.407,10.263,202413,0,0.939,8.000,1.129,1.301,0.638,0.687,0.982,0.883,0.515,0.196,true,0.780
3594,00-0038558,Darnell Washington,TE,PIT,2025,18,18,1,1,true,Unlabeled (IR),true,1,8,0.628,5.562,202601,,1.020,3.800,1.020,,,,,,,,true,0.683
3595,00-0038559,Michael Wilson,WR,ARI,2023,12,13,2,0,false,Shoulder,false,1,8,0.755,9.637,202315,0,1.149,7.750,1.166,1.192,1.139,1.099,1.060,0.901,1.192,1.126,true,0.804
3597,00-0038573,Derius Davis,WR,LAC,2025,4,6,3,0,false,Knee,false,1,8,0.186,3.350,202507,6,0.215,0.325,0.161,0.215,0.107,0.376,0.537,0.054,3.544,0.966,true,0.097
3598,00-0038573,Derius Davis,WR,LAC,2025,15,17,3,0,false,Ankle,false,1,8,0.069,0.225,202518,0,6.109,0.850,9.600,2.618,,,,,,,true,3.778
3600,00-0038576,Charlie Jones,WR,CIN,2024,11,11,1,0,false,Groin,false,1,8,0.101,1.657,202502,,0.667,0.000,0.099,0.494,1.679,0.395,0.296,,,,true,0.000
3601,00-0038576,Charlie Jones,WR,CIN,2025,16,18,3,0,false,Ankle,true,1,8,0.061,0.000,,,,,,,,,,,,,false,
3602,00-0038579,Aidan O'Connell,QB,LV,2024,8,12,4,4,true,Unlabeled (IR),false,1,8,0.815,11.410,202413,2,1.123,13.855,1.227,0.810,1.227,1.227,1.153,1.006,,,true,1.214
3603,00-0038579,Aidan O'Connell,QB,LV,2025,1,11,10,10,true,Wrist,false,1,8,0.676,9.703,202518,,1.213,4.780,1.213,,,,,,,,true,0.493
3604,00-0038583,Dorian Thompson-Robinson,QB,CLE,2023,13,13,1,0,false,Concussion,false,1,4,0.520,2.733,202314,7,0.288,1.530,0.058,0.019,0.212,0.865,0.096,0.038,0.442,1.923,true,0.560
3605,00-0038583,Dorian Thompson-Robinson,QB,CLE,2023,17,18,2,2,true,Hip,true,1,7,0.404,3.393,202407,4,0.464,1.333,1.113,0.124,0.049,0.569,2.473,2.473,0.247,,true,0.393
3606,00-0038589,Josh Whyle,TE,TEN,2023,8,8,1,0,false,Concussion,false,1,5,0.208,4.100,202309,1,1.575,1.850,0.337,2.067,2.067,1.827,1.250,1.346,2.019,2.212,true,0.451
3607,00-0038589,Josh Whyle,TE,TEN,2023,14,18,4,2,false,Knee,true,2,8,0.268,3.114,202401,0,1.589,4.367,1.047,1.570,1.720,2.019,1.495,1.346,1.533,0.598,true,1.402
3608,00-0038589,Josh Whyle,TE,GB,2025,16,16,1,0,false,Concussion,false,1,8,0.332,3.550,202517,0,1.534,1.600,1.925,2.195,0.481,,,,,,true,0.451
3610,00-0038590,Justin Shorter,WR,LV,2026,1,2,2,2,true,Unlabeled (IR),false,1,8,0.049,0.000,,,,,,,,,,,,,false,
3611,00-0038597,Chase Brown,RB,CIN,2023,8,11,4,4,true,Hamstring,false,1,4,0.015,0.525,202313,0,14.333,9.525,10.000,20.000,12.667,14.667,10.000,18.667,22.000,13.333,true,18.143
3615,00-0038608,Kayshon Boutte,WR,NE,2023,17,17,1,0,false,Illness,false,1,3,0.410,1.300,202318,3,0.963,2.900,0.805,0.854,0.561,1.634,2.024,2.024,2.000,2.341,true,2.231
3616,00-0038608,Kayshon Boutte,WR,NE,2025,11,11,1,0,false,Hamstring,false,1,8,0.716,12.012,202512,0,1.005,5.900,1.117,1.047,1.047,0.810,0.810,0.642,,,true,0.491
3617,00-0038608,Kayshon Boutte,WR,NE,2025,17,17,1,0,false,Concussion,false,1,8,0.662,10.575,202518,,0.785,3.750,0.875,0.694,,,,,,,true,0.355
3619,00-0038611,Chris Rodriguez Jr.,RB,WAS,2023,17,18,2,2,true,Ankle,true,1,8,0.138,2.950,202409,7,1.309,5.300,2.327,0.582,2.036,0.291,0.727,1.600,0.145,2.764,true,1.797
3620,00-0038612,A.T. Perry,WR,NO,2024,4,4,1,0,false,Hamstring,false,1,8,0.568,5.757,,,,,,,,,,,,,false,
3621,00-0038614,Scott Matlock,RB,LAC,2026,1,2,2,2,true,Unlabeled (IR),false,1,8,0.315,3.367,,,,,,,,,,,,,false,
3622,00-0038619,Andrei Iosivas,WR,CIN,2023,11,11,1,0,false,Knee,false,1,8,0.138,3.660,202312,2,1.564,1.367,2.400,0.727,1.236,1.891,5.236,1.964,6.691,7.273,true,0.373
3623,00-0038621,DeMario Douglas,WR,NE,2023,6,6,1,0,false,Concussion,false,1,4,0.265,4.850,202307,0,2.783,11.050,2.340,2.906,3.132,2.755,1.849,2.717,2.792,3.547,true,2.278
3624,00-0038621,DeMario Douglas,WR,NE,2023,13,14,2,0,false,Concussion,false,1,8,0.466,7.375,202315,0,1.802,7.325,1.544,1.587,2.016,2.059,1.287,1.201,1.780,1.265,true,0.993
3625,00-0038622,Deuce Vaughn,RB,DAL,2023,18,18,1,1,true,Unlabeled (IR),true,1,5,0.152,2.560,202401,4,0.493,1.800,0.197,0.921,0.395,0.461,1.250,1.250,,,true,0.703
3626,00-0038627,Antoine Green,WR,DET,2024,1,18,17,17,true,Unlabeled (IR),true,1,8,0.170,0.600,,,,,,,,,,,,,false,
3627,00-0038632,Colton Dowell,WR,TEN,2023,18,18,18,18,true,Knee,true,2,8,0.105,0.325,,,,,,,,,,,,,false,
3629,00-0038636,Kenny McIntosh,RB,SEA,2025,1,18,17,17,true,Unlabeled (IR),true,1,7,0.147,2.917,,,,,,,,,,,,,false,
3630,00-0038640,Jalen Brooks,WR,DAL,2024,16,16,1,0,false,Knee,false,1,8,0.487,2.371,202417,,0.456,2.467,0.431,0.431,0.144,0.821,1.456,0.103,0.615,0.554,true,1.040
3634,00-0038679,Tyrell Shavers,WR,BUF,2026,1,2,2,2,true,Unlabeled (IR),false,1,8,0.512,6.740,,,,,,,,,,,,,false,
3636,00-0038705,Emari Demercado,RB,ARI,2023,9,11,3,0,false,Toe,false,1,7,0.386,5.833,202312,,0.551,9.167,0.519,0.078,0.622,0.985,0.311,0.259,0.544,0.285,true,1.571
3637,00-0038705,Emari Demercado,RB,ARI,2024,15,18,4,4,true,Back,true,1,8,0.221,4.487,202502,2,0.904,5.400,0.090,0.497,1.763,1.266,0.181,1.808,1.898,0.814,true,1.203
3638,00-0038705,Emari Demercado,RB,ARI,2025,7,7,1,0,false,Ankle,false,1,8,0.182,3.971,202509,0,1.521,7.075,2.192,2.301,0.986,0.603,1.753,2.904,1.205,0.493,true,1.781
3639,00-0038705,Emari Demercado,RB,ARI,2025,12,14,3,0,false,Ankle,false,1,8,0.221,6.286,202515,1,1.333,3.950,0.497,1.446,2.395,0.994,0.407,,,,true,0.628
3640,00-0038720,Julian Hill,TE,MIA,2024,9,9,1,0,false,Shoulder,false,1,8,0.445,1.500,202410,0,1.073,2.025,1.236,1.258,1.034,0.764,0.989,0.899,1.034,1.393,true,1.350
3641,00-0038720,Julian Hill,TE,MIA,2025,8,9,2,0,false,Ankle,false,1,8,0.589,2.657,202511,1,0.824,2.300,0.781,0.934,0.866,0.713,0.798,1.019,1.036,,true,0.866
3642,00-0038720,Julian Hill,TE,NE,2026,1,2,2,2,true,Unlabeled (IR),false,1,8,0.527,2.783,,,,,,,,,,,,,false,
3645,00-0038735,Princeton Fant,TE,DAL,2026,1,2,2,2,true,Unlabeled (IR),false,1,3,0.043,,,,,,,,,,,,,,false,
3647,00-0038752,Jake Bobo,WR,SEA,2025,1,1,1,0,false,Concussion,false,1,8,0.268,1.040,202502,,0.664,1.350,0.561,1.234,0.561,0.299,0.822,0.822,0.374,0.598,true,1.298
3648,00-0038752,Jake Bobo,WR,SEA,2025,9,10,2,0,false,Calf,false,1,8,0.212,2.925,202512,,0.694,0.000,0.471,0.753,0.329,1.224,0.612,,,,true,0.000
3649,00-0038752,Jake Bobo,WR,SEA,2026,1,2,2,2,true,Unlabeled (IR),false,1,8,0.158,0.800,,,,,,,,,,,,,false,
3650,00-0038783,Nate Adkins,TE,DEN,2025,1,2,2,0,false,Ankle,false,1,8,0.382,3.543,202503,0,0.987,4.267,0.915,1.098,0.941,0.993,0.837,0.654,0.967,0.288,true,1.204
3651,00-0038783,Nate Adkins,TE,DEN,2025,9,14,5,0,false,Knee,false,1,8,0.390,3.971,202515,,0.718,0.000,0.949,0.282,1.000,0.641,,,,,true,0.000
3652,00-0038783,Nate Adkins,TE,DEN,2025,17,17,1,0,false,Knee,false,1,8,0.380,3.717,202518,,0.842,0.000,1.026,0.658,,,,,,,true,0.000
3653,00-0038794,Jaleel McLaughlin,RB,DEN,2024,16,16,1,0,false,Quadricep,false,1,8,0.254,5.312,202417,0,0.857,6.200,0.906,1.616,0.394,0.512,0.749,0.552,0.512,0.591,true,1.167
3654,00-0038797,Emanuel Wilson,RB,GB,2023,12,17,6,6,true,Shoulder,false,1,6,0.075,2.925,202401,0,4.100,6.725,3.200,2.533,5.467,5.200,3.333,4.267,2.800,2.267,true,2.299
3656,00-0038821,Rakim Jarrett,WR,TB,2023,12,7,13,13,true,Quadricep,false,2,8,0.181,0.980,202408,0,3.103,4.425,1.490,4.634,4.524,1.766,0.772,0.883,0.552,0.993,true,4.515
3658,00-0038933,Dalton Kincaid,TE,BUF,2024,11,13,2,0,false,Knee,false,1,8,0.633,9.388,202415,,0.704,8.500,0.775,0.538,0.696,0.806,0.759,0.870,0.585,0.854,true,0.905
3659,00-0038933,Dalton Kincaid,TE,BUF,2025,11,12,2,0,false,Hamstring,false,1,8,0.433,12.062,202514,4,0.699,7.075,0.786,0.832,0.879,0.301,1.665,1.526,,,true,0.587
3660,00-0038935,Brenton Strange,TE,JAX,2023,14,14,1,0,false,Foot,false,1,8,0.340,2.680,202316,3,0.868,0.550,0.500,1.412,0.500,1.059,2.000,2.059,2.118,2.471,true,0.205
3661,00-0038935,Brenton Strange,TE,JAX,2025,6,11,5,5,true,Hip,false,1,8,0.754,8.463,202512,0,1.051,9.275,0.942,1.114,1.061,1.088,0.982,1.075,0.823,0.902,true,1.096
3664,00-0038976,Marvin Mims Jr.,WR,DEN,2025,9,10,2,0,false,Concussion,false,1,8,0.410,10.387,202511,,0.701,4.825,0.585,0.805,0.659,0.756,0.780,1.146,0.780,0.439,true,0.465
3665,00-0038976,Marvin Mims Jr.,WR,DEN,2026,2,2,1,0,false,Foot,false,1,8,0.320,4.250,,,,,,,,,,,,,false,
3666,00-0038977,Tank Dell,WR,HOU,2023,14,18,5,5,true,Calf,true,1,8,0.728,17.300,202401,0,0.918,7.425,0.866,0.948,0.921,0.935,1.017,0.990,1.031,1.003,true,0.429
3667,00-0038977,Tank Dell,WR,HOU,2024,4,4,1,0,false,Chest,false,1,8,0.700,15.986,202405,0,1.032,9.875,0.971,1.057,1.029,1.071,1.043,1.071,0.914,1.200,true,0.618
3668,00-0038977,Tank Dell,WR,HOU,2024,17,2,21,21,true,Knee,false,3,8,0.716,8.725,,,,,,,,,,,,,false,
3669,00-0038979,Cedric Tillman,WR,CLE,2023,6,6,1,0,false,Hip,false,1,3,0.133,,202309,0,6.300,3.200,5.550,6.375,6.600,6.675,6.975,4.575,5.400,5.475,true,
3670,00-0038979,Cedric Tillman,WR,CLE,2024,13,18,5,1,false,Concussion,true,2,8,0.601,12.517,202501,0,1.160,8.400,1.464,1.580,1.231,0.366,1.214,1.297,0.881,1.048,true,0.671
3671,00-0038979,Cedric Tillman,WR,CLE,2025,5,8,4,4,true,Hand,false,1,8,0.843,13.625,202510,0,0.792,3.200,0.866,0.926,0.629,0.748,0.760,0.142,0.558,0.688,true,0.235
3672,00-0038994,Jordan Addison,WR,MIN,2024,2,3,2,0,false,Ankle,false,1,8,0.872,10.588,202404,1,0.951,10.825,0.756,1.020,0.974,1.054,1.054,0.848,0.688,1.077,true,1.022
3673,00-0038994,Jordan Addison,WR,MIN,2025,1,3,3,3,true,Unlabeled (IR),false,1,8,0.827,18.200,202504,0,1.057,15.975,1.160,0.906,1.124,1.039,1.112,1.148,1.160,1.184,true,0.878
3674,00-0038996,Tucker Kraft,TE,GB,2025,10,18,9,9,true,Unlabeled (IR),true,1,8,0.917,15.100,202601,,0.719,9.500,0.719,,,,,,,,true,0.629
3675,00-0038997,Josh Downs,WR,IND,2024,1,1,1,0,false,Ankle,false,1,8,0.591,6.250,202403,0,1.095,15.700,0.964,1.049,1.032,1.336,1.032,1.184,0.846,1.167,true,2.512
3676,00-0038997,Josh Downs,WR,IND,2024,13,13,1,0,false,Shoulder,false,1,8,0.651,15.838,202415,0,1.040,11.475,1.167,0.891,0.937,1.167,0.752,0.891,0.783,0.952,true,0.725
3677,00-0038997,Josh Downs,WR,IND,2025,7,7,1,0,false,Concussion,false,1,8,0.581,9.650,202508,0,0.951,8.725,1.101,1.153,0.809,0.740,0.981,1.135,1.239,1.342,true,0.904
3679,00-0039021,Roschon Johnson,RB,CHI,2023,6,7,2,0,false,Concussion,false,1,4,0.370,8.275,202308,2,0.946,4.700,0.973,0.784,1.135,0.892,2.000,0.757,1.324,1.243,true,0.568
3680,00-0039021,Roschon Johnson,RB,CHI,2024,14,15,2,0,false,Concussion,false,1,8,0.341,7.438,202416,,0.630,2.075,0.791,0.967,0.615,0.147,0.029,,,,true,0.279
3681,00-0039021,Roschon Johnson,RB,CHI,2025,8,18,9,7,false,Back,true,2,8,0.253,3.588,,,,,,,,,,,,,false,
3682,00-0039032,Tyjae Spears,RB,TEN,2024,7,9,2,0,false,Hamstring,false,2,8,0.448,9.900,202410,0,0.855,3.625,1.028,0.983,0.559,0.849,1.251,1.363,1.453,0.559,true,0.366
3683,00-0039032,Tyjae Spears,RB,TEN,2024,12,12,1,0,false,Concussion,false,1,8,0.396,9.200,202413,1,1.136,13.100,0.631,0.959,1.413,1.539,1.640,0.631,1.489,1.085,true,1.424
3684,00-0039032,Tyjae Spears,RB,TEN,2024,18,4,5,4,false,Concussion,false,2,8,0.416,9.738,202505,1,1.075,8.650,0.601,1.417,1.033,1.249,1.081,1.273,1.033,1.129,true,0.888
3685,00-0039040,De'Von Achane,RB,MIA,2023,6,9,4,4,true,Unlabeled (IR),false,1,3,0.370,26.733,202311,1,1.014,12.025,0.108,1.649,1.243,1.054,1.486,1.297,1.703,1.405,true,0.450
3686,00-0039050,Payne Durham,TE,TB,2024,7,7,1,0,false,Calf,false,1,8,0.204,1.767,202408,1,1.337,1.800,0.736,1.423,1.374,1.816,1.914,1.963,2.061,4.564,true,1.019
3687,00-0039052,Trey Palmer,WR,TB,2024,5,6,2,0,false,Concussion,false,1,8,0.481,4.225,202407,0,1.122,3.200,1.496,1.455,1.018,0.519,0.540,0.395,0.229,0.499,true,0.757
3688,00-0039052,Trey Palmer,WR,NO,2025,5,18,13,13,true,Ankle,true,1,8,0.253,1.650,,,,,,,,,,,,,false,
3689,00-0039062,Jonathan Mingo,WR,CAR,2023,18,18,1,1,true,Unlabeled (IR),true,1,8,0.940,5.538,202401,,0.705,3.950,0.596,0.670,0.702,0.851,0.723,0.479,0.277,0.574,true,0.713
3690,00-0039062,Jonathan Mingo,WR,DAL,2025,1,7,7,7,true,Knee,false,1,8,0.285,0.867,202512,,0.623,1.167,0.140,0.737,0.351,1.263,0.316,1.544,0.667,,true,1.346
3691,00-0039065,Sam LaPorta,TE,DET,2024,11,11,1,0,false,Shoulder,false,1,8,0.799,8.000,202412,0,1.171,12.250,1.164,1.177,1.127,1.214,1.152,1.164,1.252,1.139,true,1.531
3692,00-0039065,Sam LaPorta,TE,DET,2025,11,18,8,8,true,Back,true,1,8,0.925,12.075,202601,0,0.968,13.500,0.876,1.059,,,,,,,true,1.118
3693,00-0039066,Michael Mayer,TE,LV,2023,16,18,3,1,false,Toe,true,1,8,0.846,6.050,202401,,0.647,1.900,0.674,0.733,0.567,0.614,0.520,0.744,0.957,0.827,true,0.314
3694,00-0039066,Michael Mayer,TE,LV,2024,4,9,6,4,false,Not injury related - personal matter,false,1,8,0.771,6.000,202411,3,0.778,4.975,0.674,0.571,0.817,1.050,0.908,0.791,0.972,1.037,true,0.829
3695,00-0039066,Michael Mayer,TE,LV,2025,4,4,1,0,false,Concussion,false,1,8,0.659,4.575,202506,0,1.256,7.200,1.397,1.427,1.260,0.941,1.169,0.243,0.288,1.017,true,1.574
3696,00-0039066,Michael Mayer,TE,LV,2025,13,14,2,0,false,Ankle,false,1,8,0.641,5.475,202515,1,1.068,6.900,0.296,1.045,1.450,1.481,1.263,,,,true,1.260
3697,00-0039067,Rashee Rice,WR,KC,2023,18,18,1,0,false,Hamstring,true,1,8,0.718,15.075,202401,0,0.840,16.225,1.087,1.157,1.031,0.084,0.571,1.199,1.143,1.059,true,1.076
3698,00-0039067,Rashee Rice,WR,KC,2024,5,6,19,19,true,Ankle,false,2,8,0.792,18.875,202507,1,0.899,19.275,0.517,1.085,1.035,0.959,0.782,1.123,0.984,1.073,true,1.021
3699,00-0039067,Rashee Rice,WR,KC,2025,16,18,3,2,false,Concussion,true,1,8,0.650,17.250,202601,,1.277,9.900,1.277,,,,,,,,true,0.574
3700,00-0039074,Davis Allen,TE,LA,2024,2,3,2,0,false,Back,false,1,8,0.284,4.250,202405,2,1.057,0.750,0.141,0.775,1.374,1.938,2.819,2.291,1.692,1.128,true,0.176
3701,00-0039075,Puka Nacua,WR,LA,2024,2,7,5,5,true,Knee,false,1,8,0.832,17.425,202408,2,0.739,16.075,0.685,0.420,0.949,0.901,0.961,0.949,0.925,0.925,true,0.923
3702,00-0039075,Puka Nacua,WR,LA,2025,7,7,1,0,false,Ankle,false,1,8,0.812,23.538,202509,3,0.769,17.800,0.603,0.640,0.825,1.009,0.898,0.542,0.689,0.960,true,0.756
3704,00-0039139,Jahmyr Gibbs,RB,DET,2023,6,6,1,0,false,Hamstring,false,1,3,0.450,9.933,202307,0,1.506,26.300,1.933,1.556,1.289,1.244,1.578,1.000,1.400,1.067,true,2.648
3705,00-0039144,Luke Musgrave,TE,GB,2023,12,17,6,6,true,kidney,false,1,8,0.705,7.287,202318,,0.496,1.250,0.213,0.355,0.624,0.794,0.468,0.170,0.270,0.369,true,0.172
3706,00-0039144,Luke Musgrave,TE,GB,2024,6,15,9,9,true,Ankle,false,1,8,0.541,4.650,202416,,0.425,1.425,0.222,0.351,0.480,0.647,0.573,0.370,0.554,0.628,true,0.306
3707,00-0039144,Luke Musgrave,TE,GB,2026,1,2,2,2,true,Unlabeled (IR),false,1,8,0.524,4.486,,,,,,,,,,,,,false,
3708,00-0039146,Jayden Reed,WR,GB,2025,3,13,10,10,true,Foot,false,1,8,0.578,8.463,202514,1,0.983,8.750,0.814,1.126,1.108,0.883,0.277,0.987,,,true,1.034
3710,00-0039152,Will Levis,QB,TEN,2025,1,18,17,17,true,Unlabeled (IR),true,1,8,0.830,9.547,,,,,,,,,,,,,false,
3711,00-0039163,C.J. Stroud,QB,HOU,2023,16,16,1,0,false,Concussion,false,1,8,0.995,20.540,202317,0,0.992,16.610,0.955,1.005,1.005,1.005,0.814,1.005,1.005,0.955,true,0.809
3712,00-0039163,C.J. Stroud,QB,HOU,2025,10,12,3,0,false,Concussion,false,1,8,0.872,15.327,202513,0,1.146,14.135,1.146,1.146,1.146,1.146,1.146,0.745,1.146,,true,0.922
3714,00-0039164,Anthony Richardson,QB,IND,2023,6,18,12,12,true,Unlabeled (IR),true,1,3,0.760,22.753,202401,0,1.053,11.565,1.316,1.316,1.316,0.263,1.316,1.289,1.316,1.316,true,0.508
3715,00-0039164,Anthony Richardson,QB,IND,2024,18,18,1,0,false,Back,true,1,8,0.898,13.397,202503,,0.128,1.080,0.134,0.123,,,,,,,true,0.081
3716,00-0039164,Anthony Richardson,QB,IND,2025,7,18,11,11,true,Eye,true,1,8,0.887,14.625,,,,,,,,,,,,,false,
3717,00-0039165,Zach Charbonnet,RB,SEA,2026,1,2,2,2,true,Unlabeled (IR),false,1,8,0.444,12.125,,,,,,,,,,,,,false,
3719,00-0039236,Johnny Wilson,WR,PHI,2025,1,2,19,19,true,Unlabeled (IR),false,2,8,0.350,1.500,,,,,,,,,,,,,false,
3724,00-0039299,George Holani,RB,SEA,2025,13,18,6,6,true,Hamstring,true,1,5,0.134,3.220,202601,,3.433,2.900,3.433,,,,,,,,true,0.901
3726,00-0039337,Malik Nabers,WR,NYG,2024,5,6,2,0,false,Concussion,false,1,3,0.913,22.833,202407,0,1.026,11.975,1.018,1.084,1.040,0.964,1.018,1.040,1.029,1.029,true,0.524
3727,00-0039337,Malik Nabers,WR,NYG,2025,5,18,13,13,true,Shoulder,true,1,8,0.896,19.938,202601,,0.580,12.900,0.580,,,,,,,,true,0.647
3728,00-0039338,Brock Bowers,TE,LV,2025,6,6,1,0,false,Knee,false,1,8,0.837,12.388,202509,0,1.066,18.175,0.967,0.991,1.158,1.146,1.170,1.194,1.075,1.170,true,1.467
3729,00-0039338,Brock Bowers,TE,LV,2025,17,1,3,2,true,Knee,false,2,8,0.902,16.000,,,,,,,,,,,,,false,
3730,00-0039342,Xavier Legette,WR,CAR,2024,16,16,1,0,false,Hip,false,1,8,0.851,9.162,202417,2,0.787,4.650,0.799,0.493,0.916,0.940,0.928,0.858,0.940,1.046,true,0.508
3731,00-0039342,Xavier Legette,WR,CAR,2025,4,4,1,0,false,Hamstring,false,1,8,0.756,6.563,202505,0,1.061,10.525,1.045,0.965,1.058,1.177,0.727,0.926,0.727,0.886,true,1.604
3734,00-0039355,Luke McCaffrey,WR,WAS,2025,10,18,8,8,true,Unlabeled (IR),true,1,8,0.335,6.557,,,,,,,,,,,,,false,
3735,00-0039356,Ja'Tavion Sanders,TE,CAR,2024,13,13,1,0,false,Neck,false,1,8,0.619,6.637,202414,2,0.848,0.500,0.792,0.792,0.921,0.889,0.824,0.986,1.067,0.954,true,0.075
3736,00-0039356,Ja'Tavion Sanders,TE,CAR,2025,4,5,2,0,false,Ankle,false,1,8,0.509,4.714,202507,1,0.870,3.650,0.727,1.061,0.983,0.708,0.943,1.120,0.943,1.042,true,0.774
3737,00-0039356,Ja'Tavion Sanders,TE,CAR,2025,18,18,1,1,true,Fibula,true,1,8,0.504,4.225,,,,,,,,,,,,,false,
3738,00-0039359,Cade Stover,TE,HOU,2024,15,16,2,0,false,Illness,false,1,8,0.439,3.163,202417,1,0.974,2.433,0.775,1.368,1.299,0.456,0.775,0.934,0.661,1.390,true,0.769
3739,00-0039359,Cade Stover,TE,HOU,2025,2,10,8,8,true,Unlabeled (IR),false,1,8,0.461,2.838,202511,4,0.672,1.950,0.434,0.737,0.889,0.629,1.322,1.106,1.171,1.062,true,0.687
3740,00-0039361,Bucky Irving,RB,TB,2025,5,12,7,0,false,Foot,false,1,8,0.581,15.025,202513,2,0.933,11.850,0.895,0.843,0.929,1.067,0.929,1.084,1.049,,true,0.789
3741,00-0039363,Isaac Guerendo,RB,SF,2024,16,16,1,0,false,Foot,false,1,8,0.247,8.550,202417,,1.333,7.200,2.465,0.202,,,,,,,true,0.842
3742,00-0039363,Isaac Guerendo,RB,SF,2026,1,2,2,2,true,Unlabeled (IR),false,1,8,0.369,10.213,,,,,,,,,,,,,false,
3743,00-0039364,Sione Vaki,RB,DET,2025,1,7,5,0,false,Hamstring,false,2,8,0.042,1.620,202510,1,3.686,2.067,0.235,6.824,4.000,,,,,,true,1.276
3744,00-0039365,Jacob Cowing,WR,SF,2024,12,12,1,0,false,Concussion,false,1,5,0.100,1.400,202413,,0.750,0.000,0.200,0.500,0.700,1.600,0.800,6.600,0.800,,true,0.000
3745,00-0039365,Jacob Cowing,WR,SF,2025,1,18,17,17,true,Unlabeled (IR),true,1,8,0.079,0.000,202601,,1.016,0.000,1.016,,,,,,,,true,
3747,00-0039373,Audric Estimé,RB,NO,2026,1,2,2,2,true,Thigh,false,1,8,0.331,8.200,,,,,,,,,,,,,false,
3748,00-0039379,Jamari Thrash,WR,CLE,2025,12,12,1,0,false,Foot,false,1,8,0.358,2.957,,,,,,,,,,,,,false,
3749,00-0039384,Tyrone Tracy Jr.,RB,NYG,2025,4,4,1,0,false,Shoulder,false,1,8,0.661,10.963,202506,,0.654,6.300,0.454,0.544,0.953,0.665,1.013,0.771,1.074,0.741,true,0.575
3751,00-0039386,Bub Means,WR,NO,2024,9,18,26,26,true,Ankle,true,2,6,0.315,7.400,,,,,,,,,,,,,false,
3755,00-0039394,Casey Washington,WR,ATL,2025,9,9,1,0,false,Back,false,1,6,0.428,2.383,202510,,0.082,,0.047,0.117,,,,,,,true,
3758,00-0039424,Devaughn Vele,WR,NO,2025,16,18,3,3,true,Shoulder,true,1,8,0.620,8.300,202601,,1.468,19.900,1.468,,,,,,,,true,2.398
3760,00-0039458,Brenden Bates,TE,CLE,2025,13,14,2,0,false,Ankle,false,1,8,0.100,2.150,202515,0,4.025,1.125,2.500,4.200,4.800,4.600,,,,,true,0.523
3762,00-0039491,Jalen Coker,WR,CAR,2024,13,13,1,0,false,Quadricep,false,1,6,0.488,7.033,202415,0,1.787,10.815,1.782,1.679,1.782,1.904,0.758,1.352,1.352,1.536,true,1.538
3763,00-0039491,Jalen Coker,WR,CAR,2025,1,6,6,6,true,Quadricep,false,1,8,0.718,8.475,202507,1,0.850,3.400,0.516,0.920,0.920,1.045,0.948,1.157,0.767,0.948,true,0.401
3765,00-0039521,Xavier Weaver,WR,ARI,2025,15,15,1,0,false,Hamstring,false,1,7,0.383,0.900,202516,0,1.646,4.150,1.149,1.750,2.037,,,,,,true,4.611
3774,00-0039623,Mason Tipton,WR,NO,2025,18,2,3,3,true,Groin,false,2,8,0.420,2.050,,,,,,,,,,,,,false,
3776,00-0039631,Cam Grandy,TE,CIN,2025,17,17,1,0,false,Chest,false,1,8,0.125,2.100,,,,,,,,,,,,,false,
3777,00-0039650,Bryce Oliver,WR,TEN,2025,4,17,12,7,false,Knee,false,2,8,0.117,2.167,202518,,2.979,,2.979,,,,,,,,true,
3779,00-0039686,Colson Yankoff,TE,WAS,2025,8,9,2,0,false,Hamstring,false,1,8,0.096,0.000,202510,3,1.584,1.267,0.727,2.805,0.416,2.390,1.351,0.935,1.974,0.312,true,
3780,00-0039686,Colson Yankoff,TE,WAS,2025,16,16,1,0,false,Ankle,false,1,8,0.119,0.543,202517,,0.870,0.000,0.758,1.600,0.253,,,,,,true,0.000
3784,00-0039737,Tip Reiman,TE,ARI,2025,2,2,1,0,false,Foot,false,1,8,0.401,1.775,202503,,0.798,1.400,1.246,0.224,0.922,,,,,,true,0.789
3785,00-0039737,Tip Reiman,TE,ARI,2025,6,2,14,14,true,Unlabeled (IR),false,2,8,0.372,2.500,,,,,,,,,,,,,false,
3788,00-0039746,Will Shipley,RB,PHI,2024,17,17,1,0,false,Concussion,false,1,6,0.068,0.767,202418,0,2.890,3.675,7.756,1.171,0.732,1.902,0.732,2.341,2.049,2.780,true,4.793
3789,00-0039746,Will Shipley,RB,PHI,2025,2,3,2,0,false,Oblique,false,1,8,0.120,1.962,202504,3,0.812,0.775,0.417,1.083,0.417,1.333,1.167,1.583,0.833,1.083,true,0.395
3791,00-0039751,Jordan Whittington,WR,LA,2024,8,8,1,0,false,Shoulder,false,1,5,0.560,7.620,202410,,0.183,0.000,0.125,0.179,0.196,0.232,0.268,0.411,0.286,0.839,true,0.000
3792,00-0039757,Terrell Jennings,RB,NE,2025,15,18,4,4,true,Concussion,true,1,6,0.188,3.083,,,,,,,,,,,,,false,
3793,00-0039792,Devontez Walker,WR,BAL,2025,6,6,1,0,false,Oblique,false,1,8,0.156,7.525,202511,0,2.304,2.000,0.960,2.560,1.792,3.904,0.704,1.664,4.672,,true,0.266
3794,00-0039794,Braelon Allen,RB,NYJ,2025,5,18,13,13,true,Knee,true,1,8,0.275,4.525,202601,,1.455,4.000,1.455,,,,,,,,true,0.884
3797,00-0039798,Isaiah Davis,RB,NYJ,2025,18,18,1,1,true,Concussion,true,1,8,0.303,5.938,,,,,,,,,,,,,false,
3798,00-0039810,Jermaine Burton,WR,CIN,2024,18,14,4,0,false,Not injury related - other,false,3,8,0.184,1.500,,,,,,,,,,,,,false,
3800,00-0039814,Erick All,TE,CIN,2024,10,18,25,25,true,Knee,true,2,8,0.446,4.486,202601,,0.695,,0.695,,,,,,,,true,
3801,00-0039816,Anthony Gould,WR,IND,2025,9,10,2,0,false,Knee,false,1,8,0.140,0.575,202514,,0.429,1.300,0.429,,,,,,,,true,2.261
3802,00-0039816,Anthony Gould,WR,IND,2025,15,18,4,2,false,Foot,true,1,8,0.128,0.575,,,,,,,,,,,,,false,
3803,00-0039824,Jared Wiley,TE,KC,2024,9,18,10,10,true,Knee,true,1,6,0.185,1.700,202513,,0.662,0.700,0.757,0.216,0.649,1.027,,,,,true,0.412
3804,00-0039847,Theo Johnson,TE,NYG,2024,14,18,5,5,true,Back,true,1,8,0.844,6.575,202501,0,0.942,5.400,0.924,0.996,1.019,0.830,0.972,1.067,1.043,1.161,true,0.821
3805,00-0039847,Theo Johnson,TE,NYG,2025,17,18,2,0,false,Illness,true,1,8,0.894,10.025,202601,,0.515,1.900,0.515,,,,,,,,true,0.190
3806,00-0039849,Marvin Harrison Jr.,WR,ARI,2025,11,12,2,0,false,Illness,false,1,8,0.774,12.275,202513,,0.724,4.900,0.788,0.659,0.426,1.021,,,,,true,0.399
3807,00-0039849,Marvin Harrison Jr.,WR,ARI,2025,14,15,2,0,false,Heel,false,1,8,0.776,11.800,202516,,0.700,2.233,0.657,0.425,1.018,,,,,,true,0.189
3808,00-0039849,Marvin Harrison Jr.,WR,ARI,2025,18,18,1,1,true,Foot,true,1,8,0.700,12.200,202601,,1.129,4.300,1.129,,,,,,,,true,0.352
3809,00-0039853,Javon Baker,WR,NE,2024,15,15,1,0,false,Concussion,false,1,5,0.088,0.000,202416,0,3.523,0.733,1.250,2.386,6.932,,,,,,true,
3811,00-0039855,Jalen McMillan,WR,TB,2025,1,14,13,13,true,Neck,false,1,8,0.719,12.687,202515,,0.717,7.475,0.640,0.737,0.723,0.765,,,,,true,0.589
3812,00-0039874,Jaylen Wright,RB,MIA,2025,1,1,1,0,false,Knee,false,1,8,0.130,1.350,202507,0,1.019,1.967,1.231,1.231,1.462,0.154,0.769,4.000,0.615,2.385,true,1.457
3815,00-0039893,Brian Thomas Jr.,WR,JAX,2025,10,12,2,0,false,Ankle,false,2,8,0.836,11.800,202513,0,0.921,9.350,0.897,0.993,0.921,0.873,0.933,0.682,0.419,,true,0.792
3816,00-0039901,Keon Coleman,WR,BUF,2024,10,11,2,0,false,Wrist,false,1,8,0.690,9.825,202415,0,1.145,6.950,0.913,0.957,1.304,1.406,1.275,0.739,1.087,1.058,true,0.707
3817,00-0039907,Ja'Lynn Polk,WR,NE,2024,8,8,1,0,false,Concussion,false,1,6,0.687,3.967,202409,,0.466,2.225,0.189,0.597,0.597,0.481,0.408,0.568,0.058,0.335,true,0.561
3818,00-0039907,Ja'Lynn Polk,WR,NE,2024,18,18,18,18,true,Shoulder,true,3,8,0.320,1.271,,,,,,,,,,,,,false,
3819,00-0039910,Jayden Daniels,QB,WAS,2025,3,4,2,0,false,Knee,false,1,8,0.931,23.207,202505,0,0.958,17.935,1.074,1.074,0.741,0.945,0.805,1.074,,,true,0.773
3820,00-0039910,Jayden Daniels,QB,WAS,2025,8,8,1,0,false,Hamstring,false,1,8,0.931,21.583,202509,,0.941,11.867,0.945,0.805,1.074,,,,,,true,0.550
3821,00-0039910,Jayden Daniels,QB,WAS,2025,10,13,3,0,false,Elbow,false,1,8,0.892,20.845,202514,,0.980,10.190,0.840,1.120,,,,,,,true,0.489
3822,00-0039910,Jayden Daniels,QB,WAS,2025,15,18,4,0,false,Elbow,true,1,8,0.878,18.445,202601,,1.140,17.660,1.140,,,,,,,,true,0.957
3823,00-0039912,Ben Sinnott,TE,WAS,2025,11,11,1,0,false,Ankle,false,1,8,0.304,1.633,202513,2,1.383,2.633,0.560,0.823,1.877,2.272,2.008,1.811,0.856,,true,1.612
3825,00-0039916,Ricky Pearsall,WR,SF,2025,5,10,6,0,false,Knee,false,1,8,0.761,12.888,202511,0,0.972,5.700,0.985,0.998,1.143,0.762,1.064,,,,true,0.442
3826,00-0039916,Ricky Pearsall,WR,SF,2025,16,16,1,0,false,Knee,false,1,8,0.820,9.800,202517,,0.988,13.500,0.988,,,,,,,,true,1.378
3827,00-0039916,Ricky Pearsall,WR,SF,2026,1,2,2,2,true,Unlabeled (IR),false,1,8,0.777,9.388,,,,,,,,,,,,,false,
3828,00-0039917,Michael Penix Jr.,QB,ATL,2025,12,2,9,7,true,Knee,false,2,8,0.971,14.047,,,,,,,,,,,,,false,
3829,00-0039919,Rome Odunze,WR,CHI,2025,14,17,3,0,false,Foot,false,2,8,0.866,10.075,202601,,0.554,7.200,0.554,,,,,,,,true,0.715
3830,00-0039921,Trey Benson,RB,ARI,2024,16,18,2,1,false,Ankle,true,2,8,0.166,4.786,202501,0,2.902,8.850,1.985,2.647,3.669,3.308,,,,,true,1.849
3831,00-0039921,Trey Benson,RB,ARI,2025,5,2,15,15,true,Knee,false,2,8,0.284,5.575,,,,,,,,,,,,,false,
3834,00-0039923,J.J. McCarthy,QB,MIN,2025,13,13,1,0,false,Concussion,false,1,5,1.000,12.936,202514,0,0.790,15.055,1.000,1.000,0.520,0.640,,,,,true,1.164
3835,00-0039923,J.J. McCarthy,QB,MIN,2025,17,17,1,0,false,Hand,false,1,8,1.000,13.635,202518,,0.640,7.980,0.640,,,,,,,,true,0.585
3837,00-0040009,Savion Williams,WR,GB,2025,13,14,2,0,false,Foot,false,1,8,0.125,2.638,202516,,0.320,0.900,0.320,,,,,,,,true,0.341
3838,00-0040009,Savion Williams,WR,GB,2025,18,2,3,3,true,Foot,false,2,8,0.129,2.650,,,,,,,,,,,,,false,
3843,00-0040130,Jayden Higgins,WR,HOU,2026,1,2,2,2,true,Unlabeled (IR),false,1,8,0.586,9.662,,,,,,,,,,,,,false,
3844,00-0040134,Pat Bryant,WR,DEN,2025,15,15,1,0,false,Hamstring,false,1,8,0.564,5.938,202516,0,1.118,8.167,1.135,1.171,1.047,,,,,,true,1.375
3845,00-0040134,Pat Bryant,WR,DEN,2025,17,17,1,0,false,Concussion,false,1,8,0.555,6.838,202518,0,1.126,7.650,1.189,1.063,,,,,,,true,1.119
3846,00-0040162,Dylan Sampson,RB,CLE,2025,15,16,2,0,false,Calf,false,1,8,0.234,4.688,202517,0,1.818,6.050,1.497,2.139,,,,,,,true,1.291
3847,00-0040162,Dylan Sampson,RB,CLE,2026,2,2,1,1,true,Unlabeled (IR),false,1,8,0.290,5.925,,,,,,,,,,,,,false,
3848,00-0040164,Jaylin Lane,WR,WAS,2025,17,18,2,2,true,Ankle,true,1,8,0.394,3.663,202601,,0.660,1.400,0.660,,,,,,,,true,0.382
3849,00-0040170,Elic Ayomanor,WR,TEN,2025,12,12,1,0,false,Hamstring,false,1,8,0.810,8.375,202513,0,0.932,5.350,1.049,0.988,1.000,0.691,1.000,1.160,0.642,,true,0.639
3851,00-0040184,KeAndre Lambert-Smith,WR,LAC,2026,2,2,1,1,true,Unlabeled (IR),false,1,8,0.168,1.462,,,,,,,,,,,,,false,
3852,00-0040202,Devin Neal,RB,NO,2025,16,1,4,4,true,Hamstring,false,2,8,0.460,6.225,,,,,,,,,,,,,false,
3855,00-0040208,Tahj Brooks,RB,CIN,2025,13,13,1,0,false,Concussion,false,1,3,0.110,0.767,202515,1,0.636,0.900,0.091,0.909,1.273,0.273,,,,,true,1.174
3860,00-0040244,Moliki Matavao,TE,NO,2026,1,2,2,2,true,Unlabeled (IR),false,1,5,0.186,3.000,,,,,,,,,,,,,false,
3868,00-0040432,Beaux Collins,WR,NYG,2025,10,2,10,10,true,Neck,false,2,7,0.171,1.500,,,,,,,,,,,,,false,
3870,00-0040488,Carter Runyon,TE,LV,2026,1,2,2,2,true,Unlabeled (IR),false,1,8,0.074,0.433,,,,,,,,,,,,,false,
3873,00-0040506,Myles Price,WR,MIN,2025,18,18,1,0,false,Ankle,true,1,4,0.065,0.000,202601,,0.769,0.000,0.769,,,,,,,,true,
3875,00-0040509,Ben Yurosek,TE,MIN,2026,1,2,2,2,true,Unlabeled (IR),false,1,8,0.139,0.500,,,,,,,,,,,,,false,
3880,00-0040581,Dont'e Thornton Jr.,WR,LV,2025,14,14,1,0,false,Concussion,false,1,8,0.491,1.450,202515,,0.595,1.600,0.387,0.142,1.588,0.265,,,,,true,1.103
3881,00-0040581,Dont'e Thornton Jr.,WR,LV,2026,1,2,2,2,true,Unlabeled (IR),false,1,8,0.446,1.820,,,,,,,,,,,,,false,
3882,00-0040584,Gunnar Helm,TE,TEN,2025,18,18,1,0,false,Toe,true,1,8,0.580,7.338,202601,,1.310,6.800,1.310,,,,,,,,true,0.927
3886,00-0040644,Trevor Etienne,RB,CAR,2026,1,2,2,2,true,Unlabeled (IR),false,1,8,0.061,0.613,,,,,,,,,,,,,false,
3888,00-0040648,Tory Horton,WR,SEA,2025,11,18,8,7,false,Shin,true,1,7,0.446,6.329,,,,,,,,,,,,,false,
3890,00-0040649,Robbie Ouzts,RB,SEA,2026,1,2,2,2,true,Unlabeled (IR),false,1,8,0.244,0.000,,,,,,,,,,,,,false,
3891,00-0040663,Harold Fannin Jr.,TE,CLE,2025,18,18,1,0,false,Groin,true,1,8,0.834,13.500,202601,,0.984,4.100,0.984,,,,,,,,true,0.304
3892,00-0040666,Omarion Hampton,RB,LAC,2025,6,13,7,7,true,Ankle,false,1,4,0.775,16.000,202514,,0.655,14.675,0.400,0.465,0.710,1.045,0.748,,,,true,0.917
3893,00-0040666,Omarion Hampton,RB,LAC,2025,18,18,1,0,false,Ankle,true,1,8,0.612,14.462,202601,,0.947,8.300,0.947,,,,,,,,true,0.574
3894,00-0040691,Jaxson Dart,QB,NYG,2025,11,12,2,0,false,Concussion,false,1,8,0.754,16.763,202513,0,1.317,15.200,1.327,1.287,1.327,1.327,1.327,1.327,,,true,0.907
3895,00-0040704,Dillon Gabriel,QB,CLE,2025,12,12,1,0,false,Concussion,false,1,7,0.727,9.594,202513,,0.028,0.000,0.028,0.028,,,,,,,true,0.000
3896,00-0040704,Dillon Gabriel,QB,CLE,2026,1,2,2,2,true,Unlabeled (IR),false,1,8,0.688,8.165,,,,,,,,,,,,,false,
3897,00-0040715,Cam Skattebo,RB,NYG,2025,9,18,9,9,true,Unlabeled (IR),true,1,7,0.567,16.814,202601,,1.076,14.100,1.076,,,,,,,,true,0.839
3898,00-0040718,Travis Hunter,WR,JAX,2025,9,18,10,10,true,Knee,true,1,6,0.628,6.617,202601,,0.111,2.100,0.111,,,,,,,,true,0.317
3899,00-0040719,Bhayshul Tuten,RB,JAX,2025,16,16,1,0,false,Finger,false,1,8,0.225,5.138,202518,0,1.667,9.050,1.156,2.178,,,,,,,true,1.762
3900,00-0040734,TreVeyon Henderson,RB,NE,2026,1,1,1,0,false,Ankle,false,1,8,0.600,17.025,,,,,,,,,,,,,false,
3901,00-0040735,Luther Burden III,WR,CHI,2025,9,9,1,0,false,Concussion,false,1,6,0.255,5.967,202510,0,1.912,7.625,1.922,1.725,2.000,2.000,2.784,1.529,2.275,2.431,true,1.278
3902,00-0040735,Luther Burden III,WR,CHI,2025,16,16,1,0,false,Ankle,false,1,8,0.418,6.825,202517,0,1.541,14.933,1.389,1.485,1.749,,,,,,true,2.188
3903,00-0040736,Mason Taylor,TE,NYJ,2025,15,18,4,1,false,Neck,true,1,8,0.841,7.125,202601,,0.785,1.800,0.785,,,,,,,,true,0.253
3904,00-0040739,Elijah Arroyo,TE,SEA,2025,15,18,4,4,true,Knee,true,1,8,0.410,2.963,202601,,0.537,,0.537,,,,,,,,true,
3906,00-0040782,Isaiah Bond,WR,CLE,2025,10,10,1,0,false,Foot,false,1,7,0.534,4.033,202511,3,0.693,3.075,0.786,0.543,0.543,0.898,1.273,0.898,0.430,1.011,true,0.762
3907,00-0040784,Quinshon Judkins,RB,CLE,2025,17,18,2,2,true,Unlabeled (IR),true,1,8,0.540,11.775,202601,,1.204,7.000,1.204,,,,,,,,true,0.594
