gsis_id,sleeper_id,full_name,position,team,age,status,report_status,games,raw_ppg,proj_ppg,adj_ppg,final_ppg,adj_note,replacement_ppg,remaining,absence_now,base_miss_rate,most_common_injury,exp_games,availability,exp_ppg,vorp,value,opp,mu,share_now,share_prev,mate,mate_share,overall_rank,pos_rank
00-0039139,9221,Jahmyr Gibbs,RB,DET,24.5,ACT,,36,22.90604997080625,20.552146519188835,0.0,20.552146519188835,,8.793288323941487,15,0.0,0.134,,12.99,0.866,17.798158885617532,152.74756795626305,152.74756795626305,NYJ,100,0.39320611586861937,0.32853374306261157,Isiah Pacheco,0.23824814344090506,1,1
00-0036963,7547,Amon-Ra St. Brown,WR,DET,26.9,ACT,,35,22.25628281667195,20.081652689018146,0.0,20.081652689018146,,9.610690807104382,15,0.0,0.132,,13.02,0.868,17.43087453406775,136.3319237025172,136.3319237025172,NYJ,55,0.2140781657194002,0.17128256319260704,Jameson Williams,0.09018875096350129,2,1
00-0038542,9509,Bijan Robinson,RB,ATL,24.6,ACT,,36,21.151991377616934,19.08937782961216,0.0,19.08937782961216,,8.793288323941487,15,0.0,0.134,,12.99,0.866,16.53140120044413,133.74620267866206,133.74620267866206,GB,68,0.4448082174776564,0.3817139720584906,Brian Robinson,0.1232959723195369,3,2
00-0038543,9488,Jaxon Smith-Njigba,WR,SEA,24.5,ACT,,36,22.229161533442525,20.11952150875369,0.0,20.11952150875369,,9.610690807104382,15,0.0,0.16,,12.6,0.84,16.9003980673531,132.41126684078128,132.41126684078128,WAS,87,0.1855506578507981,0.16912612665339044,Cooper Kupp,0.09093079664608417,4,2
00-0033280,4034,Christian McCaffrey,RB,SF,30.2,ACT,,23,21.96815871205639,19.312677255537476,0.0,19.312677255537476,,8.793288323941487,15,0.0,0.163,Not injury related - resting player,12.555,0.837,16.164710862884867,132.07092803618764,132.07092803618764,ARI,84,0.31589412647999304,0.4078571467190481,Kaelon Black,0.18861607142857142,5,3
00-0036223,6813,Jonathan Taylor,RB,IND,27.6,ACT,,33,21.157543895040305,19.00843686371979,0.0,19.00843686371979,,8.793288323941487,15,0.0,0.145,Ankle,12.825,0.855,16.25221351848042,131.00928002265672,131.00928002265672,HOU,13,0.41470676320842803,0.3851517280012602,DJ Giddens,0.06656668113967021,6,4
00-0036900,7564,Ja'Marr Chase,WR,CIN,26.5,ACT,,35,20.42625568023204,18.557997258244907,0.0,18.557997258244907,,9.610690807104382,15,0.0,0.137,,12.945,0.863,16.015551633865353,115.8228820100141,115.8228820100141,PIT,58,0.1285483397698016,0.1938814962099509,Tee Higgins,0.12325172848620997,7,3
00-0039075,9493,Puka Nacua,WR,LA,25.3,ACT,Questionable,28,21.60968439190825,19.151965717728608,0.0,19.151965717728608,,9.610690807104382,15,0.38563049853372433,0.188,Knee,11.866868035190617,0.7911245356793745,15.151589985785343,113.22505025185284,113.22505025185284,DEN,16,0.22030271027752674,0.18617679908295068,Davante Adams,0.11555240550878007,8,4
00-0032764,3198,Derrick Henry,RB,BAL,32.7,ACT,,36,19.305760119331726,17.545950593053192,0.0,17.545950593053192,,8.793288323941487,15,0.0,0.139,,12.915,0.861,15.107063460618798,113.04063320557765,113.04063320557765,DAL,87,0.43038343102188054,0.3491122644587922,Justice Hill,0.07252108140726521,9,5
00-0034857,4984,Josh Allen,QB,BUF,30.3,ACT,,34,26.326797864492384,24.66404259013611,0.0,24.66404259013611,,16.926742034406544,15,0.0,0.071,,13.935,0.929,22.912895566236447,107.8192832440915,107.8192832440915,LAC,13,,,,,10,1
00-0037744,8130,Trey McBride,TE,ARI,26.8,ACT,,35,18.512320557608618,16.911309195131157,0.0,16.911309195131157,,9.03730120334346,15,0.0,0.154,Concussion,12.69,0.846,14.306967579080958,99.92116141578586,99.92116141578586,SF,58,0.2088833949322412,0.16729924737391544,Elijah Higgins,0.06619120515702309,11,1
00-0039040,9226,De'Von Achane,RB,MIA,24.9,ACT,,34,17.930610149950052,16.32280098244639,0.0,16.32280098244639,,8.793288323941487,15,0.0,0.134,,12.99,0.866,14.135545650798575,97.80836943397871,97.80836943397871,KC,26,0.39243663424697905,0.37735428965132306,Jaylen Wright,0.1142094017094017,12,6
00-0037248,8138,James Cook,RB,BUF,26.9,ACT,,34,17.712056843348744,16.145818784646703,0.0,16.145818784646703,,8.793288323941487,15,0.0,0.131,,13.035,0.869,14.030716523857985,95.8402345552925,95.8402345552925,LAC,0,0.33832273060924883,0.33872157376112416,Ty Johnson,0.1277196455505279,13,7
00-0031381,2133,Davante Adams,WR,LA,33.7,ACT,,30,18.654345124326024,16.8982058423379,0.0,16.8982058423379,,9.610690807104382,15,0.0,0.143,Hamstring,12.855,0.857,14.48176240688358,93.6810057779269,93.6810057779269,DEN,16,0.11555240550878007,0.1349009274320621,Puka Nacua,0.22030271027752674,14,5
00-0036358,6786,CeeDee Lamb,WR,DAL,27.4,ACT,,30,18.29122440842089,16.640523612964806,0.0,16.640523612964806,,9.610690807104382,15,0.0,0.156,Ankle,12.66,0.844,14.044601929342296,88.99768332219297,88.99768332219297,BAL,84,0.12203228869895535,0.13928081010217655,George Pickens,0.0966286799620133,15,6
00-0037239,8144,Chris Olave,WR,NO,26.2,ACT,Questionable,24,18.90401880807659,16.96578538634757,0.0,16.96578538634757,,9.610690807104382,15,0.38563049853372433,0.18,Illness,11.983782991202348,0.7989188660801566,13.554286023020092,88.14185731741911,88.14185731741911,LV,35,0.18944039668083384,0.160467872674428,Devaughn Vele,0.10636683287192049,16,7
00-0038597,9224,Chase Brown,RB,CIN,26.4,ACT,,35,16.801902052528675,15.434342763677153,0.0,15.434342763677153,,8.793288323941487,15,0.0,0.131,,13.035,0.869,13.412443861635445,86.5661446219544,86.5661446219544,PIT,32,0.36669733717418007,0.3172051882221715,Samaje Perine,0.10710646044727144,17,8
00-0034844,4866,Saquon Barkley,RB,PHI,29.6,ACT,,33,16.126752481949083,14.68935827262257,0.0,14.68935827262257,,8.793288323941487,15,0.0,0.118,,13.23,0.882,12.956013996453107,78.00500542105073,78.00500542105073,CHI,42,0.30903782828224474,0.36319864661516904,Tank Bigsby,0.1454662314342948,18,9
00-0037840,8150,Kyren Williams,RB,LA,26.0,ACT,,35,15.77540687999227,14.589319569242624,0.0,14.589319569242624,,8.793288323941487,15,0.0,0.131,,13.035,0.869,12.67811870567184,75.55126728250032,75.55126728250032,DEN,19,0.2623982175080143,0.28614631835479715,Blake Corum,0.17212391903836674,19,10
00-0038134,8151,Kenneth Walker III,RB,KC,25.9,ACT,,30,15.688844212704797,14.429639909225216,0.0,14.429639909225216,,8.793288323941487,15,0.0,0.144,Ankle,12.84,0.856,12.351771762296785,72.37075435504308,72.37075435504308,MIA,97,0.4268367879997761,0.2842666512038956,Brashard Smith,0.11413383364602876,20,11
00-0040122,12527,Ashton Jeanty,RB,LV,22.7,ACT,,19,15.730348293624703,14.24679111754619,0.0,14.24679111754619,,8.793288323941487,15,0.0,0.162,,12.57,0.838,11.938810956503707,68.55053011561111,68.55053011561111,NO,48,0.4525193000514668,0.3838378478664739,Mike Washington Jr.,0.0867215645908389,21,12
00-0036275,6790,D'Andre Swift,RB,CHI,27.6,ACT,,35,14.960700830659608,13.907133132163246,0.0,13.907133132163246,,8.793288323941487,15,0.0,0.135,Groin,12.975,0.865,12.029670159321208,66.35213638667732,66.35213638667732,PHI,52,0.257382476293725,0.2636090754614214,Kyle Monangai,0.17822553884215392,22,13
00-0036554,7569,Nico Collins,WR,HOU,27.5,ACT,Out,26,16.284041718499616,14.810395308293336,0.0,14.810395308293336,,9.610690807104382,15,0.9995127892813642,0.161,Hamstring,11.746408769792934,0.7830939179861957,11.597930488895798,61.07785455309772,61.07785455309772,IND,100,0.12007777022319592,0.1316865158273791,Xavier Hutchinson,0.11480844198235503,23,8
00-0039361,11584,Bucky Irving,RB,TB,24.0,ACT,,28,14.663080534273126,13.447410767845687,0.0,13.447410767845687,,8.793288323941487,15,0.0,0.168,Foot,12.479999999999999,0.832,11.18824575884761,58.083448099924404,58.083448099924404,MIN,6,0.3389830508474576,0.33839995080008733,Kenny Gainwell,0.16366181115375433,24,14
00-0036410,6801,Tee Higgins,WR,CIN,27.6,ACT,,29,15.108508560678002,14.06268474177281,0.0,14.06268474177281,,9.610690807104382,15,0.0,0.141,Concussion,12.885,0.859,12.079846193182844,57.36394184820269,57.36394184820269,PIT,58,0.12325172848620997,0.11174646977149975,Ja'Marr Chase,0.1285483397698016,25,9
00-0033288,4217,George Kittle,TE,SF,32.9,ACT,,28,14.43677949368192,13.349878081911097,0.0,13.349878081911097,,9.03730120334346,15,0.0,0.126,,13.11,0.874,11.667793443590298,56.53788287802171,56.53788287802171,ARI,90,0.0935831379616624,0.10378283345295947,Jake Tonges,0.08029436094690584,26,2
00-0038120,8155,Breece Hall,RB,NYJ,25.3,ACT,,34,14.105663086035886,13.166629484954786,0.0,13.166629484954786,,8.793288323941487,15,0.0,0.139,Knee,12.915,0.861,11.33646798654607,56.481701094486745,56.481701094486745,DET,39,0.32735600105144697,0.3268090552150099,Kene Nwangwu,0.13727598566308244,27,15
00-0036322,6794,Justin Jefferson,WR,MIN,27.2,ACT,,36,14.504301058790926,13.689296150705196,0.0,13.689296150705196,,9.610690807104382,15,0.0,0.132,,13.02,0.868,11.88230905881211,53.10344157368261,53.10344157368261,TB,45,0.14683929113156033,0.1600133698055575,Jauan Jennings,0.0774815021638978,28,10
00-0039338,11604,Brock Bowers,TE,LV,23.7,ACT,Doubtful,29,15.150537755192996,13.69382341555402,0.0,13.69382341555402,,9.03730120334346,15,0.9915134370579916,0.193,Knee,11.304848656294201,0.7536565770862801,10.320440082590395,52.64127887371264,52.64127887371264,NO,26,0.13043091375889834,0.13923141743039688,Michael Mayer,0.11491250643335049,29,3
00-0039067,10229,Rashee Rice,WR,KC,26.4,ACT,,13,15.906600273171572,14.084514848328823,0.0,14.084514848328823,,9.610690807104382,15,0.0,0.238,Concussion,11.43,0.762,10.732400314426563,51.13580879119536,51.13580879119536,MIA,48,0.1106131402396258,0.16517501982575233,Xavier Worthy,0.09613450840986143,30,11
00-0039064,9997,Zay Flowers,WR,BAL,26.0,ACT,Doubtful,35,14.858427977116058,13.88906876638066,0.0,13.88906876638066,,9.610690807104382,15,0.9915134370579916,0.16,,11.767128712871287,0.7844752475247525,10.895630658394778,50.34422412911556,50.34422412911556,DAL,94,0.11238601844826676,0.13932354907950534,Rashod Bateman,0.05934370805159289,31,12
00-0036912,7525,DeVonta Smith,WR,PHI,27.8,ACT,,31,14.392439837530063,13.51217824462431,0.0,13.51217824462431,,9.610690807104382,15,0.0,0.141,Concussion,12.885,0.859,11.606961112132282,50.270665632444285,50.270665632444285,CHI,81,0.13278299618393238,0.121549783235053,Marquise Brown,0.07254760674697047,32,13
00-0040734,12529,TreVeyon Henderson,RB,NE,23.9,ACT,,16,14.263432269403488,12.803161483702064,0.0,12.803161483702064,,8.793288323941487,15,0.0,0.167,Ankle,12.495,0.833,10.665033515923819,50.103365131208406,50.103365131208406,JAX,10,0.1889191442067241,0.20909553446449156,Rhamondre Stevenson,0.2973371075298694,33,16
00-0041037,13346,Denzel Boston,WR,CLE,22.7,ACT,,2,17.815176785046585,13.594902395081398,0.0,13.594902395081398,,9.610690807104382,15,0.0,0.17,,12.45,0.83,11.28376898791756,49.603434270313855,49.603434270313855,CAR,19,0.11149228130360206,,KC Concepcion,0.15694682675814753,34,14
00-0037238,8112,Drake London,WR,ATL,25.1,ACT,,30,14.572364651196681,13.58668407894908,0.0,13.58668407894908,,9.610690807104382,15,0.0,0.179,Knee,12.315,0.821,11.154667628817194,48.96435714276746,48.96435714276746,GB,71,0.0915440872227739,0.15268171047842657,Jahan Dotson,0.06719537524153556,35,15
00-0040666,12507,Omarion Hampton,RB,LAC,23.5,ACT,,11,14.604397589260174,12.867163289248237,0.0,12.867163289248237,,8.793288323941487,15,0.0,0.204,Ankle,11.940000000000001,0.796,10.242261978241597,48.6420670857626,48.6420670857626,BUF,77,0.27500103637375783,0.2665131301531227,Kimani Vidal,0.15761812431487332,36,17
00-0031588,2449,Stefon Diggs,WR,WAS,32.8,ACT,,27,14.348704319461293,13.424616343554522,0.0,13.424616343554522,,9.610690807104382,15,0.0,0.172,Not injury related - resting player,12.420000000000002,0.8280000000000001,11.115582332463145,47.368955162710755,47.368955162710755,SEA,0,0.09419777957317406,0.10006971978475798,Terry McLaurin,0.10947841544856471,37,16
MIN,MIN,MIN D/ST,DEF,MIN,,ACT,,36,9.245368887230018,8.702901862589489,0.0,8.702901862589489,,5.572963093652347,15,0.0,0.0,,15.0,1.0,8.702901862589489,46.94908153405712,46.94908153405712,,,,,,,38,1
00-0038124,8167,Christian Watson,WR,GB,27.3,ACT,,24,14.331429101972768,13.314775960175306,0.0,13.314775960175306,,9.610690807104382,15,0.0,0.161,Knee,12.584999999999999,0.839,11.171097030587081,46.615911651397575,46.615911651397575,ATL,77,0.1513332745987695,0.0982323476268828,Matthew Golden,0.11395423109114136,39,17
00-0037740,8146,Garrett Wilson,WR,NYJ,26.1,ACT,,26,14.564228091976506,13.367496230709316,0.0,13.367496230709316,,9.610690807104382,15,0.0,0.175,Knee,12.375,0.825,11.028184390335184,46.49046711711106,46.49046711711106,DET,90,0.11222519310754604,0.15446976173110769,Adonai Mitchell,0.10897939821089726,40,18
00-0036997,7588,Javonte Williams,RB,DAL,26.4,ACT,,35,13.06519526590528,12.320187670583124,0.0,12.320187670583124,,8.793288323941487,15,0.0,0.135,Shoulder,12.975,0.865,10.656962335054402,45.76151902267523,45.76151902267523,BAL,55,0.259495596995597,0.2952572253550983,Malik Davis,0.15587302733263073,41,18
00-0040715,12481,Cam Skattebo,RB,NYG,24.6,ACT,,9,14.529691760973355,12.52291215452142,0.0,12.52291215452142,,8.793288323941487,15,0.0,0.193,,12.104999999999999,0.8069999999999999,10.105990108698785,45.14709646917007,45.14709646917007,TEN,29,0.2560466786881881,0.2647024306216785,Tyrone Tracy Jr.,0.28164684470441237,42,19
00-0037247,8137,George Pickens,WR,DAL,25.5,ACT,,33,13.837103571530552,13.094305366612803,0.0,13.094305366612803,,9.610690807104382,15,0.0,0.169,Hamstring,12.465,0.831,10.88136775965524,43.42325548427247,43.42325548427247,BAL,84,0.0966286799620133,0.12669001355056897,CeeDee Lamb,0.12203228869895535,43,19
00-0030506,1466,Travis Kelce,TE,KC,36.9,ACT,,35,12.872920586330915,12.21995805414684,0.0,12.21995805414684,,9.03730120334346,15,0.0,0.101,,13.485,0.8989999999999999,10.985742290678008,42.91812763308357,42.91812763308357,MIA,81,0.11977812338852134,0.1103976731775853,Noah Gray,0.03638133665412227,44,4
00-0033873,4046,Patrick Mahomes,QB,KC,31.0,ACT,,32,20.702608404154635,19.98156815676588,0.0,19.98156815676588,,16.926742034406544,15,0.0,0.086,Knee,13.71,0.914,18.263153295284017,41.88166613754652,41.88166613754652,MIA,74,,,,,45,2
00-0036973,7543,Travis Etienne,RB,NO,27.6,ACT,,33,12.675993518824354,12.00323068942656,0.0,12.00323068942656,,8.793288323941487,15,0.0,0.131,,13.035,0.869,10.43080746911168,41.84159873409793,41.84159873409793,LV,58,0.23425816480835038,0.29660210658634917,Devin Neal,0.24396642563860327,46,20
00-0037834,8183,Brock Purdy,QB,SF,26.7,ACT,,26,20.85684008357513,20.012007395803057,0.0,20.012007395803057,,16.926742034406544,15,0.0,0.112,Shoulder,13.32,0.888,17.770662567473114,41.09573461380155,41.09573461380155,ARI,71,,,,,47,3
SEA,SEA,SEA D/ST,DEF,SEA,,ACT,,36,8.557633668608574,8.119876349506617,0.0,8.119876349506617,,5.572963093652347,15,0.0,0.0,,15.0,1.0,8.119876349506617,38.20369883781405,38.20369883781405,,,,,,,48,2
00-0032726,3451,Ka'imi Fairbairn,K,HOU,32.6,ACT,,34,10.954487481129815,10.568367707772008,0.0,10.568367707772008,,8.056637363307253,15,0.0,0.0,,15.0,1.0,10.568367707772008,37.675955166971335,37.675955166971335,,,,,,,49,1
PIT,PIT,PIT D/ST,DEF,PIT,,ACT,,36,8.491336485818135,8.065181975154518,0.0,8.065181975154518,,5.572963093652347,15,0.0,0.0,,15.0,1.0,8.065181975154518,37.38328322253257,37.38328322253257,,,,,,,50,3
00-0040691,12508,Jaxson Dart,QB,NYG,23.3,ACT,,13,20.834499659896718,19.68171126282319,0.0,19.68171126282319,,16.926742034406544,15,0.0,0.1,Concussion,13.5,0.9,17.71354013654087,37.192084583624705,37.192084583624705,TEN,81,,,,,51,4
00-0036555,7594,Chuba Hubbard,RB,CAR,27.2,ACT,,31,12.357151102339836,11.684358545320531,0.0,11.684358545320531,,8.793288323941487,15,0.0,0.15,Calf,12.75,0.85,9.931704763522452,36.861145322582814,36.861145322582814,CLE,61,0.21877416706393346,0.20468051499494078,Jonathon Brooks,0.10172413793103449,52,21
00-0031408,2216,Mike Evans,WR,SF,33.0,ACT,,24,13.442006529966447,12.560380007457976,0.0,12.560380007457976,,9.610690807104382,15,0.0,0.186,Hamstring,12.21,0.8140000000000001,10.224149326070792,36.01570513631739,36.01570513631739,ARI,68,0.07962903911564626,0.12866715963250452,Deebo Samuel Sr.,0.1229995203209489,53,20
00-0035685,5892,David Montgomery,RB,HOU,29.2,ACT,,32,12.173478765138254,11.557282051337332,0.0,11.557282051337332,,8.793288323941487,15,0.0,0.133,Knee,13.004999999999999,0.8669999999999999,10.020163538509465,35.94573842478295,35.94573842478295,IND,65,0.19262603744917672,0.183149593183152,Woody Marks,0.2239708652752131,54,22
00-0033553,4137,James Conner,RB,ARI,31.3,RES,,18,15.843597367681806,12.95397836624614,0.0,12.95397836624614,,8.793288323941487,15,4.0,0.226,Knee,8.514,0.5676,7.352678120681309,35.42411502018181,35.42411502018181,SF,74,0.2491275469998874,0.2491275469998874,Jeremiyah Love,0.23896713615023474,55,23
00-0036875,7611,Rhamondre Stevenson,RB,NE,28.5,ACT,,31,12.004493190884833,11.395905811906921,0.0,11.395905811906921,,8.793288323941487,15,0.0,0.133,Foot,13.004999999999999,0.8669999999999999,9.880250338923299,33.84704043099046,33.84704043099046,JAX,10,0.2973371075298694,0.22962886030212218,TreVeyon Henderson,0.1889191442067241,56,24
00-0037692,11533,Brandon Aubrey,K,DAL,31.5,ACT,,36,10.551936769357349,10.24770696784281,0.0,10.24770696784281,,8.056637363307253,15,0.0,0.0,,15.0,1.0,10.24770696784281,32.86604406803335,32.86604406803335,,,,,,,57,2
00-0033906,4035,Alvin Kamara,RB,NO,31.1,ACT,,25,12.367414557945336,11.409419924313926,0.0,11.409419924313926,,8.793288323941487,15,0.0,0.178,Knee,12.330000000000002,0.8220000000000002,9.37854317778605,32.25690263259218,32.25690263259218,LV,58,0.2324448513534523,0.259316621490618,Devin Neal,0.24396642563860327,58,25
00-0039065,10859,Sam LaPorta,TE,DET,25.6,ACT,,27,12.492615166031774,11.702752192950639,0.0,11.702752192950639,,9.03730120334346,15,0.0,0.198,Shoulder,12.030000000000001,0.802,9.385607258746413,32.06537540497436,32.06537540497436,NYJ,77,0.11142026381030332,0.0924721692209402,Brock Wright,0.05345013886162548,59,5
00-0040730,12489,RJ Harvey,RB,DEN,25.6,ACT,Questionable,18,12.146947393574889,11.326955953074576,0.0,11.326955953074576,,8.793288323941487,15,0.38563049853372433,0.146,,12.4806715542522,0.83204477028348,9.424534463987031,31.62187350685095,31.62187350685095,LA,45,0.25914192080402754,0.1961360902897518,J.K. Dobbins,0.241914812293212,60,26
00-0038933,10236,Dalton Kincaid,TE,BUF,26.9,ACT,,26,12.289942510983105,11.571722044864423,0.0,11.571722044864423,,9.03730120334346,15,0.0,0.169,Knee,12.465,0.831,9.616101019282334,31.591555789558793,31.591555789558793,LAC,19,0.10034254954734524,0.0682847962237176,Dawson Knox,0.04142443520104396,61,6
00-0035358,6650,Chase McLaughlin,K,TB,30.4,ACT,,36,10.376648645043346,10.099374425893648,0.0,10.099374425893648,,8.056637363307253,15,0.0,0.0,,15.0,1.0,10.099374425893648,30.64105593879593,30.64105593879593,,,,,,,62,3
00-0038606,9487,Parker Washington,WR,JAX,24.4,ACT,,31,12.569617503833895,12.035000916837385,0.0,12.035000916837385,,9.610690807104382,15,0.0,0.16,,12.6,0.84,10.109400770143402,30.54630738263584,30.54630738263584,NE,23,0.19009280813526097,0.11969664057032547,Travis Hunter,0.10845546528774555,63,21
00-0037228,8228,Jaylen Warren,RB,PIT,27.8,ACT,,33,11.623994278951765,11.132026011967707,0.0,11.132026011967707,,8.793288323941487,15,0.0,0.14,Knee,12.9,0.86,9.573542370292227,30.169716175538227,30.169716175538227,CIN,81,0.2534413470067718,0.2856377356583544,Rico Dowdle,0.1622778143515471,64,27
00-0040124,12526,Tetairoa McMillan,WR,CAR,23.4,ACT,,19,12.620140330499739,11.970877834448112,0.0,11.970877834448112,,9.610690807104382,15,0.0,0.154,,12.69,0.846,10.127362647943103,29.95077337699194,29.95077337699194,CLE,32,0.1352748329587675,0.1257893155824211,Jalen Coker,0.16039448593675512,65,22
DEN,DEN,DEN D/ST,DEF,DEN,,ACT,,36,7.888737496030648,7.552641830665367,0.0,7.552641830665367,,5.572963093652347,15,0.0,0.0,,15.0,1.0,7.552641830665367,29.695181055195302,29.695181055195302,,,,,,,66,4
00-0036389,6904,Jalen Hurts,QB,PHI,28.1,ACT,,32,19.530513740905555,19.05381785787594,0.0,19.05381785787594,,16.926742034406544,15,0.0,0.081,Concussion,13.785,0.919,17.510458611387993,29.32174022652564,29.32174022652564,CHI,77,,,,,67,5
00-0039337,11632,Malik Nabers,WR,NYG,23.1,ACT,,21,13.007783735541866,12.061379601608852,0.0,12.061379601608852,,9.610690807104382,15,0.0,0.214,Shoulder,11.790000000000001,0.786,9.480244366864557,28.89362088720771,28.89362088720771,TEN,97,0.09452461247312542,0.14398513369262414,Malachi Fields,0.08690680388793597,68,23
00-0039384,11655,Tyrone Tracy Jr.,RB,NYG,26.8,ACT,,31,11.624015559869951,11.011051186268888,0.0,11.011051186268888,,8.793288323941487,15,0.0,0.135,Shoulder,12.975,0.865,9.524559276122588,28.77547313869803,28.77547313869803,TEN,29,0.28164684470441237,0.2491789408440764,Cam Skattebo,0.2560466786881881,69,28
00-0037240,8148,Jameson Williams,WR,DET,25.4,ACT,,34,12.343659023019155,11.876586195703592,0.0,11.876586195703592,,9.610690807104382,15,0.0,0.169,,12.465,0.831,9.869443128629683,28.244386018889156,28.244386018889156,NYJ,55,0.09018875096350129,0.10642052310866319,Amon-Ra St. Brown,0.2140781657194002,70,24
00-0039915,11635,Ladd McConkey,WR,LAC,24.8,ACT,Questionable,34,12.35707181482849,11.87167231712853,0.0,11.87167231712853,,9.610690807104382,15,0.38563049853372433,0.16,,12.276070381231671,0.8184046920821114,9.715832327199301,27.755968147719905,27.755968147719905,BUF,26,0.07729738152767414,0.10545539739860779,Quentin Johnston,0.1220126526430492,71,25
00-0033106,3163,Jared Goff,QB,DET,31.9,ACT,,36,19.29442090314069,18.899509715600505,0.0,18.899509715600505,,16.926742034406544,15,0.0,0.071,,13.935,0.929,17.55764452579287,27.490517637437847,27.490517637437847,NYJ,90,,,,,72,6
00-0034351,5022,Dallas Goedert,TE,PHI,31.7,ACT,,25,11.70499038095565,11.158962180719541,0.0,11.158962180719541,,9.03730120334346,15,0.0,0.145,Knee,12.825,0.855,9.540912664515208,27.210302034848237,27.210302034848237,CHI,35,0.08871727768855407,0.0971542717262859,Johnny Mundt,0.027742419374728218,73,7
00-0036854,7839,Evan McPherson,K,CIN,27.1,ACT,,31,10.07592945484637,9.825950192199445,0.0,9.825950192199445,,8.056637363307253,15,0.0,0.0,,15.0,1.0,9.825950192199445,26.539692433382875,26.539692433382875,,,,,,,74,4
00-0034796,4881,Lamar Jackson,QB,BAL,29.6,ACT,,32,19.24694189102269,18.8131216674659,0.0,18.8131216674659,,16.926742034406544,15,0.0,0.086,Hamstring,13.71,0.914,17.195193204063834,25.86226476924377,25.86226476924377,DAL,100,,,,,75,7
00-0039491,11646,Jalen Coker,WR,CAR,24.8,ACT,,23,12.324706043187211,11.749063018628565,0.0,11.749063018628565,,9.610690807104382,15,0.0,0.196,Quadricep,12.06,0.804,9.446246666977366,25.788768870981652,25.788768870981652,CLE,32,0.16039448593675512,0.08385030839221523,Tetairoa McMillan,0.1352748329587675,76,26
00-0033293,4199,Aaron Jones,RB,MIN,31.7,ACT,,31,11.301833318997225,10.825530775431778,0.0,10.825530775431778,,8.793288323941487,15,0.0,0.163,Hip,12.555,0.837,9.060969259036398,25.5148039784606,25.5148039784606,TB,35,0.41193726053639845,0.2926096479586182,Jordan Mason,0.18307259728283087,77,29
00-0036139,7021,Rico Dowdle,RB,PIT,28.2,ACT,,35,11.115703165397512,10.720650455919836,0.0,10.720650455919836,,8.793288323941487,15,0.0,0.118,,13.23,0.882,9.455613702121296,25.499001006073556,25.499001006073556,CIN,81,0.1622778143515471,0.28453521198721565,Jaylen Warren,0.2534413470067718,78,30
00-0038951,9506,Sean Tucker,RB,TB,24.9,ACT,,8,12.612956797913869,10.745167052269274,0.0,10.745167052269274,,8.793288323941487,15,0.0,0.134,,12.99,0.866,9.305314667265192,25.354904680977945,25.354904680977945,MIN,6,0.06293129539951574,0.11440251899223423,Bucky Irving,0.3389830508474576,79,31
00-0039576,12185,Spencer Shrader,K,IND,27.3,ACT,,11,10.242591886969752,9.742932968225075,0.0,9.742932968225075,,8.056637363307253,15,0.0,0.0,,15.0,1.0,9.742932968225075,25.294434073767327,25.294434073767327,,,,,,,80,5
00-0034383,5001,Dalton Schultz,TE,HOU,30.1,ACT,,36,11.246650244052022,10.877149753475399,0.0,10.877149753475399,,9.03730120334346,15,0.0,0.101,,13.485,0.8989999999999999,9.778557628374383,24.810357698529184,24.810357698529184,IND,84,0.09898811855333595,0.09433380784263372,Cade Stover,0.04140463250517598,81,8
00-0034348,5045,Courtland Sutton,WR,DEN,30.9,ACT,,35,11.865793840711614,11.48187376798088,0.0,11.48187376798088,,9.610690807104382,15,0.0,0.128,,13.08,0.872,10.012193925679329,24.47507312826461,24.47507312826461,LA,65,0.10183442800562373,0.11466172528927147,Jaylen Waddle,0.10822322988470896,82,27
00-0040899,,Trey Smack,K,GB,23.1,ACT,,2,10.449040355246183,9.67857144641921,0.0,9.67857144641921,,8.056637363307253,15,0.0,0.0,,15.0,1.0,9.67857144641921,24.329011246679364,24.329011246679364,,,,,,,83,6
00-0031492,2747,Jason Myers,K,SEA,35.3,ACT,,36,9.795456587695682,9.608709987259187,0.0,9.608709987259187,,8.056637363307253,15,0.0,0.0,,15.0,1.0,9.608709987259187,23.281089359279015,23.281089359279015,,,,,,,84,7
00-0036613,7526,Jaylen Waddle,WR,DEN,27.8,ACT,,33,11.651516230251797,11.283519389723384,0.0,11.283519389723384,,9.610690807104382,15,0.0,0.132,,13.02,0.868,9.794094830279898,21.780228145699414,21.780228145699414,LA,65,0.10822322988470896,0.11825892792950204,Courtland Sutton,0.10183442800562373,85,28
00-0041496,13345,Jonah Coleman,RB,DEN,23.0,ACT,,1,14.8,10.509551275302433,0.0,10.509551275302433,,8.793288323941487,15,0.0,0.178,,12.330000000000002,0.8220000000000002,8.638851148298603,21.16152219028047,21.16152219028047,LA,45,0.22033898305084745,,RJ Harvey,0.25914192080402754,86,32
00-0033077,3294,Dak Prescott,QB,DAL,33.1,ACT,,27,18.874269917503344,18.496935205776996,0.0,18.496935205776996,,16.926742034406544,15,0.0,0.114,Hamstring,13.290000000000001,0.886,16.388284592318417,20.867867247513306,20.867867247513306,BAL,65,,,,,87,8
00-0035676,5859,A.J. Brown,WR,NE,29.2,RES,,29,14.661756570647361,13.605459241432179,0.0,13.605459241432179,,9.610690807104382,15,8.804610318331504,0.16,Hamstring,5.204127332601537,0.34694182217343583,4.720302820728892,20.78928359649914,20.78928359649914,JAX,42,0.12016675524847197,0.13902509236798302,Romeo Doubs,0.08943096532091097,88,29
00-0035659,5927,Terry McLaurin,WR,WAS,31.0,ACT,,29,11.62685475225606,11.217930470992574,0.0,11.217930470992574,,9.610690807104382,15,0.0,0.162,Quadricep,12.57,0.838,9.400625734691776,20.203002575074578,20.203002575074578,SEA,0,0.10947841544856471,0.10599035514843277,Stefon Diggs,0.09419777957317406,89,30
00-0040128,12518,Tyler Warren,TE,IND,24.3,ACT,,19,11.06918499096434,10.632860522780227,0.0,10.632860522780227,,9.03730120334346,15,0.0,0.168,,12.479999999999999,0.832,8.84653995495315,19.912580306570845,19.912580306570845,HOU,52,0.11158677307400948,0.11866853788183042,Mo Alie-Cox,0.047017046826845973,90,9
00-0036893,7528,Najee Harris,RB,NYG,28.5,ACT,,18,11.510038272681179,10.389103728989049,0.0,10.389103728989049,,8.793288323941487,15,0.0,0.186,,12.21,0.8140000000000001,8.456730435397086,19.48490609563073,19.48490609563073,TEN,29,0.09451231212024305,0.10085918345592154,Tyrone Tracy Jr.,0.28164684470441237,91,33
00-0036442,6770,Joe Burrow,QB,CIN,29.7,ACT,Questionable,27,18.823900050456256,18.417684553872597,0.0,18.417684553872597,,16.926742034406544,15,0.38563049853372433,0.115,Toe,12.933717008797656,0.8622478005865104,15.880607998472792,19.283428623157718,19.283428623157718,PIT,55,,,,,92,9
00-0040784,12512,Quinshon Judkins,RB,CLE,22.8,ACT,,16,10.838803542279758,10.342997766631665,0.0,10.342997766631665,,8.793288323941487,15,0.0,0.173,,12.405,0.827,8.553659153004388,19.224145636571656,19.224145636571656,CAR,94,0.295542555520085,0.3305896408072817,Dylan Sampson,0.19337076474496198,93,34
00-0033303,4227,Harrison Butker,K,KC,31.1,ACT,,32,9.450847701710314,9.310103555229546,0.0,9.310103555229546,,8.056637363307253,15,0.0,0.0,,15.0,1.0,9.310103555229546,18.80199287883439,18.80199287883439,,,,,,,94,8
00-0039893,11631,Brian Thomas Jr.,WR,JAX,23.9,ACT,,33,11.388824169107357,11.064091506010554,0.0,11.064091506010554,,9.610690807104382,15,0.0,0.151,Ankle,12.735,0.849,9.39341368860296,18.509057900570102,18.509057900570102,NE,23,0.08312760352854692,0.1027045304185778,Parker Washington,0.19009280813526097,95,31
00-0039409,11786,Cam Little,K,JAX,23.0,ACT,,36,9.415096868395626,9.287204657571456,0.0,9.287204657571456,,8.056637363307253,15,0.0,0.0,,15.0,1.0,9.287204657571456,18.458509413963043,18.458509413963043,,,,,,,96,9
00-0035261,5967,Tony Pollard,RB,TEN,29.3,ACT,,35,10.439765571424719,10.159801166164037,0.0,10.159801166164037,,8.793288323941487,15,0.0,0.118,,13.23,0.882,8.96094462855668,18.078964902604334,18.078964902604334,NYG,90,0.28070383671863397,0.2997720684691012,Tyjae Spears,0.16145053339061377,97,35
CAR,CAR,CAR D/ST,DEF,CAR,,ACT,,36,6.965535413759531,6.77335912619141,0.0,6.77335912619141,,5.572963093652347,15,0.0,0.0,,15.0,1.0,6.77335912619141,18.00594048808595,18.00594048808595,,,,,,,98,5
00-0039404,11792,Will Reichard,K,MIN,25.6,ACT,,32,9.370494226963412,9.243686537419748,0.0,9.243686537419748,,8.056637363307253,15,0.0,0.0,,15.0,1.0,9.243686537419748,17.805737611687427,17.805737611687427,,,,,,,99,10
00-0026498,421,Matthew Stafford,QB,LA,38.6,ACT,,35,18.445909158477956,18.187840660456303,0.0,18.187840660456303,,16.926742034406544,15,0.0,0.071,,13.935,0.929,16.896503973563906,17.57340935400338,17.57340935400338,DEN,29,,,,,100,10
00-0040663,12506,Harold Fannin Jr.,TE,CLE,22.1,ACT,,18,10.899672580644065,10.481032730850917,0.0,10.481032730850917,,9.03730120334346,15,0.0,0.194,Groin,12.09,0.8059999999999999,8.447712381065838,17.454714167565143,17.454714167565143,CAR,45,0.08445253259473798,0.12328335741279543,Blake Whiteheart,0.02575889638799811,101,10
00-0038559,10232,Michael Wilson,WR,ARI,26.5,ACT,,35,11.225543259592367,10.950532461570745,0.0,10.950532461570745,,9.610690807104382,15,0.0,0.132,,13.02,0.868,9.505062176643406,17.444738341152053,17.444738341152053,SF,52,0.15608996770219424,0.12287036847609789,Kendrick Bourne,0.059866626816602535,102,32
00-0034960,5947,Jakobi Meyers,WR,JAX,29.8,ACT,,33,11.225003015799361,10.942145785223943,0.0,10.942145785223943,,9.610690807104382,15,0.0,0.14,,12.9,0.86,9.410245375292591,17.175769217742342,17.175769217742342,NE,23,0.06400698358245528,0.11836189668191967,Parker Washington,0.19009280813526097,103,33
LA,LAR,LA D/ST,DEF,LA,,ACT,,36,6.890654138151454,6.711720329186896,0.0,6.711720329186896,,5.572963093652347,15,0.0,0.0,,15.0,1.0,6.711720329186896,17.08135853301824,17.08135853301824,,,,,,,104,6
00-0036971,7523,Trevor Lawrence,QB,JAX,26.9,ACT,,29,18.479484964044484,18.188064674756866,0.0,18.188064674756866,,16.926742034406544,15,0.0,0.108,Left Shoulder,13.38,0.892,16.223753689883125,16.87649692788731,16.87649692788731,NE,6,,,,,105,11
00-0035640,5846,DK Metcalf,WR,PIT,28.7,ACT,,32,11.221780901984783,10.924558213359218,0.0,10.924558213359218,,9.610690807104382,15,0.0,0.155,Knee,12.674999999999999,0.845,9.231251690288538,16.653269374280047,16.653269374280047,CIN,3,0.13316356319202619,0.12141262716514117,Germie Bernard,0.12698412698412698,106,34
00-0036259,7049,Jauan Jennings,WR,MIN,29.1,ACT,Out,31,11.341659791330558,10.995115293850644,0.0,10.995115293850644,,9.610690807104382,15,0.9995127892813642,0.16,Ankle,11.760409257003653,0.7840272838002436,8.620470378908237,16.281398549553273,16.281398549553273,TB,45,0.0774815021638978,0.09839985762936285,Justin Jefferson,0.14683929113156033,107,35
00-0040743,12545,Tyler Shough,QB,NO,26.9,ACT,,12,18.54070823131813,18.113609459972757,0.0,18.113609459972757,,16.926742034406544,15,0.0,0.086,,13.71,0.914,16.5558390464151,16.271952404512778,16.271952404512778,LV,42,,,,,108,12
00-0038117,8126,Wan'Dale Robinson,WR,TEN,25.7,ACT,,35,11.148366173849203,10.879360765498449,0.0,10.879360765498449,,9.610690807104382,15,0.0,0.164,Rib,12.54,0.836,9.095145599956703,15.909121278261603,15.909121278261603,NYG,74,0.13578546006743297,0.14635424351696974,Carnell Tate,0.11623779946761313,109,36
JAX,JAX,JAX D/ST,DEF,JAX,,ACT,,36,6.783853104500151,6.620996817637027,0.0,6.620996817637027,,5.572963093652347,15,0.0,0.0,,15.0,1.0,6.620996817637027,15.720505859770206,15.720505859770206,,,,,,,110,7
00-0031610,2505,Darren Waller,TE,CAR,34.0,ACT,,11,10.733437528334036,10.24273006768682,0.0,10.24273006768682,,9.03730120334346,15,0.0,0.153,Hip,12.705,0.847,8.675592367330736,15.314973721482376,15.314973721482376,CLE,29,0.057239168877099914,0.08397038707800665,Tommy Tremble,0.06195896044736025,111,11
00-0035719,5872,Deebo Samuel Sr.,WR,SF,30.6,ACT,,32,11.000472261791112,10.751651170524449,0.0,10.751651170524449,,9.610690807104382,15,0.0,0.143,Heel,12.855,0.857,9.214165053139451,14.667045471764963,14.667045471764963,ARI,68,0.1229995203209489,0.13074820812790364,Christian Kirk,0.08542720647164896,112,37
00-0036040,7002,Juwan Johnson,TE,NO,30.0,ACT,,34,10.364829056624572,10.137620485978113,0.0,10.137620485978113,,9.03730120334346,15,0.0,0.115,,13.275,0.885,8.97179413009063,14.60673847697501,14.60673847697501,LV,13,0.07849018417324428,0.0978903471714369,Noah Fant,0.041209643876163826,113,12
00-0040236,12534,Kyle Monangai,RB,CHI,24.2,ACT,,18,10.207861553841292,9.899157608285673,0.0,9.899157608285673,,8.793288323941487,15,0.0,0.146,,12.81,0.854,8.453880597475965,14.16618553244902,14.16618553244902,PHI,52,0.17822553884215392,0.1781980005603503,D'Andre Swift,0.257382476293725,114,36
00-0034827,4983,DJ Moore,WR,BUF,29.4,ACT,,36,10.885497240987592,10.673280725368466,0.0,10.673280725368466,,9.610690807104382,15,0.0,0.14,,12.9,0.86,9.17902142381688,13.707409945606688,13.707409945606688,LAC,61,0.09782491053504408,0.0954987622306728,Khalil Shakir,0.131568387570345,115,38
HOU,HOU,HOU D/ST,DEF,HOU,,ACT,,36,6.621612452219208,6.484035955047122,0.0,6.484035955047122,,5.572963093652347,15,0.0,0.0,,15.0,1.0,6.484035955047122,13.666092920921624,13.666092920921624,,,,,,,116,8
00-0039165,9753,Zach Charbonnet,RB,SEA,25.6,RES,,33,11.598002288633298,11.027621739830872,0.0,11.027621739830872,,8.793288323941487,15,8.449197860962567,0.149,,5.574732620320855,0.3716488413547237,4.098402842506306,12.455811378231475,12.455811378231475,WAS,71,0.240219055897022,0.21415196523579313,Jadarian Price,0.24407114624505927,117,37
CIN,CIN,CIN D/ST,DEF,CIN,,ACT,,36,6.524955293714344,6.4020491248729865,0.0,6.4020491248729865,,5.572963093652347,15,0.0,0.0,,15.0,1.0,6.4020491248729865,12.436290468309593,12.436290468309593,,,,,,,118,9
00-0037157,8122,Bam Knight,RB,ARI,25.4,ACT,,8,10.522371069669568,9.76982336841891,0.0,9.76982336841891,,8.793288323941487,15,0.0,0.162,,12.57,0.838,8.187111982735047,12.275045509081204,12.275045509081204,SF,74,0.1305659884237746,0.1762475156894149,James Conner,0.2491275469998874,119,38
PHI,PHI,PHI D/ST,DEF,PHI,,ACT,,36,6.502810173815179,6.38384825606228,0.0,6.38384825606228,,5.572963093652347,15,0.0,0.0,,15.0,1.0,6.38384825606228,12.163277436149,12.163277436149,,,,,,,120,10
00-0039910,11566,Jayden Daniels,QB,WAS,25.7,ACT,,25,18.10964151667913,17.824065467750106,0.0,17.824065467750106,,16.926742034406544,15,0.0,0.12,Elbow,13.2,0.88,15.685177611620093,11.844669320135019,11.844669320135019,SEA,3,,,,,121,13
00-0039363,11651,Isaac Guerendo,RB,SF,26.2,RES,,6,15.066521029832519,10.907809817970872,0.0,10.907809817970872,,8.793288323941487,15,8.449197860962567,0.15,Foot,5.568181818181818,0.3712121212121212,4.049111220307369,11.774040137209072,11.774040137209072,ARI,84,,,Christian McCaffrey,0.31589412647999304,122,39
00-0036252,6819,Michael Pittman,WR,PIT,28.9,ACT,Questionable,34,10.761160114987682,10.544579034303492,0.0,10.544579034303492,,9.610690807104382,15,0.38563049853372433,0.145,Back,12.495285923753666,0.8330190615835777,8.783835331949364,11.669200419680314,11.669200419680314,CIN,3,0.06444216203421925,0.11317460627188437,DK Metcalf,0.13316356319202619,123,39
00-0040074,12711,Tyler Loop,K,BAL,25.1,ACT,,19,8.89243680956355,8.833935129085729,0.0,8.833935129085729,,8.056637363307253,15,0.0,0.0,,15.0,1.0,8.833935129085729,11.659466486677141,11.659466486677141,,,,,,,124,11
CHI,CHI,CHI D/ST,DEF,CHI,,ACT,,36,6.453784190668199,6.342720854325943,0.0,6.342720854325943,,5.572963093652347,15,0.0,0.0,,15.0,1.0,6.342720854325943,11.546366410103946,11.546366410103946,,,,,,,125,11
00-0038041,8110,Jake Ferguson,TE,DAL,27.6,ACT,,32,10.147002918447011,9.951384373392456,0.0,9.951384373392456,,9.03730120334346,15,0.0,0.159,Concussion,12.615,0.841,8.369114258023055,11.531159190168074,11.531159190168074,BAL,10,0.044278252611585946,0.09438797411852973,Brevyn Spann-Ford,0.03340845629402843,126,13
NE,NE,NE D/ST,DEF,NE,,ACT,,36,6.451768562996621,6.339628780696076,0.0,6.339628780696076,,5.572963093652347,15,0.0,0.0,,15.0,1.0,6.339628780696076,11.499985305655937,11.499985305655937,,,,,,,127,12
00-0036919,7567,Kenny Gainwell,RB,TB,27.5,ACT,,30,9.861065547127515,9.669177027706027,0.0,9.669177027706027,,8.793288323941487,15,0.0,0.131,,13.035,0.869,8.402514837076538,11.417209253570777,11.417209253570777,MIN,6,0.16366181115375433,0.20749285405851692,Bucky Irving,0.3389830508474576,128,40
00-0036158,6806,J.K. Dobbins,RB,DEN,27.7,ACT,,25,9.994156468590166,9.71045713373541,0.0,9.71045713373541,,8.793288323941487,15,0.0,0.184,Knee,12.24,0.8160000000000001,7.923733021128095,11.226146231877616,11.226146231877616,LA,45,0.241914812293212,0.2738298050219238,RJ Harvey,0.25914192080402754,129,41
00-0039918,11560,Caleb Williams,QB,CHI,24.8,ACT,,36,17.893682616533095,17.73271640574566,0.0,17.73271640574566,,16.926742034406544,15,0.0,0.072,,13.92,0.928,16.45596082453197,11.21916324904048,11.21916324904048,PHI,39,,,,,130,14
LV,LV,LV D/ST,DEF,LV,,ACT,,36,6.420625813900389,6.314260706044303,0.0,6.314260706044303,,5.572963093652347,15,0.0,0.0,,15.0,1.0,6.314260706044303,11.119464185879341,11.119464185879341,,,,,,,131,13
00-0038996,9484,Tucker Kraft,TE,GB,25.8,ACT,,27,10.158895607559593,9.897911559157214,0.0,9.897911559157214,,9.03730120334346,15,0.0,0.198,,12.030000000000001,0.802,7.9381250704440856,10.35314258043945,10.35314258043945,ATL,65,0.08757803052586854,0.09676480620487125,Jonnu Smith,0.06466899688730675,132,14
00-0033885,4033,David Njoku,TE,LAC,30.1,ACT,,22,10.157015287831802,9.846375659444346,0.0,9.846375659444346,,9.03730120334346,15,0.0,0.15,Knee,12.75,0.85,8.369419310527695,10.315699315286293,10.315699315286293,BUF,6,0.05155771896252386,0.07083496644839872,Oronde Gadsden II,0.040734494026387215,133,15
00-0037256,8136,Rachaad White,RB,WAS,27.6,ACT,,34,9.720864969345147,9.560958243516396,0.0,9.560958243516396,,8.793288323941487,15,0.0,0.131,,13.035,0.869,8.308472713615748,10.00657740165893,10.00657740165893,SEA,3,0.13442128844414292,0.1737829890381119,Jacory Croskey-Merritt,0.23500152418062864,134,42
00-0037664,8142,Alec Pierce,WR,IND,26.3,ACT,,33,10.546518162573634,10.379272996151501,0.0,10.379272996151501,,9.610690807104382,15,0.0,0.146,Concussion,12.81,0.854,8.863899138713382,9.845537841693602,9.845537841693602,HOU,39,0.08474270211229146,0.09450460950796527,Keenan Allen,0.13698888360375597,135,40
00-0031136,1945,Chris Boswell,K,PIT,35.5,ACT,,36,8.725712119550948,8.704918499672758,0.0,8.704918499672758,,8.056637363307253,15,0.0,0.0,,15.0,1.0,8.704918499672758,9.724217045482568,9.724217045482568,,,,,,,136,12
00-0033921,4037,Chris Godwin Jr.,WR,TB,30.5,ACT,,18,10.70464432603824,10.430845946565444,0.0,10.430845946565444,,9.610690807104382,15,0.0,0.215,Fibula,11.775,0.785,8.188214068053874,9.657326767154016,9.657326767154016,MIN,13,0.08023040254237288,0.09244141515239881,Ted Hurst III,0.0905720338983051,137,41
00-0036162,7042,Tyler Bass,K,BUF,29.5,ACT,,19,8.718190767163065,8.68396484842627,0.0,8.68396484842627,,8.056637363307253,15,0.0,0.0,,15.0,1.0,8.68396484842627,9.409912276785244,9.409912276785244,,,,,,,138,13
00-0039172,11539,Jake Bates,K,DET,27.5,ACT,,36,8.651721179739264,8.642357578368989,0.0,8.642357578368989,,8.056637363307253,15,0.0,0.0,,15.0,1.0,8.642357578368989,8.785803225926037,8.785803225926037,,,,,,,139,14
00-0040129,12514,Emeka Egbuka,WR,TB,23.9,ACT,,19,10.475815680909546,10.290557774463549,0.0,10.290557774463549,,9.610690807104382,15,0.0,0.154,,12.69,0.846,8.705811877196162,8.627511815787836,8.627511815787836,MIN,13,0.08922581214689265,0.12477044279559335,Ted Hurst III,0.0905720338983051,140,42
00-0038555,9225,Tank Bigsby,RB,PHI,24.0,ACT,,19,9.693172364820953,9.410266889881335,0.0,9.410266889881335,,8.793288323941487,15,0.0,0.139,Ankle,12.915,0.861,8.102239792187829,7.968278179113129,7.968278179113129,CHI,42,0.1454662314342948,0.09790892811101669,Saquon Barkley,0.30903782828224474,141,43
00-0038544,9754,Quentin Johnston,WR,LAC,25.0,ACT,,30,10.273515481779397,10.144341031548317,0.0,10.144341031548317,,9.610690807104382,15,0.0,0.16,,12.6,0.84,8.521246466500585,6.723992827993583,6.723992827993583,BUF,26,0.1220126526430492,0.11166378026012223,Tre Harris,0.08118973087992915,142,43
00-0040200,12713,Andy Borregales,K,NE,23.7,ACT,,19,8.471300562145768,8.494800470448906,0.0,8.494800470448906,,8.056637363307253,15,0.0,0.0,,15.0,1.0,8.494800470448906,6.572446607124798,6.572446607124798,,,,,,,143,15
00-0032104,2359,Ameer Abdullah,RB,JAX,33.2,ACT,,14,9.620979310753768,9.268266977513408,0.0,9.268266977513408,,8.793288323941487,15,0.0,0.147,Foot,12.795,0.853,7.905831731818936,6.07735187245272,6.07735187245272,NE,16,0.05821694029241199,0.044880694695106194,Chris Rodriguez Jr.,0.20466758458672205,144,44
00-0041027,13287,Jeremiyah Love,RB,ARI,21.3,ACT,,2,9.737352679127842,9.25173900005233,0.0,9.25173900005233,,8.793288323941487,15,0.0,0.178,,12.330000000000002,0.8220000000000002,7.604929458043017,5.652696836446694,5.652696836446694,SF,74,0.23896713615023474,,James Conner,0.2491275469998874,145,45
00-0039150,9228,Bryce Young,QB,CAR,25.1,ACT,,30,17.40992825072987,17.32171056589558,0.0,17.32171056589558,,16.926742034406544,15,0.0,0.072,,13.92,0.928,16.074547405151097,5.497961958327361,5.497961958327361,CLE,26,,,,,146,15
00-0035269,6083,Matt Gay,K,LV,32.5,ACT,,30,8.373599108261967,8.414191929649883,0.0,8.414191929649883,,8.056637363307253,15,0.0,0.0,,15.0,1.0,8.414191929649883,5.363318495139451,5.363318495139451,,,,,,,147,16
00-0037261,8134,Khalil Shakir,WR,BUF,26.6,ACT,,33,10.110289057247778,10.020928290830664,0.0,10.020928290830664,,9.610690807104382,15,0.0,0.137,Ankle,12.945,0.863,8.648061114986863,5.310524226836728,5.310524226836728,LAC,61,0.131568387570345,0.10616083306362203,DJ Moore,0.09782491053504408,148,44
00-0037112,8698,Jake Tonges,TE,SF,27.2,RES,,8,10.868057974456791,10.01769745745634,0.0,10.01769745745634,,9.03730120334346,15,8.804610318331504,0.159,,5.210322722283205,0.3473548481522137,3.479695779169564,5.108180879645673,5.108180879645673,ARI,90,0.08029436094690584,0.07662631769365728,George Kittle,0.0935831379616624,149,16
00-0038997,9500,Josh Downs,WR,IND,25.1,ACT,,32,10.074727310840917,9.99204598569194,0.0,9.99204598569194,,9.610690807104382,15,0.0,0.174,Concussion,12.39,0.8260000000000001,8.253429984181542,4.724990662699846,4.724990662699846,HOU,39,0.09874830435318782,0.09744970323645322,Keenan Allen,0.13698888360375597,150,45
00-0034173,5189,Eddy Pineiro,K,SF,31.0,ACT,,33,8.303499426488631,8.3519320244431,0.0,8.3519320244431,,8.056637363307253,15,0.0,0.0,,15.0,1.0,8.3519320244431,4.4294199170377,4.4294199170377,,,,,,,151,17
00-0039855,11618,Jalen McMillan,WR,TB,24.7,ACT,Questionable,16,10.208797724964032,9.995005596818956,0.0,9.995005596818956,,9.610690807104382,15,0.38563049853372433,0.227,Hamstring,11.296907624633432,0.7531271749755621,7.5275103289971925,4.34156867818597,4.34156867818597,MIN,13,0.06728397397094431,0.06728397397094431,Ted Hurst III,0.0905720338983051,152,46
00-0033090,3214,Hunter Henry,TE,NE,31.7,ACT,,35,9.406785898384465,9.343309188152341,0.0,9.343309188152341,,9.03730120334346,15,0.0,0.101,,13.485,0.8989999999999999,8.399634960148955,4.126517675147758,4.126517675147758,JAX,61,0.06992241768546818,0.08067939134621231,Julian Hill,0.030524475524475524,153,17
00-0039875,11575,Ray Davis,RB,BUF,26.8,ACT,,14,9.276771096600143,9.075238147594899,0.0,9.075238147594899,,8.793288323941487,15,0.0,0.131,,13.035,0.869,7.886381950259967,3.675215951322216,3.675215951322216,LAC,0,0.09888071895424837,0.0798717733003377,James Cook,0.33832273060924883,154,46
BAL,BAL,BAL D/ST,DEF,BAL,,ACT,,36,5.814576938800468,5.8021788485889525,0.0,5.8021788485889525,,5.572963093652347,15,0.0,0.0,,15.0,1.0,5.8021788485889525,3.4382363240490843,3.4382363240490843,,,,,,,155,14
00-0033869,3976,Mitchell Trubisky,QB,TEN,32.0,ACT,,3,17.761322157619905,17.17109989118255,0.0,17.17109989118255,,16.926742034406544,15,0.0,0.071,,13.935,0.929,15.95195179890859,3.4051267341736384,3.4051267341736384,NYG,68,,,,,156,16
00-0039424,11834,Devaughn Vele,WR,NO,28.7,ACT,,24,9.956143800175592,9.877641748998174,0.0,9.877641748998174,,9.610690807104382,15,0.0,0.16,Shoulder,12.6,0.84,8.297219069158466,3.3635818678617886,3.3635818678617886,LV,35,0.10636683287192049,0.06864174524279729,Chris Olave,0.18944039668083384,157,47
00-0038567,10955,Chad Ryland,K,ARI,26.9,ACT,,32,8.200004176656972,8.262904784966196,0.0,8.262904784966196,,8.056637363307253,15,0.0,0.0,,15.0,1.0,8.262904784966196,3.0940113248841428,3.0940113248841428,,,,,,,158,18
00-0034837,4981,Calvin Ridley,WR,TEN,31.7,ACT,,23,9.96871020026723,9.860891037049733,0.0,9.860891037049733,,9.610690807104382,15,0.0,0.177,Hamstring,12.344999999999999,0.823,8.11551332349193,3.08872183867536,3.08872183867536,NYG,74,0.059233232076897846,0.09200181995659132,Wan'Dale Robinson,0.13578546006743297,159,48
00-0039373,11579,Audric Estimé,RB,NO,23.0,RES,,10,9.767288841929131,9.35969944770561,0.0,9.35969944770561,,8.793288323941487,15,8.449197860962567,0.191,Thigh,5.299598930481283,0.35330659536541886,3.3068435455124603,3.0017517857130476,3.0017517857130476,LV,58,0.23741944601469755,0.20147401835021958,Devin Neal,0.24396642563860327,160,47
BUF,BUF,BUF D/ST,DEF,BUF,,ACT,,36,5.777496538977003,5.77086276445271,0.0,5.77086276445271,,5.572963093652347,15,0.0,0.0,,15.0,1.0,5.77086276445271,2.9684950620054495,2.9684950620054495,,,,,,,161,15
00-0037120,8207,Tyler Goodson,RB,DAL,25.8,ACT,,3,10.132498871087328,9.012206124598094,0.0,9.012206124598094,,8.793288323941487,15,0.0,0.149,Groin,12.765,0.8510000000000001,7.669387412032979,2.794485725381589,2.794485725381589,BAL,55,0.028338831206287402,0.030060859847269163,Javonte Williams,0.259495596995597,162,48
00-0038977,9502,Tank Dell,WR,HOU,26.8,RES,,14,10.256845486653992,9.93754557402925,0.0,9.93754557402925,,9.610690807104382,15,4.0,0.243,Chest,8.327,0.5551333333333334,5.516662799662772,2.7217196441833873,2.7217196441833873,IND,100,,,Nico Collins,0.12007777022319592,163,49
00-0036970,7553,Kyle Pitts,TE,ATL,25.9,ACT,,36,9.281569073419629,9.240801833040669,0.0,9.240801833040669,,9.03730120334346,15,0.0,0.155,,12.674999999999999,0.845,7.808477548919365,2.5793704814121132,2.5793704814121132,GB,16,0.0700603587388282,0.11582970643377065,Austin Hooper,0.04486923450958599,164,18
NO,NO,NO D/ST,DEF,NO,,ACT,,36,5.74555307858269,5.743866813454196,0.0,5.743866813454196,,5.572963093652347,15,0.0,0.0,,15.0,1.0,5.743866813454196,2.563555797027739,2.563555797027739,,,,,,,165,16
00-0039851,11564,Drake Maye,QB,NE,24.0,ACT,,31,17.115524513005496,17.081752385493353,0.0,17.081752385493353,,16.926742034406544,15,0.0,0.072,,13.92,0.928,15.851866213737832,2.1577440871283726,2.1577440871283726,JAX,23,,,,,166,17
00-0037525,8408,Jordan Mason,RB,MIN,27.3,RES,,23,9.28492778160964,9.163622868948,0.0,9.163622868948,,8.793288323941487,15,8.804610318331504,0.169,Ankle,5.1483688254665205,0.3432245883644347,3.1451806871215973,1.9066188265048571,1.9066188265048571,TB,35,0.18307259728283087,0.20572729286084038,Aaron Jones,0.41193726053639845,167,49
00-0040242,12533,Jacory Croskey-Merritt,RB,WAS,25.4,ACT,,17,8.981629788609368,8.93764075195853,0.0,8.93764075195853,,8.793288323941487,15,0.0,0.146,,12.81,0.854,7.6327452021725835,1.8491546028983061,1.8491546028983061,SEA,3,0.23500152418062864,0.20309048947106256,Rachaad White,0.13442128844414292,168,50
00-0041040,13301,Antonio Williams,WR,WAS,22.1,ACT,,2,9.874705358255685,9.738899915745629,0.0,9.738899915745629,,9.610690807104382,15,0.0,0.17,,12.45,0.83,8.083286930068871,1.5962034025835266,1.5962034025835266,SEA,0,0.052691090004522836,,Terry McLaurin,0.10947841544856471,169,50
00-0041100,13394,Josh Cameron,WR,JAX,23.5,ACT,,1,10.0,9.718714821687907,0.0,9.718714821687907,,9.610690807104382,15,0.0,0.17,,12.45,0.83,8.066533302000963,1.3448989815648966,1.3448989815648966,NE,23,0.03636363636363636,,Parker Washington,0.19009280813526097,170,51
00-0035645,6699,Gunner Olszewski,WR,NYG,29.8,RES,,2,10.571129746159677,9.87559369742309,0.0,9.87559369742309,,9.610690807104382,15,8.449197860962567,0.232,Groin,5.031016042780749,0.33540106951871657,3.3122846882480013,1.3327306909724128,1.3327306909724128,TEN,97,0.046289502846879896,0.04073530598120763,Malik Nabers,0.09452461247312542,171,52
00-0037224,8259,Cameron Dicker,K,LAC,26.3,ACT,,36,8.056637363307253,8.139688348713229,0.0,8.139688348713229,,8.056637363307253,15,0.0,0.0,,15.0,1.0,8.139688348713229,1.2457647810896333,1.2457647810896333,,,,,,,172,19
00-0038563,10213,Tre Tucker,WR,LV,25.5,ACT,,36,9.72760253531798,9.708056453503158,0.0,9.708056453503158,,9.610690807104382,15,0.0,0.16,,12.6,0.84,8.154767420942653,1.22680714462458,1.22680714462458,NO,29,0.11527020072053526,0.11741963869163001,Jalen Nailor,0.04936634327603563,173,53
00-0038905,11058,Blake Grupe,K,NYJ,27.8,ACT,,33,8.0048769880917,8.126240216150093,0.0,8.126240216150093,,8.056637363307253,15,0.0,0.0,,15.0,1.0,8.126240216150093,1.0440427926425944,1.0440427926425944,,,,,,,174,20
ATL,ATL,ATL D/ST,DEF,ATL,,ACT,,36,5.621968338450304,5.6394252027340155,0.0,5.6394252027340155,,5.572963093652347,15,0.0,0.0,,15.0,1.0,5.6394252027340155,0.9969316362250291,0.9969316362250291,,,,,,,175,17
00-0032569,3678,Wil Lutz,K,DEN,32.2,ACT,,36,8.009365752657267,8.100151697957504,0.0,8.100151697957504,,8.056637363307253,15,0.0,0.0,,15.0,1.0,8.100151697957504,0.6527150197537601,0.6527150197537601,,,,,,,176,21
00-0039921,11589,Trey Benson,RB,ARI,24.1,RES,,7,8.97327652405676,8.86590641551315,0.0,8.86590641551315,,8.793288323941487,15,4.0,0.221,Knee,8.569,0.5712666666666667,5.064796804968813,0.6222644266775764,0.6222644266775764,SF,74,0.1996409501682796,0.1996409501682796,James Conner,0.2491275469998874,177,51
00-0040719,12490,Bhayshul Tuten,RB,JAX,24.5,ACT,,12,8.857169233753595,8.83896843712278,0.0,8.83896843712278,,8.793288323941487,15,0.0,0.151,Finger,12.735,0.849,7.5042842031172405,0.5817362413637628,0.5817362413637628,NE,16,0.18467134280813524,0.10249310373650332,Chris Rodriguez Jr.,0.20466758458672205,178,52
LAC,LAC,LAC D/ST,DEF,LAC,,ACT,,36,5.572963093652347,5.598094086428676,0.0,5.598094086428676,,5.572963093652347,15,0.0,0.0,,15.0,1.0,5.598094086428676,0.37696489164494196,0.37696489164494196,,,,,,,179,18
00-0030279,1479,Keenan Allen,WR,IND,34.3,ACT,,34,9.63017098073375,9.626841711414594,0.0,9.626841711414594,,9.610690807104382,15,0.0,0.133,Heel,13.004999999999999,0.8669999999999999,8.346471763796451,0.21004251055430906,0.21004251055430906,HOU,39,0.13698888360375597,0.11934714381662327,Josh Downs,0.09874830435318782,180,54
00-0040162,12469,Dylan Sampson,RB,CLE,22.0,RES,,8,8.851886152357277,8.826708095820104,0.0,8.826708095820104,,8.793288323941487,15,8.804610318331504,0.183,Hand,5.061633369923161,0.33744222466154405,2.978504016291597,0.16915863255602465,0.16915863255602465,CAR,94,0.19337076474496198,0.12574361552779892,Quinshon Judkins,0.295542555520085,181,53
00-0040206,12470,Riley Leonard,QB,IND,24.0,ACT,,2,16.950403657037832,16.933612147809185,0.0,16.933612147809185,,16.926742034406544,15,0.0,0.09,,13.65,0.91,15.409587054506359,0.0937770479460525,0.0937770479460525,HOU,52,,,,,182,18
00-0041013,13337,Emmett Johnson,RB,KC,22.9,ACT,,1,8.8,8.795150653949758,0.0,8.795150653949758,,8.793288323941487,15,0.0,0.178,,12.330000000000002,0.8220000000000002,7.229613837546703,0.0229625290019755,0.0229625290019755,MIA,97,0.10323886639676114,,Kenneth Walker III,0.4268367879997761,183,54
00-0040583,12474,Woody Marks,RB,HOU,25.7,ACT,,17,8.793288323941487,8.79328832394149,0.0,8.79328832394149,,8.793288323941487,15,0.0,0.146,,12.81,0.854,7.509468228646032,2.275513111271721e-14,2.275513111271721e-14,IND,65,0.2239708652752131,0.23489244888726912,David Montgomery,0.19262603744917672,184,55
00-0041069,13477,Colbie Young,WR,CIN,24.1,ACT,,0,,9.610690807104382,0.0,9.610690807104382,,9.610690807104382,15,0.0,0.191,,12.135,0.8089999999999999,7.775048862947444,0.0,0.0,PIT,58,0.018518518518518517,,Ja'Marr Chase,0.1285483397698016,185,55
00-0041132,13333,Deion Burks,WR,IND,23.6,ACT,,0,,9.610690807104382,0.0,9.610690807104382,,9.610690807104382,15,0.0,0.17,,12.45,0.83,7.976873369896636,0.0,0.0,HOU,39,0.031746031746031744,,Keenan Allen,0.13698888360375597,186,56
00-0033526,4147,Samaje Perine,RB,CIN,31.0,ACT,,29,5.572705449303947,6.194513357827161,0.0,6.194513357827161,,8.793288323941487,15,0.0,0.144,Ankle,12.84,0.856,5.30250343430005,-33.368270564907945,0.0,PIT,32,0.10710646044727144,0.12048465895934383,Chase Brown,0.36669733717418007,187,56
00-0033307,4454,Kendrick Bourne,WR,ARI,31.1,ACT,,28,6.321823160216528,6.957447282608456,0.0,6.957447282608456,,9.610690807104382,15,0.0,0.129,,13.065,0.871,6.059936583151965,-34.664626647539265,0.0,SF,52,0.059866626816602535,0.0584733918443177,Michael Wilson,0.15608996770219424,188,57
00-0039923,11565,J.J. McCarthy,QB,MIN,23.6,ACT,,10,12.45543207798671,14.119478028005956,0.0,14.119478028005956,,16.926742034406544,15,0.0,0.189,Hand,12.165,0.8109999999999999,11.450896680712829,-34.15036663786316,0.0,TB,84,,,,,189,19
00-0040894,13329,Malik Benson,WR,LV,23.9,ACT,,0,,9.610690807104382,0.0,9.610690807104382,,9.610690807104382,15,0.0,0.17,,12.45,0.83,7.976873369896636,0.0,0.0,NO,29,0.03100874935666495,,Tre Tucker,0.11527020072053526,190,58
00-0031484,3048,Chris Manhertz,TE,NYG,34.4,ACT,,10,1.1360166295646137,4.923169236229081,0.0,4.923169236229081,,9.03730120334346,15,0.0,0.101,,13.485,0.8989999999999999,4.4259291433699435,-55.4790695765374,0.0,TEN,71,0.01616688396349413,0.01616688396349413,Isaiah Likely,0.09885792533763586,191,19
00-0039355,11650,Luke McCaffrey,WR,WAS,25.4,ACT,,18,5.033098717522423,6.7212907749581765,0.0,6.7212907749581765,,9.610690807104382,15,0.0,0.198,,12.030000000000001,0.802,5.390475201516458,-34.75948238671885,0.0,SEA,0,0.03697855750487329,0.04030513371760972,Terry McLaurin,0.10947841544856471,192,59
00-0036646,7812,Simi Fehoko,WR,ARI,28.8,ACT,,6,2.247846570465262,7.220063004572556,0.0,7.220063004572556,,9.610690807104382,15,0.0,0.223,,11.655000000000001,0.777,5.609988954552876,-27.862767038508427,0.0,SF,52,,,Michael Wilson,0.15608996770219424,193,60
00-0038621,9501,DeMario Douglas,WR,NE,25.7,ACT,,30,7.064023161907837,7.577314179132484,0.0,7.577314179132484,,9.610690807104382,15,0.0,0.16,,12.6,0.84,6.364943910471286,-25.620545512445904,0.0,JAX,42,0.07026956272575716,0.05398104678351791,A.J. Brown,0.12016675524847197,194,61
00-0039890,11625,Adonai Mitchell,WR,NYJ,23.9,ACT,,26,7.186986134160329,7.689870484310383,0.0,7.689870484310383,,9.610690807104382,15,0.0,0.141,,12.885,0.859,6.605598746022618,-24.749769859200672,0.0,DET,90,0.10897939821089726,0.08120275350722772,Garrett Wilson,0.11222519310754604,195,62
00-0029892,1379,Kyle Juszczyk,RB,SF,35.4,ACT,,30,4.560557047147209,5.433758265546351,0.0,5.433758265546351,,8.793288323941487,15,0.0,0.139,,12.915,0.861,4.678465866635408,-43.38833070417318,0.0,ARI,84,0.0491891437574611,0.03533114469731354,Christian McCaffrey,0.31589412647999304,196,57
00-0037013,7538,Zach Wilson,QB,NO,27.1,ACT,,0,,16.926742034406544,0.0,16.926742034406544,,16.926742034406544,15,0.0,0.079,,13.815000000000001,0.921,15.589529413688428,0.0,0.0,LV,42,,,,,197,20
00-0040876,13268,Elijah Sarratt,WR,BAL,23.3,ACT,,0,,9.610690807104382,0.0,9.610690807104382,,9.610690807104382,15,0.0,0.17,,12.45,0.83,7.976873369896636,0.0,0.0,DAL,94,,,Zay Flowers,0.11238601844826676,198,63
00-0040187,12473,Mitchell Evans,TE,CAR,23.3,ACT,,15,2.9322622256251774,4.418052032105322,0.0,4.418052032105322,,9.03730120334346,15,0.0,0.189,,12.165,0.8109999999999999,3.5830401980374162,-56.19316616811195,0.0,CLE,29,0.02688001785808873,0.033464548529800436,Tommy Tremble,0.06195896044736025,199,20
00-0037012,7610,Trey Lance,QB,LAC,26.3,ACT,,4,6.069419783898377,12.983468605301793,0.0,12.983468605301793,,16.926742034406544,15,0.0,0.079,,13.815000000000001,0.921,11.957774585482952,-54.476322423082145,0.0,BUF,32,,,,,200,21
00-0041116,13282,Jack Endries,TE,CIN,22.4,ACT,,0,,9.03730120334346,0.0,9.03730120334346,,9.03730120334346,15,0.0,0.207,,11.895000000000001,0.793,7.166579854251364,0.0,0.0,PIT,74,,,Mike Gesicki,0.06002971251511255,201,21
00-0039936,,Thomas Yassmin,TE,GB,26.9,RES,,0,,9.03730120334346,0.0,9.03730120334346,,9.03730120334346,15,8.449197860962567,0.196,,5.266844919786097,0.3511229946524065,3.1732042620937526,0.0,0.0,ATL,65,,,Tucker Kraft,0.08757803052586854,202,22
00-0037004,7535,Hunter Long,TE,ARI,28.0,ACT,,18,1.8670142486440244,3.8855965611114183,0.0,3.8855965611114183,,9.03730120334346,15,0.0,0.13,Hip,13.05,0.87,3.380469008166934,-67.22974558112816,0.0,SF,58,0.038259493654904685,0.03762929115881175,Trey McBride,0.2088833949322412,203,23
00-0036980,7596,Elijah Moore,WR,PHI,26.4,ACT,,25,5.237092069053839,6.510531761114692,0.0,6.510531761114692,,9.610690807104382,15,0.0,0.136,,12.959999999999999,0.864,5.625099441603093,-40.17806123602638,0.0,CHI,81,0.03367162387749926,0.04037289728283364,DeVonta Smith,0.13278299618393238,204,64
00-0040498,,Dontae Fleming,WR,MIN,24.8,RES,,0,,9.610690807104382,0.0,9.610690807104382,,9.610690807104382,15,4.0,0.199,,8.811,0.5874,5.645319780093114,0.0,0.0,TB,45,,,Justin Jefferson,0.14683929113156033,205,65
00-0035125,6109,Alec Ingold,RB,LAC,30.1,ACT,,21,1.3157931086242671,3.129437939068123,0.0,3.129437939068123,,8.793288323941487,15,0.0,0.139,,12.915,0.861,2.694446065537654,-73.1486277206395,0.0,BUF,77,0.02470914414147986,0.02895149255547721,Omarion Hampton,0.27500103637375783,206,58
00-0039847,11597,Theo Johnson,TE,NYG,25.5,ACT,,28,6.249424770181378,6.811690700140329,0.0,6.811690700140329,,9.03730120334346,15,0.0,0.188,Illness,12.180000000000001,0.812,5.531092848513948,-27.107935929014143,0.0,TEN,71,0.04943522544444001,0.08168480742519717,Isaiah Likely,0.09885792533763586,207,24
00-0041558,13322,Sam Roush,TE,CHI,23.0,ACT,,1,1.9,6.998001451896068,0.0,6.998001451896068,,9.03730120334346,15,0.0,0.207,,11.895000000000001,0.793,5.549415151353582,-24.25747054346674,0.0,PHI,0,0.045454545454545456,,Colston Loveland,0.09892288033412905,208,25
00-0041123,13295,Behren Morton,QB,NE,24.6,ACT,,0,,16.926742034406544,0.0,16.926742034406544,,16.926742034406544,15,0.0,0.086,,13.71,0.914,15.471042219447583,0.0,0.0,JAX,23,,,,,209,22
00-0038489,11273,Ben VanSumeren,RB,KC,26.3,ACT,,0,,8.793288323941487,0.0,8.793288323941487,,8.793288323941487,15,0.0,0.142,Knee,12.87,0.858,7.544641381941796,0.0,0.0,MIA,97,,,Kenneth Walker III,0.4268367879997761,210,59
00-0038090,8168,Skyy Moore,WR,GB,26.0,ACT,,4,1.9758973038438556,6.609114533054669,0.0,6.609114533054669,,9.610690807104382,15,0.0,0.213,,11.805,0.787,5.201373137514024,-35.433607915156855,0.0,ATL,77,0.0324289738849081,0.018184912638324592,Christian Watson,0.1513332745987695,211,66
00-0038394,10220,Will Mallory,TE,IND,27.2,RES,,2,0.679074651088528,7.906480249300879,0.0,7.906480249300879,,9.03730120334346,15,4.0,0.169,Lung,9.141,0.6094,4.818209063923956,-10.33683434090324,0.0,HOU,52,0.018867924528301886,0.018867924528301886,Tyler Warren,0.11158677307400948,212,26
00-0040211,12705,Graham Mertz,QB,HOU,25.7,RES,,0,,16.926742034406544,0.0,16.926742034406544,,16.926742034406544,15,8.449197860962567,0.094,,5.935026737967915,0.395668449197861,6.6973777707258835,0.0,0.0,IND,87,,,,,213,23
00-0034365,4995,Ian Thomas,TE,LV,30.2,ACT,,11,2.797414362650598,5.10146191835486,0.0,5.10146191835486,,9.03730120334346,15,0.0,0.159,Calf,12.615,0.841,4.290329473336437,-49.650612580131195,0.0,NO,26,0.037156157551447716,0.03350075639642571,Brock Bowers,0.13043091375889834,214,27
00-0041032,13330,Kenyon Sadiq,TE,NYJ,21.5,ACT,,2,6.832293750778981,7.966519161945356,0.0,7.966519161945356,,9.03730120334346,15,0.0,0.207,,11.895000000000001,0.793,6.317449695422668,-12.73695238243046,0.0,DET,94,0.053804855275443514,,Mason Taylor,0.09066203895037067,215,28
00-0038783,11433,Nate Adkins,TE,DEN,27.1,ACT,,22,4.713350235829826,5.855631077439545,0.0,5.855631077439545,,9.03730120334346,15,0.0,0.188,Knee,12.180000000000001,0.812,4.754772434880911,-38.75274213350969,0.0,LA,39,0.028917838042888878,0.025190778658547346,Evan Engram,0.0579728309785232,216,29
00-0041170,,Hayden Large,TE,CHI,24.4,RES,,0,,9.03730120334346,0.0,9.03730120334346,,9.03730120334346,15,8.449197860962567,0.202,,5.227540106951872,0.34850267379679145,3.149523633272157,0.0,0.0,PHI,0,,,Colston Loveland,0.09892288033412905,217,30
00-0032950,3161,Carson Wentz,QB,MIN,33.7,ACT,,8,11.952746299512638,13.785552289119924,0.0,13.785552289119924,,16.926742034406544,15,0.0,0.119,Shoulder,13.215,0.881,12.145071566714654,-41.51082248396269,0.0,TB,84,,,,,218,24
00-0037276,8230,Ty Chandler,RB,NO,28.3,RES,,6,4.840522601752278,7.218700557598314,0.0,7.218700557598314,,8.793288323941487,15,8.449197860962567,0.2,Knee,5.240641711229947,0.3493761140819965,2.52204154953524,-8.251850326290427,0.0,LV,58,0.19244868035190615,0.19244868035190615,Devin Neal,0.24396642563860327,219,60
00-0041117,13557,Athan Kaliakmanis,QB,WAS,23.0,ACT,,0,,16.926742034406544,0.0,16.926742034406544,,16.926742034406544,15,0.0,0.099,,13.515,0.901,15.250994573000296,0.0,0.0,SEA,3,,,,,220,25
00-0039041,10231,Elijah Higgins,TE,ARI,25.8,ACT,,31,3.269444626857731,4.424702522283463,0.0,4.424702522283463,,9.03730120334346,15,0.0,0.155,,12.674999999999999,0.845,3.738873631329526,-58.46468828243547,0.0,SF,58,0.06619120515702309,0.04303442746545968,Trey McBride,0.2088833949322412,221,31
00-0040646,12505,Jalen Royals,WR,KC,23.5,ACT,,1,2.4,8.304515830033406,0.0,8.304515830033406,,9.610690807104382,15,0.0,0.165,Knee,12.524999999999999,0.8349999999999999,6.934270718077893,-16.359841587813968,0.0,MIA,48,0.04093567251461988,0.05555555555555555,Rashee Rice,0.1106131402396258,222,67
00-0035704,5854,Drew Lock,QB,SEA,29.8,ACT,,9,15.27294803853289,15.905445944329307,0.0,15.905445944329307,,16.926742034406544,15,0.0,0.072,,13.92,0.928,14.760253836337597,-14.216441573875148,0.0,WAS,97,,,,,223,26
00-0039739,11630,Roman Wilson,WR,PIT,25.2,ACT,,11,5.305810856308773,6.603973871824032,0.0,6.603973871824032,,9.610690807104382,15,0.0,0.213,Hamstring,11.805,0.787,5.197327437125514,-35.49429342098452,0.0,CIN,3,0.0651494829997478,0.042670126606177514,DK Metcalf,0.13316356319202619,224,68
00-0040649,12656,Robbie Ouzts,RB,SEA,24.0,RES,,4,0.0,5.4412259559250495,0.0,5.4412259559250495,,8.793288323941487,15,8.449197860962567,0.199,Ankle,5.247192513368984,0.3498128342245989,1.903410673298594,-17.58891656180176,0.0,WAS,71,0.02,0.02,Jadarian Price,0.24407114624505927,225,61
00-0038608,9504,Kayshon Boutte,WR,HOU,24.3,ACT,,31,7.782949174145719,8.129094678117623,0.0,8.129094678117623,,9.610690807104382,15,0.0,0.169,Concussion,12.465,0.831,6.755277677515744,-18.468095747819948,0.0,IND,100,0.06995028112699689,0.06222298473400789,Nico Collins,0.12007777022319592,226,69
00-0039589,11994,Kameron Johnson,WR,TB,24.5,ACT,,3,6.6021253793889025,8.852550020514922,0.0,8.852550020514922,,9.610690807104382,15,0.0,0.208,Ankle,11.88,0.792,7.011219616247819,-9.006712544682777,0.0,MIN,13,0.03587610973561935,0.032209659718320044,Ted Hurst III,0.0905720338983051,227,70
00-0040891,13335,Cole Payton,QB,PHI,23.8,ACT,,0,,16.926742034406544,0.0,16.926742034406544,,16.926742034406544,15,0.0,0.099,,13.515,0.901,15.250994573000296,0.0,0.0,CHI,77,,,,,228,27
00-0036590,7536,Quintin Morris,TE,JAX,27.6,ACT,,12,1.9408906904601266,3.987790346052494,0.0,3.987790346052494,,9.03730120334346,15,0.0,0.16,Groin,12.6,0.84,3.349743890684095,-63.62383680186618,0.0,NE,23,0.017694975360069698,0.029628752344301346,Brenton Strange,0.07344094584660622,229,32
00-0040172,12634,Jordan Watkins,WR,SF,24.5,ACT,,0,,9.610690807104382,0.0,9.610690807104382,,9.610690807104382,15,0.0,0.195,Calf,12.075,0.8049999999999999,7.736606099719027,0.0,0.0,ARI,68,0.031746031746031744,0.031746031746031744,Deebo Samuel Sr.,0.1229995203209489,230,71
00-0035228,5849,Kyler Murray,QB,MIN,29.1,ACT,Out,22,16.926742034406544,16.926742034406544,0.0,16.926742034406544,,16.926742034406544,15,0.9995127892813642,0.12,Foot,12.320428745432398,0.8213619163621598,13.902981275148083,0.0,0.0,TB,84,,,,,231,28
00-0039710,,Jeshaun Jones,WR,MIN,26.7,RES,,0,,9.610690807104382,0.0,9.610690807104382,,9.610690807104382,15,8.449197860962567,0.174,,5.41096256684492,0.3607308377896613,3.4668725465841597,0.0,0.0,TB,45,,,Justin Jefferson,0.14683929113156033,232,72
00-0023459,96,Aaron Rodgers,QB,PIT,42.7,ACT,,35,13.057351694929197,13.722360015184153,0.0,13.722360015184153,,16.926742034406544,15,0.0,0.071,,13.935,0.929,12.748072454106078,-44.65306343786403,0.0,CIN,58,,,,,233,29
00-0040938,,DJ Rogers,TE,DAL,24.8,RES,,0,,9.03730120334346,0.0,9.03730120334346,,9.03730120334346,15,8.449197860962567,0.202,,5.227540106951872,0.34850267379679145,3.149523633272157,0.0,0.0,BAL,10,,,Jake Ferguson,0.044278252611585946,234,33
00-0033881,4066,Evan Engram,TE,DEN,32.0,ACT,,27,7.182357505974799,7.539532755136072,0.0,7.539532755136072,,9.03730120334346,15,0.0,0.135,Back,12.975,0.865,6.521695833192703,-19.433545615490864,0.0,LA,39,0.0579728309785232,0.07215143977894438,Adam Trautman,0.04365640878444401,235,34
00-0035249,5973,Josh Oliver,TE,MIN,29.4,ACT,,26,4.537274565267903,5.463356541291863,0.0,5.463356541291863,,9.03730120334346,15,0.0,0.135,Foot,12.975,0.865,4.725803408217462,-46.37193199011948,0.0,TB,97,0.04187786513634678,0.02949395127487957,T.J. Hockenson,0.07105314863935554,236,35
00-0041047,13353,Chris Brazzell II,WR,CAR,22.9,RES,,0,,9.610690807104382,0.0,9.610690807104382,,9.610690807104382,15,8.449197860962567,0.187,,5.325802139037433,0.35505347593582887,3.4123091772069274,0.0,0.0,CLE,32,,,Jalen Coker,0.16039448593675512,237,73
00-0040598,,Mark Redman,TE,GB,24.6,ACT,,0,,9.03730120334346,0.0,9.03730120334346,,9.03730120334346,15,0.0,0.185,,12.225,0.815,7.36540048072492,0.0,0.0,ATL,65,,,Tucker Kraft,0.08757803052586854,238,36
00-0040237,12485,Tez Johnson,WR,TB,24.3,ACT,,14,5.6554779204720935,6.690196493283675,0.0,6.690196493283675,,9.610690807104382,15,0.0,0.174,,12.39,0.8260000000000001,5.526102303452316,-36.18492454823856,0.0,MIN,13,0.04351165254237288,0.05685301529221445,Ted Hurst III,0.0905720338983051,239,74
00-0040134,12492,Pat Bryant,WR,DEN,23.7,ACT,,15,5.578257957041679,6.583561477251355,0.0,6.583561477251355,,9.610690807104382,15,0.0,0.165,Concussion,12.524999999999999,0.8349999999999999,5.497273833504881,-37.91479485640915,0.0,LA,65,0.06347861805703398,0.06250313946547532,Jaylen Waddle,0.10822322988470896,240,75
00-0041081,,Max Bredeson,RB,MIN,23.9,ACT,,0,,8.793288323941487,0.0,8.793288323941487,,8.793288323941487,15,0.0,0.178,,12.330000000000002,0.8220000000000002,7.228083002279904,0.0,0.0,TB,35,,,Aaron Jones,0.41193726053639845,241,62
00-0040130,12484,Jayden Higgins,WR,HOU,23.7,RES,,17,7.959738338951335,8.400765918914642,0.0,8.400765918914642,,9.610690807104382,15,8.449197860962567,0.17,,5.437165775401069,0.36247771836007125,3.0450904627652267,-6.578562192871217,0.0,IND,100,0.08776518218905141,0.06766322397101616,Nico Collins,0.12007777022319592,242,76
00-0039917,11559,Michael Penix Jr.,QB,ATL,26.3,ACT,Out,13,12.909414776888594,14.44700500882867,0.0,14.44700500882867,,16.926742034406544,15,0.9995127892813642,0.122,Knee,12.292427771010962,0.8194951847340641,11.839251038564,-30.481988278017578,0.0,GB,48,,,,,243,30
00-0040024,13150,Darius Cooper,WR,PHI,24.8,ACT,,6,5.683590346473433,7.326388127711803,0.0,7.326388127711803,,9.610690807104382,15,0.0,0.195,,12.075,0.8049999999999999,5.897742442808001,-27.582954853665388,0.0,CHI,81,0.04029411378799626,0.0331566266224186,DeVonta Smith,0.13278299618393238,244,77
00-0040202,12476,Devin Neal,RB,NO,23.1,RES,,7,8.78080716671248,8.786487249900766,0.0,8.786487249900766,,8.793288323941487,15,4.0,0.185,Hamstring,8.965,0.5976666666666667,5.251390546357358,-0.060971628775067246,0.0,LV,58,0.24396642563860327,0.14237739847072858,Audric Estimé,0.23741944601469755,245,63
00-0039738,11586,Blake Corum,RB,LA,25.8,ACT,,18,8.165434260763996,8.304286006123355,0.0,8.304286006123355,,8.793288323941487,15,0.0,0.134,,12.99,0.866,7.191511681302826,-6.352140108457534,0.0,DEN,19,0.17212391903836674,0.1480438035040809,Kyren Williams,0.2623982175080143,246,64
00-0041503,13299,Nate Boerkircher,TE,JAX,25.0,ACT,,1,1.8999999999999997,7.056870370096463,0.0,7.056870370096463,,9.03730120334346,15,0.0,0.185,,12.225,0.815,5.751349351628617,-24.210766936444546,0.0,NE,23,0.01818181818181818,,Brenton Strange,0.07344094584660622,247,37
00-0040488,13122,Carter Runyon,TE,LV,25.1,RES,,0,,9.03730120334346,0.0,9.03730120334346,,9.03730120334346,15,8.449197860962567,0.187,,5.325802139037433,0.35505347593582887,3.208725205326145,0.0,0.0,NO,26,0.034482758620689655,0.034482758620689655,Brock Bowers,0.13043091375889834,248,38
00-0034270,5133,Tyler Conklin,TE,DET,31.1,ACT,,21,6.113978700917682,7.106086403497017,0.0,7.106086403497017,,9.03730120334346,15,0.0,0.106,Not injury related - personal matter,13.41,0.894,6.352841244726333,-25.897590465940812,0.0,NYJ,77,0.024882033475783476,0.02950704303281987,Sam LaPorta,0.11142026381030332,249,39
00-0040676,12522,Cam Ward,QB,TEN,24.3,ACT,,18,13.118286007389365,13.975612715236087,0.0,13.975612715236087,,16.926742034406544,15,0.0,0.079,,13.815000000000001,0.921,12.871539310732437,-40.769851544339865,0.0,NYG,68,,,,,250,31
00-0038752,10867,Jake Bobo,WR,SEA,28.1,RES,,11,1.9207021744055461,5.670334717231147,0.0,5.670334717231147,,9.610690807104382,15,8.449197860962567,0.169,Calf,5.443716577540107,0.3629144385026738,2.0578463400261593,-21.45018176785404,0.0,WAS,87,0.02100903063092381,0.02100903063092381,Jaxon Smith-Njigba,0.1855506578507981,251,78
00-0041149,13415,Haynes King,QB,CAR,25.6,ACT,,0,,16.926742034406544,0.0,16.926742034406544,,16.926742034406544,15,0.0,0.086,,13.71,0.914,15.471042219447583,0.0,0.0,CLE,26,,,,,252,32
00-0037327,8206,Skylar Thompson,QB,BAL,29.2,RES,,2,3.946930511686519,15.609882022919516,0.0,15.609882022919516,,16.926742034406544,15,4.0,0.165,Hamstring,9.184999999999999,0.6123333333333333,9.558451092034383,-12.095359205508354,0.0,DAL,100,,,,,253,33
00-0035045,6453,D.J. Montgomery,WR,IND,29.8,RES,,0,,9.610690807104382,0.0,9.610690807104382,,9.610690807104382,15,4.0,0.258,,8.161999999999999,0.5441333333333332,5.22949722450573,0.0,0.0,HOU,39,,,Keenan Allen,0.13698888360375597,254,79
00-0041044,13320,Zachariah Branch,WR,ATL,22.4,ACT,,2,2.0169092529027877,5.923045713169499,0.0,5.923045713169499,,9.610690807104382,15,0.0,0.17,,12.45,0.83,4.916127941930684,-45.91118141948929,0.0,GB,71,0.03125,,Drake London,0.0915440872227739,255,80
00-0038738,11510,Hunter Luepke,RB,DAL,26.5,ACT,,23,2.593012009091512,4.160564875632835,0.0,4.160564875632835,,8.793288323941487,15,0.0,0.131,,13.035,0.869,3.6155308769249332,-60.38755014870329,0.0,BAL,55,0.04819563152896486,0.04343126340456278,Javonte Williams,0.259495596995597,256,65
00-0039648,12357,David Martin-Robinson,TE,TEN,26.7,ACT,,5,0.9088823003703053,5.153553128713362,0.0,5.153553128713362,,9.03730120334346,15,0.0,0.15,,12.75,0.85,4.380520159406358,-49.517787951533755,0.0,NYG,32,0.026784782611641657,0.026784782611641657,Gunnar Helm,0.05576034761730779,257,40
00-0040142,12504,Kaleb Johnson,RB,GB,23.0,ACT,,2,2.961913583734877,6.785717096067262,0.0,6.785717096067262,,8.793288323941487,15,0.0,0.162,,12.57,0.838,5.686430926504365,-25.235170334379017,0.0,ATL,23,0.07273645123393749,0.056139974780489044,MarShawn Lloyd,0.19621749408983452,258,66
00-0038393,9486,Dontayvion Wicks,WR,PHI,25.2,ACT,,30,8.213318659308921,8.492165771356392,0.0,8.492165771356392,,9.610690807104382,15,0.0,0.169,Calf,12.465,0.831,7.0569897559971615,-13.942414570598688,0.0,CHI,81,0.05504445256363415,0.06047482478313736,DeVonta Smith,0.13278299618393238,259,81
00-0038102,8160,Kenny Pickett,QB,CAR,28.2,ACT,,5,6.633950408826904,12.833958686522218,0.0,12.833958686522218,,16.926742034406544,15,0.0,0.072,,13.92,0.928,11.909913661092618,-56.97154420254982,0.0,CLE,26,,,,,260,34
00-0036556,7568,Brevin Jordan,TE,HOU,26.1,ACT,,2,1.3510191928950763,8.285602403636844,0.0,8.285602403636844,,9.03730120334346,15,0.0,0.304,,10.44,0.696,5.766779272931243,-7.847735468937078,0.0,IND,84,,,Dalton Schultz,0.09898811855333595,261,41
00-0041510,13278,Max Klare,TE,LA,23.2,ACT,,0,,9.03730120334346,0.0,9.03730120334346,,9.03730120334346,15,0.0,0.207,,11.895000000000001,0.793,7.166579854251364,0.0,0.0,DEN,55,,,Terrance Ferguson,0.06403081071613326,262,42
00-0040534,12971,Ke'Shawn Williams,WR,CIN,24.7,ACT,,0,,9.610690807104382,0.0,9.610690807104382,,9.610690807104382,15,0.0,0.178,,12.330000000000002,0.8220000000000002,7.899987843439804,0.0,0.0,PIT,58,0.0155528865282088,0.0155528865282088,Ja'Marr Chase,0.1285483397698016,263,82
00-0039066,9482,Michael Mayer,TE,LV,25.2,ACT,,23,6.239169969759079,6.865260319384201,0.0,6.865260319384201,,9.03730120334346,15,0.0,0.198,Ankle,12.030000000000001,0.802,5.505938776146129,-26.129651834029893,0.0,NO,26,0.11491250643335049,0.07902366700222017,Brock Bowers,0.13043091375889834,264,43
00-0035406,5938,Lil'Jordan Humphrey,WR,DEN,28.4,ACT,,21,4.77999092453301,6.260610636881582,0.0,6.260610636881582,,9.610690807104382,15,0.0,0.146,,12.81,0.854,5.3465614838968705,-42.914526980554065,0.0,LA,65,0.05411314757027618,0.056035799593983734,Jaylen Waddle,0.10822322988470896,265,83
00-0036894,7600,Pat Freiermuth,TE,PIT,27.9,ACT,,34,9.03730120334346,9.03730120334346,0.0,9.03730120334346,,9.03730120334346,15,0.0,0.15,,12.75,0.85,7.681706022841941,0.0,0.0,CIN,100,0.07599952485799828,0.06254822795272183,Darnell Washington,0.0386434143549893,266,44
00-0040668,12524,Shedeur Sanders,QB,CLE,24.6,ACT,,8,10.575044913665357,13.074654944585328,0.0,13.074654944585328,,16.926742034406544,15,0.0,0.079,,13.815000000000001,0.921,12.041757203963087,-53.21658314588011,0.0,CAR,19,,,,,267,35
00-0041523,13296,Caleb Douglas,WR,MIA,23.0,ACT,,2,8.171309660153156,8.911707463039104,0.0,8.911707463039104,,9.610690807104382,15,0.0,0.17,,12.45,0.83,7.396717194322456,-8.702342633612707,0.0,KC,10,0.10662393162393163,,Malik Washington,0.12252136752136752,268,84
00-0033949,4179,Joshua Dobbs,QB,DET,31.6,ACT,,3,5.28336565143106,12.845064224100815,0.0,12.845064224100815,,16.926742034406544,15,0.0,0.071,,13.935,0.929,11.933064664189658,-56.87818028661034,0.0,NYJ,90,,,,,269,36
00-0035229,5844,T.J. Hockenson,TE,MIN,29.2,ACT,,27,8.051484909680617,8.243134418916018,0.0,8.243134418916018,,9.03730120334346,15,0.0,0.125,Shoulder,13.125,0.875,7.212742616551516,-10.423439045610186,0.0,TB,97,0.07105314863935554,0.08573914978489007,Josh Oliver,0.04187786513634678,270,45
00-0039050,10227,Payne Durham,TE,TB,26.2,ACT,,14,2.126013733046217,4.623593630531088,0.0,4.623593630531088,,9.03730120334346,15,0.0,0.154,Calf,12.69,0.846,3.9115602114293004,-56.009949098989004,0.0,MIN,3,0.01603442513368984,0.01603442513368984,Cade Otton,0.10328831214689266,271,46
00-0040582,12539,Arian Smith,WR,NYJ,24.9,ACT,,9,1.2548052256608544,4.820335837919268,0.0,4.820335837919268,,9.610690807104382,15,0.0,0.174,,12.39,0.8260000000000001,3.981597402121316,-59.35249806820356,0.0,DET,90,0.029212633244891307,0.03183656429952721,Garrett Wilson,0.11222519310754604,272,85
00-0040390,12938,Jackson Meeks,TE,DET,23.4,ACT,,0,,9.03730120334346,0.0,9.03730120334346,,9.03730120334346,15,0.0,0.205,,11.925,0.795,7.184654456658052,0.0,0.0,NYJ,77,,,Sam LaPorta,0.11142026381030332,273,47
00-0037838,8131,Isaiah Likely,TE,NYG,26.4,ACT,,29,8.5467911264136,8.642085906898757,0.0,8.642085906898757,,9.03730120334346,15,0.0,0.169,Hamstring,12.465,0.831,7.1815733886328665,-4.926358670183232,0.0,TEN,71,0.09885792533763586,0.05530352491778648,Theo Johnson,0.04943522544444001,274,48
00-0040878,13305,Mike Washington Jr.,RB,LV,23.2,ACT,,0,,8.793288323941487,0.0,8.793288323941487,,8.793288323941487,15,0.0,0.178,,12.330000000000002,0.8220000000000002,7.228083002279904,0.0,0.0,NO,48,0.0867215645908389,,Ashton Jeanty,0.4525193000514668,275,67
00-0040466,12472,Raheim Sanders,RB,CLE,24.2,ACT,,4,5.006623938249947,6.879796749025878,0.0,6.879796749025878,,8.793288323941487,15,0.0,0.146,,12.81,0.854,5.875346423668099,-24.511827074668965,0.0,CAR,94,0.1215702451090064,0.14474192207175102,Quinshon Judkins,0.295542555520085,276,68
00-0036626,7587,Dyami Brown,WR,WAS,26.8,ACT,,25,4.242799928932153,5.509916932519633,0.0,5.509916932519633,,9.610690807104382,15,0.0,0.137,Hamstring,12.945,0.863,4.755058312764443,-53.084517806499576,0.0,SEA,0,0.03866539112712905,0.06082825926955286,Terry McLaurin,0.10947841544856471,277,86
00-0039874,11643,Jaylen Wright,RB,MIA,23.4,ACT,,8,8.088577204670015,8.45404008261297,0.0,8.45404008261297,,8.793288323941487,15,0.0,0.153,Knee,12.705,0.847,7.1605719499731855,-4.310148906078816,0.0,KC,26,0.1142094017094017,0.1546100394793495,De'Von Achane,0.39243663424697905,278,69
00-0039407,11574,Dylan Laube,RB,LV,26.7,ACT,,0,,8.793288323941487,0.0,8.793288323941487,,8.793288323941487,15,0.0,0.131,,13.035,0.869,7.641367553505153,0.0,0.0,NO,48,0.06462833948051441,0.06462833948051441,Ashton Jeanty,0.4525193000514668,279,70
00-0040729,12483,Jack Bech,WR,LV,23.7,ACT,,12,5.015953083706157,6.285217097485295,0.0,6.285217097485295,,9.610690807104382,15,0.0,0.154,,12.69,0.846,5.317293664472559,-42.20026137506621,0.0,NO,29,0.047166752444673186,0.05205113086328356,Tre Tucker,0.11527020072053526,280,87
00-0038589,10212,Josh Whyle,TE,GB,27.0,ACT,,18,3.410682285469158,5.258960397663791,0.0,5.258960397663791,,9.03730120334346,15,0.0,0.161,Concussion,12.584999999999999,0.839,4.41226777363992,-47.55041903947864,0.0,ATL,65,0.01991231275118743,0.018907011562388932,Tucker Kraft,0.08757803052586854,281,49
00-0040170,12499,Elic Ayomanor,WR,TEN,23.2,ACT,,18,7.609378047921987,8.055079621195699,0.0,8.055079621195699,,9.610690807104382,15,0.0,0.16,Hamstring,12.6,0.84,6.766266881804387,-19.600700942449404,0.0,NYG,74,0.10542268746963668,0.10365538824675079,Wan'Dale Robinson,0.13578546006743297,282,88
00-0038579,10866,Aidan O'Connell,QB,LV,28.0,ACT,Questionable,9,10.363088251986696,13.837308916546018,0.0,13.837308916546018,,16.926742034406544,15,0.38563049853372433,0.139,Wrist,12.582972140762465,0.8388648093841643,11.607631506668172,-38.874250852787924,0.0,NO,10,,,,,283,37
00-0041104,13347,Demond Claiborne,RB,MIN,22.9,ACT,,0,,8.793288323941487,0.0,8.793288323941487,,8.793288323941487,15,0.0,0.178,,12.330000000000002,0.8220000000000002,7.228083002279904,0.0,0.0,TB,35,0.020833333333333332,,Aaron Jones,0.41193726053639845,284,71
00-0038728,11056,Jared Wayne,WR,HOU,25.9,ACT,,3,4.033694929060375,6.700572680284834,0.0,6.700572680284834,,9.610690807104382,15,0.0,0.187,,12.194999999999999,0.813,5.447565589071569,-35.48889055656438,0.0,IND,100,0.045182325182325185,0.02666666666666667,Nico Collins,0.12007777022319592,285,89
00-0028986,1737,Case Keenum,QB,CHI,38.5,ACT,,0,,16.926742034406544,0.0,16.926742034406544,,16.926742034406544,15,0.0,0.153,,12.705,0.847,14.336950503142342,0.0,0.0,PHI,39,,,,,286,38
00-0036463,7521,Chris Blair,WR,ATL,28.9,ACT,,2,1.816232531127523,7.019848329263715,0.0,7.019848329263715,,9.610690807104382,15,0.0,0.159,,12.615,0.841,5.903692444910784,-32.683477857960014,0.0,GB,71,0.046875,,Drake London,0.0915440872227739,287,90
00-0040234,12500,Quinn Ewers,QB,JAX,23.5,ACT,,4,8.875048786601937,13.401647091358372,0.0,13.401647091358372,,16.926742034406544,15,0.0,0.09,,13.65,0.91,12.195498853136119,-48.11754597260755,0.0,NE,6,,,,,288,39
00-0039534,11851,Carter Bradley,QB,JAX,26.5,RES,,0,,16.926742034406544,0.0,16.926742034406544,,16.926742034406544,15,4.0,0.098,,9.922,0.6614666666666668,11.19647563102545,0.0,0.0,NE,6,,,,,289,40
00-0034959,6323,Andrew Beck,RB,NYJ,30.3,ACT,,2,4.99156791401249,7.873647006013426,0.0,7.873647006013426,,8.793288323941487,15,0.0,0.149,,12.765,0.8510000000000001,6.700473602117427,-11.739221423351701,0.0,DET,39,0.028335009217362157,0.02541012131348266,Breece Hall,0.32735600105144697,290,72
00-0039686,11942,Colson Yankoff,TE,WAS,26.5,ACT,,4,1.3644435427034092,5.458293389987871,0.0,5.458293389987871,,9.03730120334346,15,0.0,0.203,Hamstring,11.954999999999998,0.7969999999999999,4.350259831820333,-42.78703840866607,0.0,SEA,68,0.016030794380777355,0.016399268129593688,Chig Okonkwo,0.09054915672562731,291,50
00-0039344,11583,Jonathon Brooks,RB,CAR,23.1,ACT,,2,2.989851595479012,6.8936203640604585,0.0,6.8936203640604585,,8.793288323941487,15,0.0,0.293,Knee,10.605,0.7070000000000001,4.873789597390744,-20.145978714538312,0.0,CLE,61,0.10172413793103449,,Chuba Hubbard,0.21877416706393346,292,73
00-0041323,13964,Myles Montgomery,RB,NE,23.4,RES,,0,,8.793288323941487,0.0,8.793288323941487,,8.793288323941487,15,8.449197860962567,0.195,,5.273395721925133,0.35155971479500886,3.091365935275151,0.0,0.0,JAX,10,,,Rhamondre Stevenson,0.2973371075298694,293,74
00-0037077,8162,Sam Howell,QB,DAL,26.0,ACT,,1,-0.8400000000000001,15.400716917119652,0.0,15.400716917119652,,16.926742034406544,15,0.0,0.072,,13.92,0.928,14.291865299087037,-21.242269632633537,0.0,BAL,65,,,,,294,41
00-0041395,13421,Eli Raridon,TE,NE,22.6,ACT,,2,5.3017324678561994,7.22325748584223,0.0,7.22325748584223,,9.03730120334346,15,0.0,0.207,,11.895000000000001,0.793,5.728043186272888,-21.578050019677143,0.0,JAX,61,0.017812500000000002,,Hunter Henry,0.06992241768546818,295,51
00-0038129,8111,Cade Otton,TE,TB,27.4,ACT,,31,8.632639225173184,8.708273237251156,0.0,8.708273237251156,,9.03730120334346,15,0.0,0.154,Knee,12.69,0.846,7.367199158714477,-4.175364889711347,0.0,MIN,3,0.10328831214689266,0.08882712231702508,Payne Durham,0.01603442513368984,296,52
00-0039074,10214,Davis Allen,TE,LA,25.6,ACT,,21,3.356654768392426,4.585006339052611,0.0,4.585006339052611,,9.03730120334346,15,0.0,0.164,Back,12.54,0.836,3.8330652994479824,-55.83177759820725,0.0,DEN,55,0.026348925262982756,0.03413958057723787,Terrance Ferguson,0.06403081071613326,297,53
00-0039901,11637,Keon Coleman,WR,BUF,23.3,ACT,,27,8.177685527174923,8.482845100909165,0.0,8.482845100909165,,9.610690807104382,15,0.0,0.151,Wrist,12.735,0.849,7.201935490671881,-14.363115068396084,0.0,LAC,61,0.04148642035723024,0.07179200552860797,Khalil Shakir,0.131568387570345,298,91
00-0039920,11617,Malachi Corley,WR,CLE,24.4,ACT,,12,2.8582906789922675,5.189019367529088,0.0,5.189019367529088,,9.610690807104382,15,0.0,0.163,,12.555,0.837,4.343209210621847,-55.514084923867806,0.0,CAR,19,0.06597273175128926,0.04170132012271632,KC Concepcion,0.15694682675814753,299,92
00-0034975,5995,Justice Hill,RB,BAL,28.8,ACT,,26,6.37445487523647,6.937004728820519,0.0,6.937004728820519,,8.793288323941487,15,0.0,0.162,Toe,12.57,0.838,5.813209962751595,-23.333484790670568,0.0,DAL,87,0.07252108140726521,0.09262557101118893,Derrick Henry,0.43038343102188054,300,75
00-0033955,4219,Jeremy McNichols,RB,WAS,30.7,RES,,26,4.607810299871385,5.57017386127575,0.0,5.57017386127575,,8.793288323941487,15,8.449197860962567,0.154,,5.5419786096256685,0.3694652406417112,2.0579856260724148,-17.862431408468648,0.0,SEA,3,0.09862855398569684,0.08455483343667097,Jacory Croskey-Merritt,0.23500152418062864,301,76
00-0040736,12498,Mason Taylor,TE,NYJ,22.3,ACT,,14,6.0116481195870755,6.935066233172721,0.0,6.935066233172721,,9.03730120334346,15,0.0,0.21,Neck,11.850000000000001,0.7900000000000001,5.47870232420645,-24.911484396523267,0.0,DET,94,0.09066203895037067,0.08686660522062152,Kenyon Sadiq,0.053804855275443514,302,54
00-0038551,9757,Kendre Miller,RB,NO,24.2,ACT,,9,7.372326635555545,8.005350406047976,0.0,8.005350406047976,,8.793288323941487,15,0.0,0.231,Hamstring,11.535,0.769,6.156114462250893,-9.088863882901657,0.0,LV,58,0.1231530246507205,0.12265038503880817,Devin Neal,0.24396642563860327,303,77
00-0041550,13380,Brenen Thompson,WR,LAC,23.1,ACT,,0,,9.610690807104382,0.0,9.610690807104382,,9.610690807104382,15,0.0,0.17,,12.45,0.83,7.976873369896636,0.0,0.0,BUF,26,0.05084745762711865,,Quentin Johnston,0.1220126526430492,304,93
00-0040890,13413,Cyrus Allen,WR,KC,23.6,ACT,,0,,9.610690807104382,0.0,9.610690807104382,,9.610690807104382,15,0.0,0.17,,12.45,0.83,7.976873369896636,0.0,0.0,MIA,48,0.015384615384615385,,Rashee Rice,0.1106131402396258,305,94
00-0037005,7694,Tommy Tremble,TE,CAR,26.2,ACT,,27,4.343412482388438,5.262637928548474,0.0,5.262637928548474,,9.03730120334346,15,0.0,0.159,Hamstring,12.615,0.841,4.425878497909267,-47.61737721153875,0.0,CLE,29,0.06195896044736025,0.041980093878916935,Darren Waller,0.057239168877099914,306,55
00-0035993,7083,Tyler Huntley,QB,BAL,28.6,ACT,,9,11.034787551076606,13.84384698027866,0.0,13.84384698027866,,16.926742034406544,15,0.0,0.099,Right Shoulder,13.515,0.901,12.473306129231073,-41.66532665653837,0.0,DAL,100,,,,,307,42
00-0039824,11595,Jared Wiley,TE,KC,25.8,ACT,,0,,9.03730120334346,0.0,9.03730120334346,,9.03730120334346,15,0.0,0.203,Knee,11.954999999999998,0.7969999999999999,7.202729059064738,0.0,0.0,MIA,81,0.017543859649122806,0.017543859649122806,Travis Kelce,0.11977812338852134,308,56
00-0041056,13303,Cade Klubnik,QB,NYJ,22.9,ACT,,0,,16.926742034406544,0.0,16.926742034406544,,16.926742034406544,15,0.0,0.099,,13.515,0.901,15.250994573000296,0.0,0.0,DET,94,,,,,309,43
00-0027973,829,Andy Dalton,QB,PHI,38.8,ACT,,7,6.712685352304122,13.090780021621363,0.0,13.090780021621363,,16.926742034406544,15,0.0,0.071,,13.935,0.929,12.161334640086247,-53.4541306481615,0.0,CHI,77,,,,,310,44
00-0038614,10994,Scott Matlock,RB,LAC,26.2,RES,,16,1.4766766512677625,4.30410067510216,0.0,4.30410067510216,,8.793288323941487,15,8.449197860962567,0.145,,5.600935828877005,0.37339572192513365,1.6071327788182261,-25.143651944936313,0.0,BUF,77,0.02331680989386035,0.02331680989386035,Omarion Hampton,0.27500103637375783,311,78
00-0041094,13308,Bauer Sharp,TE,TB,23.3,ACT,,0,,9.03730120334346,0.0,9.03730120334346,,9.03730120334346,15,0.0,0.207,,11.895000000000001,0.793,7.166579854251364,0.0,0.0,MIN,3,,,Cade Otton,0.10328831214689266,312,57
00-0041577,,Connor Hulstein,TE,NYJ,,RES,,0,,9.03730120334346,0.0,9.03730120334346,,9.03730120334346,15,4.0,0.18,,9.020000000000001,0.6013333333333334,5.434430456943868,0.0,0.0,DET,94,,,Mason Taylor,0.09066203895037067,313,58
00-0039146,10222,Jayden Reed,WR,GB,26.3,ACT,,23,9.346647902115995,9.419993909885342,0.0,9.419993909885342,,9.610690807104382,15,0.0,0.18,Foot,12.3,0.8200000000000001,7.724395006105981,-2.345571835794186,0.0,ATL,77,0.0858919577698486,0.09900561519705015,Christian Watson,0.1513332745987695,314,95
00-0039410,11783,Ryan Flournoy,WR,DAL,26.8,ACT,,21,7.248182146458409,7.755690571013522,0.0,7.755690571013522,,9.610690807104382,15,0.0,0.132,,13.02,0.868,6.731939415639737,-24.152103073902985,0.0,BAL,84,0.08957523957523958,0.07518448783531075,CeeDee Lamb,0.12203228869895535,315,96
00-0036425,6931,DeeJay Dallas,RB,MIN,28.0,ACT,,1,7.1000000000000005,8.642334947512385,0.0,8.642334947512385,,8.793288323941487,15,0.0,0.137,,12.945,0.863,7.458335059703188,-1.9540914578747313,0.0,TB,35,0.03526723515947654,0.030663780663780664,Aaron Jones,0.41193726053639845,316,79
00-0040177,12467,Jordan James,RB,SF,22.4,ACT,,0,,8.793288323941487,0.0,8.793288323941487,,8.793288323941487,15,0.0,0.162,,12.57,0.838,7.368775615462966,0.0,0.0,ARI,84,0.10116115411681914,0.1206896551724138,Christian McCaffrey,0.31589412647999304,317,80
00-0037093,8527,Dareke Young,WR,LV,27.2,ACT,,1,2.2,8.81665374398242,0.0,8.81665374398242,,9.610690807104382,15,0.0,0.17,Quadricep,12.45,0.83,7.317822607505407,-9.885761435868428,0.0,NO,29,0.017537858055099435,0.01763668430335097,Tre Tucker,0.11527020072053526,318,97
00-0039814,11592,Erick All,TE,CIN,26.0,ACT,,9,3.547453218711898,6.417891140206828,0.0,6.417891140206828,,9.03730120334346,15,0.0,0.275,Knee,10.875,0.725,4.65297107664995,-28.486084436610874,0.0,PIT,74,0.05555555555555555,,Mike Gesicki,0.06002971251511255,319,59
00-0041489,13274,Germie Bernard,WR,PIT,22.7,ACT,,1,7.5,9.00761534262855,0.0,9.00761534262855,,9.610690807104382,15,0.0,0.17,,12.45,0.83,7.476320734381697,-7.508289532724092,0.0,CIN,3,0.12698412698412698,,DK Metcalf,0.13316356319202619,320,98
00-0039365,11616,Jacob Cowing,WR,SF,25.6,ACT,,2,1.1957073824467033,6.782572568610293,0.0,6.782572568610293,,9.610690807104382,15,0.0,0.246,Concussion,11.31,0.754,5.114059716732161,-31.98601727736814,0.0,ARI,68,,,Deebo Samuel Sr.,0.1229995203209489,321,99
00-0035289,6011,Gardner Minshew,QB,ARI,30.3,ACT,,12,6.629162470061741,11.755790983926156,0.0,11.755790983926156,,16.926742034406544,15,0.0,0.11,Collarbone,13.35,0.89,10.462653975694279,-69.03219652391319,0.0,SF,45,,,,,322,45
00-0036862,7757,Ben Skowronek,WR,PIT,29.2,ACT,,9,1.2191165179061787,4.762281749419992,0.0,4.762281749419992,,9.610690807104382,15,0.0,0.174,Hip,12.39,0.8260000000000001,3.9336447250209132,-60.07178822470959,0.0,CIN,3,0.018553938988530735,0.01941151695614675,DK Metcalf,0.13316356319202619,323,100
00-0040705,12540,Chimere Dike,WR,TEN,24.7,ACT,,16,8.315621582041988,8.674486861755513,0.0,8.674486861755513,,9.610690807104382,15,0.0,0.174,,12.39,0.8260000000000001,7.165126147810055,-11.59956688287248,0.0,NYG,74,0.06510672831005312,0.08778089775670801,Wan'Dale Robinson,0.13578546006743297,324,101
00-0040215,12700,Gavin Bartholomew,TE,MIN,23.3,ACT,,0,,9.03730120334346,0.0,9.03730120334346,,9.03730120334346,15,0.0,0.278,Back,10.83,0.722,6.524931468813978,0.0,0.0,TB,97,,,T.J. Hockenson,0.07105314863935554,325,60
00-0039451,11608,Isaiah Williams,WR,NYJ,25.6,ACT,,12,6.495700307787511,7.317179567595062,0.0,7.317179567595062,,9.610690807104382,15,0.0,0.168,Abdomen,12.479999999999999,0.832,6.087893400239091,-28.623020269076306,0.0,DET,90,0.09278598536188669,0.07700347073590819,Garrett Wilson,0.11222519310754604,326,102
00-0040014,12494,Kyle McCord,QB,MIA,24.0,ACT,,0,,16.926742034406544,0.0,16.926742034406544,,16.926742034406544,15,0.0,0.099,,13.515,0.901,15.250994573000296,0.0,0.0,KC,16,,,,,327,46
00-0041446,13412,Kendrick Law,WR,DET,22.2,RES,,0,,9.610690807104382,0.0,9.610690807104382,,9.610690807104382,15,8.449197860962567,0.187,,5.325802139037433,0.35505347593582887,3.4123091772069274,0.0,0.0,NYJ,55,,,Amon-Ra St. Brown,0.2140781657194002,328,103
00-0037156,8861,Irvin Charles,WR,SEA,29.4,RES,,0,,9.610690807104382,0.0,9.610690807104382,,9.610690807104382,15,4.0,0.256,,8.184,0.5456,5.24359290435615,0.0,0.0,WAS,87,,,Jaxon Smith-Njigba,0.1855506578507981,329,104
00-0035589,6045,Gary Jennings,WR,LAC,29.5,ACT,,0,,9.610690807104382,0.0,9.610690807104382,,9.610690807104382,15,0.0,0.169,,12.465,0.831,7.986484060703741,0.0,0.0,BUF,26,,,Quentin Johnston,0.1220126526430492,330,105
00-0040194,12658,Jackson Hawes,TE,BUF,25.7,ACT,,12,3.9959037477351047,5.686127389396609,0.0,5.686127389396609,,9.03730120334346,15,0.0,0.168,,12.479999999999999,0.832,4.730857987977979,-41.8226491980567,0.0,LAC,19,0.022121007647323436,0.024401727260740465,Dalton Kincaid,0.10034254954734524,331,61
00-0036422,6869,Adam Trautman,TE,DEN,29.6,ACT,,27,3.4383106373989536,4.710454309720213,0.0,4.710454309720213,,9.03730120334346,15,0.0,0.115,,13.275,0.885,4.168752064102389,-57.43889251284861,0.0,LA,39,0.04365640878444401,0.03193155718226565,Evan Engram,0.0579728309785232,332,62
00-0034854,5773,KhaDarel Hodge,WR,SF,32.7,ACT,,6,3.3536216658187388,6.6318183554026895,0.0,6.6318183554026895,,9.610690807104382,15,0.0,0.148,Groin,12.78,0.852,5.650309238803091,-38.069989932747625,0.0,ARI,68,0.054650480882007975,0.06606458675424193,Deebo Samuel Sr.,0.1229995203209489,333,106
00-0038416,11256,Tyson Bagent,QB,CHI,26.2,ACT,,0,,16.926742034406544,0.0,16.926742034406544,,16.926742034406544,15,0.0,0.079,,13.815000000000001,0.921,15.589529413688428,0.0,0.0,PHI,39,,,,,334,47
00-0040870,13293,Ja'Kobi Lane,WR,BAL,22.1,RES,,1,2.1,7.526653265518439,0.0,7.526653265518439,,9.610690807104382,15,8.804610318331504,0.181,,5.074024149286498,0.3382682766190999,2.5460280288364427,-10.574456814026739,0.0,DAL,94,0.04838709677419355,,Zay Flowers,0.11238601844826676,335,107
00-0038976,9494,Marvin Mims Jr.,WR,DEN,24.5,ACT,Out,27,7.560210085202452,8.027715028739287,0.0,8.027715028739287,,9.610690807104382,15,0.9995127892813642,0.174,Concussion,11.564402436053594,0.770960162403573,6.189048482286444,-18.30616894753913,0.0,LA,65,0.0848590951532128,0.07095675431309262,Jaylen Waddle,0.10822322988470896,336,108
00-0040879,,Matthew Hibner,TE,BAL,24.5,ACT,,1,2.3,7.167860828636688,0.0,7.167860828636688,,9.03730120334346,15,0.0,0.185,,12.225,0.815,5.8418065753389,-22.85390858079029,0.0,DAL,48,0.016129032258064516,,Mark Andrews,0.08757771311527804,337,63
00-0040584,12502,Gunnar Helm,TE,TEN,24.0,ACT,,18,5.5481419782400305,6.333591349426233,0.0,6.333591349426233,,9.03730120334346,15,0.0,0.194,Toe,12.09,0.8059999999999999,5.104874627637543,-32.68785213385928,0.0,NYG,32,0.05576034761730779,0.061712303670898014,Kylen Granson,0.03710202822446011,338,64
00-0040509,13121,Ben Yurosek,TE,MIN,24.5,RES,,4,0.9990549438916855,5.895551109184546,0.0,5.895551109184546,,9.03730120334346,15,8.449197860962567,0.19,Knee,5.306149732620321,0.3537433155080214,2.0855117961099343,-16.670596422081193,0.0,TB,97,0.031874039938556066,0.031874039938556066,T.J. Hockenson,0.07105314863935554,339,65
00-0040669,12535,Isaac TeSlaa,WR,DET,24.5,ACT,,14,5.000674106971131,6.15024570709324,0.0,6.15024570709324,,9.610690807104382,15,0.0,0.174,,12.39,0.8260000000000001,5.080102954059017,-42.874914789138046,0.0,NYJ,55,0.04559628730832324,0.03138242919826151,Amon-Ra St. Brown,0.2140781657194002,340,109
00-0036187,7204,Reggie Gilliam,RB,NE,29.0,ACT,,11,0.8014111950538692,3.6723813169989667,0.0,3.6723813169989667,,8.793288323941487,15,0.0,0.123,Hip,13.155,0.877,3.220678415008094,-67.36553167632886,0.0,JAX,10,0.024727011494252875,0.019636015325670497,Rhamondre Stevenson,0.2973371075298694,341,81
00-0038046,8127,Charlie Kolar,TE,LAC,27.6,ACT,,22,2.806944664177661,4.204671748116689,0.0,4.204671748116689,,9.03730120334346,15,0.0,0.169,Forearm,12.465,0.831,3.4940822226849684,-60.23872615940171,0.0,BUF,6,0.02418683640643504,0.02468233382469732,David Njoku,0.05155771896252386,342,66
00-0039144,9481,Luke Musgrave,TE,GB,26.0,RES,,17,3.9110649757257487,5.4937109805256386,0.0,5.4937109805256386,,9.03730120334346,15,8.449197860962567,0.213,Ankle,5.15548128342246,0.343698752228164,1.8881816091088253,-18.268913069856104,0.0,ATL,65,0.06288363171355499,0.0394949270866855,Tucker Kraft,0.08757803052586854,343,67
00-0040225,12715,Thomas Fidone II,TE,NYG,23.9,ACT,,0,,9.03730120334346,0.0,9.03730120334346,,9.03730120334346,15,0.0,0.22,Foot,11.700000000000001,0.78,7.049094938607899,0.0,0.0,TEN,71,,,Isaiah Likely,0.09885792533763586,344,68
00-0039794,11576,Braelon Allen,RB,NYJ,22.6,ACT,,15,6.626934515782879,7.345250821122313,0.0,7.345250821122313,,8.793288323941487,15,0.0,0.211,Knee,11.835,0.789,5.795402897865506,-17.137523845864926,0.0,DET,39,0.11778974044676936,0.09411214766610645,Breece Hall,0.32735600105144697,345,82
00-0038840,11157,Brycen Tremayne,WR,CAR,26.8,ACT,,8,2.114853544730541,5.638900269839283,0.0,5.638900269839283,,9.610690807104382,15,0.0,0.142,,12.87,0.858,4.838176431522105,-51.116944214601816,0.0,CLE,32,0.026379196840026334,0.03417981652789737,Jalen Coker,0.16039448593675512,346,110
00-0033537,4017,Deshaun Watson,QB,CLE,31.0,ACT,,9,15.336664136310777,16.00886425858744,0.0,16.00886425858744,,16.926742034406544,15,0.0,0.201,Achilles,11.985,0.7989999999999999,12.791082542611363,-11.000765143191959,0.0,CAR,19,,,,,347,48
00-0039751,11623,Jordan Whittington,WR,LA,25.9,ACT,Doubtful,18,3.5671154512609182,5.327182844629209,0.0,5.327182844629209,,9.610690807104382,15,0.9915134370579916,0.164,Shoulder,11.711094766619519,0.780739651107968,4.159142875504161,-50.16456768211604,0.0,DEN,16,0.02123218988951161,0.03700667656072717,Puka Nacua,0.22030271027752674,348,111
00-0040081,12817,Jake Briningstool,TE,KC,23.7,ACT,,0,,9.03730120334346,0.0,9.03730120334346,,9.03730120334346,15,0.0,0.278,Hamstring,10.83,0.722,6.524931468813978,0.0,0.0,MIA,81,0.015384615384615385,,Travis Kelce,0.11977812338852134,349,69
00-0036887,7842,Luke Farrell,TE,SF,28.9,ACT,,26,1.920939259490955,3.461769112893924,0.0,3.461769112893924,,9.03730120334346,15,0.0,0.115,,13.275,0.885,3.0636656649111225,-74.0151885007176,0.0,ARI,90,0.024787408535707083,0.023969361330379538,George Kittle,0.0935831379616624,350,70
00-0040075,12699,LaJohntay Wester,WR,BAL,24.4,ACT,,3,2.3584574625753283,5.747650653754065,0.0,5.747650653754065,,9.610690807104382,15,0.0,0.174,,12.39,0.8260000000000001,4.747559440000859,-47.86306750001042,0.0,DAL,94,0.0349969567863664,,Zay Flowers,0.11238601844826676,351,112
00-0035537,6039,Ty Johnson,RB,BUF,29.0,ACT,Questionable,31,6.509440662375912,6.986122875412553,0.0,6.986122875412553,,8.793288323941487,15,0.38563049853372433,0.118,,12.889873900293257,0.8593249266862171,6.003349527734796,-23.294134748504867,0.0,LAC,0,0.1277196455505279,0.0774409216030861,James Cook,0.33832273060924883,352,83
00-0040277,13079,Jahdae Walker,WR,CHI,24.2,ACT,,4,8.236691265130924,8.916376159775536,0.0,8.916376159775536,,9.610690807104382,15,0.0,0.184,Concussion,12.24,0.8160000000000001,7.2757629463768385,-8.498411283305064,0.0,PHI,6,0.04650735294117647,0.0571078431372549,Luther Burden III,0.09958112254293885,353,113
00-0033908,4039,Cooper Kupp,WR,SEA,33.2,ACT,,30,7.933114766534683,8.238935059401872,0.0,8.238935059401872,,9.610690807104382,15,0.0,0.143,Ankle,12.855,0.857,7.060767345907403,-17.633920136715766,0.0,WAS,87,0.09093079664608417,0.08240049208558373,Jaxon Smith-Njigba,0.1855506578507981,354,114
00-0040556,12491,Corey Kiner,RB,NE,24.6,ACT,,1,4.800000000000001,8.069927216872104,0.0,8.069927216872104,,8.793288323941487,15,0.0,0.155,,12.674999999999999,0.845,6.819088498256928,-9.168602032104433,0.0,JAX,10,0.07035239361702127,0.07288939270627445,Rhamondre Stevenson,0.2973371075298694,355,84
00-0040590,12718,Konata Mumpfield,WR,LA,23.9,ACT,,11,2.0678444165096663,4.1516415134597375,0.0,4.1516415134597375,,9.610690807104382,15,0.0,0.154,,12.69,0.846,3.512288720386938,-69.27533553635052,0.0,DEN,16,0.03190644361076827,0.03630039863766062,Puka Nacua,0.22030271027752674,356,115
00-0035710,5870,Daniel Jones,QB,IND,29.3,ACT,,25,14.439093710505428,14.996132936791343,0.0,14.996132936791343,,16.926742034406544,15,0.0,0.094,Fibula,13.59,0.906,13.586496440732956,-26.23697763659059,0.0,HOU,52,,,,,357,49
00-0036212,6768,Tua Tagovailoa,QB,ATL,28.5,ACT,Doubtful,25,12.87899249918248,13.909164144855714,0.0,13.909164144855714,,16.926742034406544,15,0.9915134370579916,0.096,Oblique,12.663671852899576,0.844244790193305,11.742739365237952,-38.213616183836955,0.0,GB,48,,,,,358,50
00-0038590,9489,Justin Shorter,WR,LV,26.4,RES,,0,,9.610690807104382,0.0,9.610690807104382,,9.610690807104382,15,8.449197860962567,0.158,,5.515775401069519,0.36771836007130126,3.5340274627407537,0.0,0.0,NO,29,,,Tre Tucker,0.11527020072053526,359,116
00-0037324,8413,Chris Oladokun,QB,KC,29.0,RES,,3,3.639557862920435,11.75393339554603,0.0,11.75393339554603,,16.926742034406544,15,4.0,0.091,,9.999,0.6666000000000001,7.835172001470984,-51.72291357996629,0.0,MIA,74,,,,,360,51
00-0040432,12889,Beaux Collins,WR,ATL,23.7,RES,,2,2.283596146013678,8.019785446365223,0.0,8.019785446365223,,9.610690807104382,15,4.0,0.212,Neck,8.668000000000001,0.5778666666666668,4.634366683272917,-13.78996766688703,0.0,GB,71,0.034435773566208354,0.034435773566208354,Drake London,0.0915440872227739,361,117
00-0040735,12519,Luther Burden III,WR,CHI,22.7,ACT,,15,9.463047326113447,9.49929316489362,0.0,9.49929316489362,,9.610690807104382,15,0.0,0.165,Concussion,12.524999999999999,0.8349999999999999,7.931909792686172,-1.395255468689784,0.0,PHI,6,0.09958112254293885,0.07344024743496846,Kalif Raymond,0.07137177072208933,362,118
00-0038824,11421,Ryan Miller,WR,MIA,26.5,ACT,,11,3.9726238003940963,6.7449397144484164,0.0,6.7449397144484164,,9.610690807104382,15,0.0,0.136,,12.959999999999999,0.864,5.827627913283432,-37.140134160821304,0.0,KC,10,0.0164846749286977,0.016222437166459935,Malik Washington,0.12252136752136752,363,119
00-0040937,13725,Dominic Richardson,RB,NYJ,,RES,,0,,8.793288323941487,0.0,8.793288323941487,,8.793288323941487,15,4.0,0.171,,9.119,0.6079333333333333,5.345733081734828,0.0,0.0,DET,39,,,Breece Hall,0.32735600105144697,364,85
00-0040953,13392,Jeff Caldwell,WR,KC,23.5,RES,,0,,9.610690807104382,0.0,9.610690807104382,,9.610690807104382,15,8.449197860962567,0.187,,5.325802139037433,0.35505347593582887,3.4123091772069274,0.0,0.0,MIA,48,,,Rashee Rice,0.1106131402396258,365,120
00-0039880,11610,Malik Washington,WR,MIA,25.9,ACT,,33,6.448824655412961,6.993898749477583,0.0,6.993898749477583,,9.610690807104382,15,0.0,0.169,Quadricep,12.465,0.831,5.811929860815871,-32.618312998318046,0.0,KC,10,0.12252136752136752,0.09046357103538505,Caleb Douglas,0.10662393162393163,366,121
00-0033110,3271,Tyler Higbee,TE,LA,33.7,ACT,,14,6.933924865853742,7.604179829493815,0.0,7.604179829493815,,9.03730120334346,15,0.0,0.198,Knee,12.030000000000001,0.802,6.09855222325404,-17.240450127411236,0.0,DEN,55,0.030570590087025395,0.05531156596782405,Terrance Ferguson,0.06403081071613326,367,71
00-0037746,8154,Brian Robinson,RB,ATL,27.4,ACT,,21,7.560675734509704,7.884124063023192,0.0,7.884124063023192,,8.793288323941487,15,0.0,0.135,Hamstring,12.975,0.865,6.819767314515061,-11.796406285414884,0.0,GB,68,0.1232959723195369,0.10032927638911608,Bijan Robinson,0.4448082174776564,368,86
00-0037317,8523,Nick Muse,TE,ATL,27.8,ACT,,0,,9.03730120334346,0.0,9.03730120334346,,9.03730120334346,15,0.0,0.21,,11.850000000000001,0.7900000000000001,7.139467950641335,0.0,0.0,GB,16,,,Kyle Pitts,0.0700603587388282,369,72
00-0041374,,Sincere Brown,WR,LAC,,RES,,0,,9.610690807104382,0.0,9.610690807104382,,9.610690807104382,15,4.0,0.176,,9.064,0.6042666666666666,5.8074200983729405,0.0,0.0,BUF,26,,,Quentin Johnston,0.1220126526430492,370,122
00-0035644,5857,Noah Fant,TE,NO,28.8,ACT,,29,5.835503095950373,6.466094060130042,0.0,6.466094060130042,,9.03730120334346,15,0.0,0.135,Groin,12.975,0.865,5.5931713620124865,-33.361412683194104,0.0,LV,13,0.041209643876163826,0.05428238357711465,Juwan Johnson,0.07849018417324428,371,73
00-0040667,12501,Matthew Golden,WR,GB,23.1,ACT,,15,7.231758322454257,7.827726969494936,0.0,7.827726969494936,,9.610690807104382,15,0.0,0.154,,12.69,0.846,6.622257016192716,-22.62581109926386,0.0,ATL,77,0.11395423109114136,0.06767801455634719,Christian Watson,0.1513332745987695,372,123
00-0039107,10857,Stetson Bennett,QB,LA,28.8,ACT,,0,,16.926742034406544,0.0,16.926742034406544,,16.926742034406544,15,0.0,0.072,,13.92,0.928,15.708016607929274,0.0,0.0,DEN,29,,,,,373,52
00-0033119,3257,Jacoby Brissett,QB,ARI,33.7,ACT,,20,15.237974114555048,15.618835395034377,0.0,15.618835395034377,,16.926742034406544,15,0.0,0.071,,13.935,0.929,14.509898081986938,-18.225679019651146,0.0,SF,45,,,,,374,53
00-0034771,4972,Mason Rudolph,QB,PIT,31.1,ACT,,10,10.683633184757323,13.787361489357158,0.0,13.787361489357158,,16.926742034406544,15,0.0,0.071,,13.935,0.929,12.808458823612801,-43.7472678952632,0.0,CIN,58,,,,,375,54
00-0039868,11627,Troy Franklin,WR,DEN,23.6,ACT,,34,7.133562392256197,7.558740014133967,0.0,7.558740014133967,,9.610690807104382,15,0.0,0.142,,12.87,0.858,6.485398932126944,-26.40860670552923,0.0,LA,65,0.03901782716327454,0.10346788587633801,Jaylen Waddle,0.10822322988470896,376,124
00-0040570,,Jeremiah Webb,WR,NE,25.3,RES,,0,,9.610690807104382,0.0,9.610690807104382,,9.610690807104382,15,8.449197860962567,0.208,,5.188235294117647,0.3458823529411765,3.324168349751398,0.0,0.0,JAX,42,,,A.J. Brown,0.12016675524847197,377,125
00-0039342,11626,Xavier Legette,WR,CAR,25.6,ACT,,32,6.180079724340848,6.799414884871694,0.0,6.799414884871694,,9.610690807104382,15,0.0,0.169,Hamstring,12.465,0.831,5.650313769328378,-35.042554370630455,0.0,CLE,32,0.0621119081670488,0.07252304676870779,Jalen Coker,0.16039448593675512,378,126
00-0038797,11435,Emanuel Wilson,RB,SEA,27.3,ACT,,24,7.90315007624083,8.112697120115252,0.0,8.112697120115252,,8.793288323941487,15,0.0,0.131,,13.035,0.869,7.049933797380154,-8.871506341874982,0.0,WAS,71,0.20108695652173914,0.14540345795662404,Jadarian Price,0.24407114624505927,379,87
00-0039236,11636,Johnny Wilson,WR,PHI,25.4,RES,,9,1.8053122833192812,6.405850616314926,0.0,6.405850616314926,,9.610690807104382,15,4.0,0.256,,8.184,0.5456,3.4950320962614234,-26.2284121214209,0.0,CHI,81,,,DeVonta Smith,0.13278299618393238,380,127
00-0034753,5012,Mark Andrews,TE,BAL,31.0,ACT,,36,9.024739768690175,9.026842578837668,0.0,9.026842578837668,,9.03730120334346,15,0.0,0.101,,13.485,0.8989999999999999,8.115131478375062,-0.14103455146061472,0.0,DAL,48,0.08757771311527804,0.08642223531430993,Durham Smythe,0.01841460631809907,381,74
00-0038643,10224,Brayden Willis,TE,SF,26.8,ACT,,1,0.0,6.455125451940375,0.0,6.455125451940375,,9.03730120334346,15,0.0,0.162,,12.57,0.838,5.409395128726033,-32.45794919513679,0.0,ARI,90,0.015384615384615385,0.015384615384615385,George Kittle,0.0935831379616624,382,75
00-0036876,7602,Kylen Granson,TE,TEN,28.4,ACT,,23,2.0671644031909366,4.1839171789505585,0.0,4.1839171789505585,,9.03730120334346,15,0.0,0.115,,13.275,0.885,3.7027667033712444,-64.42867292381578,0.0,NYG,32,0.03710202822446011,0.03710202822446011,Gunnar Helm,0.05576034761730779,383,76
00-0040644,12531,Trevor Etienne,RB,CAR,22.1,RES,,1,3.900000000000001,8.229569685929977,0.0,8.229569685929977,,8.793288323941487,15,8.449197860962567,0.178,,5.38475935828877,0.35898395721925136,2.9542834920667347,-3.035489211474278,0.0,CLE,61,0.0310011225333806,0.04353598658034142,Chuba Hubbard,0.21877416706393346,384,88
00-0038994,9756,Jordan Addison,WR,MIN,24.6,ACT,,31,9.134216752800757,9.220135139739575,0.0,9.220135139739575,,9.610690807104382,15,0.0,0.184,Ankle,12.24,0.8160000000000001,7.523630274027494,-4.780401368545227,0.0,TB,45,0.05812276687902383,0.10455482259012643,Justin Jefferson,0.14683929113156033,385,128
00-0035631,6001,Drew Sample,TE,CIN,30.4,ACT,,24,3.157683946766,4.545333150389538,0.0,4.545333150389538,,9.03730120334346,15,0.0,0.101,,13.485,0.8989999999999999,4.086254502200194,-60.57418919408365,0.0,PIT,74,0.03581122722529821,0.03143444782309931,Mike Gesicki,0.06002971251511255,386,77
00-0040589,12477,Kurtis Rourke,QB,SF,25.9,ACT,,0,,16.926742034406544,0.0,16.926742034406544,,16.926742034406544,15,0.0,0.168,Knee,12.479999999999999,0.832,14.083049372626244,0.0,0.0,ARI,71,,,,,387,55
00-0034577,5127,Kyle Allen,QB,BUF,30.5,ACT,,0,,16.926742034406544,0.0,16.926742034406544,,16.926742034406544,15,0.0,0.071,,13.935,0.929,15.72494334996368,0.0,0.0,LAC,13,,,,,388,56
00-0035689,5906,Dawson Knox,TE,BUF,29.8,ACT,,31,5.8991172222048585,6.478600043584471,0.0,6.478600043584471,,9.03730120334346,15,0.0,0.115,,13.275,0.885,5.733561038572257,-33.96675789580058,0.0,LAC,19,0.04142443520104396,0.05056639305151848,Dalton Kincaid,0.10034254954734524,389,78
00-0033576,4189,Eric Saubert,TE,SEA,32.3,ACT,,20,1.0376438643412567,3.0055568890779436,0.0,3.0055568890779436,,9.03730120334346,15,0.0,0.13,Calf,13.05,0.87,2.6148344934978107,-78.71426330116499,0.0,WAS,87,0.023262848262848263,0.022731955145748252,AJ Barner,0.044827811272411554,390,79
00-0037085,8208,Tyler Badie,RB,DEN,27.6,ACT,,8,3.2633902587298156,5.489669342770264,0.0,5.489669342770264,,8.793288323941487,15,0.0,0.194,Back,12.09,0.8059999999999999,4.424673490272832,-39.940753482360094,0.0,LA,45,0.04736606678281653,0.0409564947251939,RJ Harvey,0.25914192080402754,391,89
00-0040853,,Carson Towt,TE,IND,25.3,RES,,0,,9.03730120334346,0.0,9.03730120334346,,9.03730120334346,15,8.449197860962567,0.202,,5.227540106951872,0.34850267379679145,3.149523633272157,0.0,0.0,HOU,52,,,Tyler Warren,0.11158677307400948,392,80
00-0037614,8147,John Metchie III,WR,CAR,26.1,ACT,,17,7.221188130001717,7.942311754601067,0.0,7.942311754601067,,9.610690807104382,15,0.0,0.137,Shoulder,12.945,0.863,6.854215044220721,-21.597166834655404,0.0,CLE,32,0.08012319221996642,0.07708722569399111,Jalen Coker,0.16039448593675512,393,129
00-0039163,9758,C.J. Stroud,QB,HOU,24.9,ACT,,32,14.810910481370625,15.204630229978811,0.0,15.204630229978811,,16.926742034406544,15,0.0,0.087,Concussion,13.695,0.913,13.881827399970655,-23.584321161637806,0.0,IND,87,,,,,394,57
00-0040621,13199,Montorie Foster Jr,WR,SEA,25.1,ACT,,0,,9.610690807104382,0.0,9.610690807104382,,9.610690807104382,15,0.0,0.191,,12.135,0.8089999999999999,7.775048862947444,0.0,0.0,WAS,87,,,Jaxon Smith-Njigba,0.1855506578507981,395,130
00-0040785,13264,Dohnte Meyers,WR,CIN,26.2,ACT,,0,,9.610690807104382,0.0,9.610690807104382,,9.610690807104382,15,0.0,0.158,,12.629999999999999,0.842,8.092201659581889,0.0,0.0,PIT,58,0.025388291517323774,,Ja'Marr Chase,0.1285483397698016,396,131
00-0041366,,Jameson Geers,TE,ARI,23.7,RES,,0,,9.03730120334346,0.0,9.03730120334346,,9.03730120334346,15,8.449197860962567,0.225,,5.076871657754011,0.3384581105169341,3.0587478894560425,0.0,0.0,SF,58,,,Trey McBride,0.2088833949322412,397,81
00-0041087,13435,Joe Royer,TE,CLE,24.5,RES,,0,,9.03730120334346,0.0,9.03730120334346,,9.03730120334346,15,8.449197860962567,0.202,,5.227540106951872,0.34850267379679145,3.149523633272157,0.0,0.0,CAR,45,,,Harold Fannin Jr.,0.08445253259473798,398,82
00-0033662,4574,Cooper Rush,QB,ATL,32.8,ACT,,15,5.39280434664143,9.015549518187465,0.0,9.015549518187465,,16.926742034406544,15,0.0,0.071,,13.935,0.929,8.375445502396156,-110.24246771351288,0.0,GB,48,,,,,399,58
00-0038104,8188,Tyquan Thornton,WR,KC,26.1,ACT,,17,6.261791033815902,7.117430546528979,0.0,7.117430546528979,,9.610690807104382,15,0.0,0.151,Concussion,12.735,0.849,6.042698534003103,-31.75166941842775,0.0,MIA,48,0.04298971166543322,0.05484720960826525,Rashee Rice,0.1106131402396258,400,132
00-0036407,6783,Jerry Jeudy,WR,CLE,27.4,ACT,,36,8.158165383490909,8.401257133545428,0.0,8.401257133545428,,9.610690807104382,15,0.0,0.132,,13.02,0.868,7.292291191917432,-15.74682642973757,0.0,CAR,19,0.1019460654535511,0.10768774916766023,KC Concepcion,0.15694682675814753,401,133
00-0041326,13277,CJ Donaldson,RB,NO,22.1,ACT,,1,0.2,6.337977801958692,0.0,6.337977801958692,,8.793288323941487,15,0.0,0.178,,12.330000000000002,0.8220000000000002,5.209817753210046,-30.273978736047873,0.0,LV,58,0.03288807933616677,,Devin Neal,0.24396642563860327,402,90
00-0040718,12530,Travis Hunter,WR,JAX,23.3,ACT,,7,9.424698602729046,9.523740618803007,0.0,9.523740618803007,,9.610690807104382,15,0.0,0.207,Knee,11.895000000000001,0.793,7.552326310710785,-1.034272489844848,0.0,NE,23,0.10845546528774555,0.1031448504108118,Parker Washington,0.19009280813526097,403,134
00-0038794,11439,Jaleel McLaughlin,RB,CLE,26.0,ACT,,16,6.4604493479189165,7.4045119499088266,0.0,7.4045119499088266,,8.793288323941487,15,0.0,0.14,Quadricep,12.9,0.86,6.367880276921591,-17.915215225021324,0.0,CAR,94,0.09212607951509172,0.086942599787042,Quinshon Judkins,0.295542555520085,404,91
00-0037091,8204,Bo Melton,WR,GB,27.3,ACT,,11,2.323155094523939,5.6015414920501785,0.0,5.6015414920501785,,9.610690807104382,15,0.0,0.143,Shoulder,12.855,0.857,4.800521058687003,-51.53761444502178,0.0,ATL,77,0.032579328370262686,0.04155488958049444,Christian Watson,0.1513332745987695,405,135
00-0037311,8484,Ko Kieft,TE,TB,28.6,ACT,,1,0.0,8.068976887454845,0.0,8.068976887454845,,9.03730120334346,15,0.0,0.183,,12.254999999999999,0.817,6.592354117050608,-11.866814491214985,0.0,MIN,3,,,Cade Otton,0.10328831214689266,406,83
00-0041194,,Jack Strand,QB,ATL,22.2,ACT,,1,-0.040000000000000036,12.078933061817738,0.0,12.078933061817738,,16.926742034406544,15,0.0,0.099,,13.515,0.901,10.883118688697781,-65.51813826453773,0.0,GB,48,,,,,407,59
00-0041005,,Corey Rucker,WR,LV,24.2,RES,,0,,9.610690807104382,0.0,9.610690807104382,,9.610690807104382,15,8.449197860962567,0.208,,5.188235294117647,0.3458823529411765,3.324168349751398,0.0,0.0,NO,29,,,Tre Tucker,0.11527020072053526,408,136
00-0032951,3155,Laquon Treadwell,WR,IND,31.2,ACT,,3,4.502023830593363,6.898219863126134,0.0,6.898219863126134,,9.610690807104382,15,0.0,0.144,,12.84,0.856,5.904876202835971,-34.828126920680695,0.0,HOU,39,0.03361344537815126,,Keenan Allen,0.13698888360375597,409,137
00-0041099,13533,Barion Brown,WR,NO,22.7,ACT,,0,,9.610690807104382,0.0,9.610690807104382,,9.610690807104382,15,0.0,0.17,,12.45,0.83,7.976873369896636,0.0,0.0,LV,35,0.012345679012345678,,Chris Olave,0.18944039668083384,410,138
00-0036849,7562,Tutu Atwell,WR,LA,26.9,ACT,,17,5.627713582995935,7.10679144781764,0.0,7.10679144781764,,9.610690807104382,15,0.0,0.161,Hamstring,12.584999999999999,0.839,5.962598024719,-31.51157343662364,0.0,DEN,16,0.030810987947626968,0.029259169286918206,Puka Nacua,0.22030271027752674,411,139
00-0037809,8210,Chig Okonkwo,TE,WAS,27.0,ACT,Out,34,7.1864086700201195,7.534533230389654,0.0,7.534533230389654,,9.03730120334346,15,0.9995127892813642,0.154,Hamstring,11.844412180267964,0.789627478684531,5.949474477777397,-17.79940328297067,0.0,SEA,68,0.09054915672562731,0.08237838255880907,Ben Sinnott,0.04751295849376872,412,84
00-0035544,6588,Tom Kennedy,WR,DET,30.1,ACT,,1,7.6,9.30337247985756,0.0,9.30337247985756,,9.610690807104382,15,0.0,0.144,,12.84,0.856,7.9636868427580705,-3.9459673218491953,0.0,NYJ,55,0.07017543859649122,0.07017543859649122,Amon-Ra St. Brown,0.2140781657194002,413,140
00-0038896,11237,Jacob Saylors,RB,DET,26.5,ACT,,0,,8.793288323941487,0.0,8.793288323941487,,8.793288323941487,15,0.0,0.148,Back,12.78,0.852,7.491881651998147,0.0,0.0,NYJ,100,0.03571428571428571,0.03571428571428571,Jahmyr Gibbs,0.39320611586861937,414,92
00-0040238,12544,LeQuint Allen Jr.,RB,JAX,22.1,ACT,,11,1.7692313272592866,4.301083073389896,0.0,4.301083073389896,,8.793288323941487,15,0.0,0.162,,12.57,0.838,3.604307615500733,-56.467019999433504,0.0,NE,16,0.033811838057121076,0.03791371171974801,Chris Rodriguez Jr.,0.20466758458672205,415,93
00-0040504,,Bryson Nesbit,TE,MIN,23.9,RES,,0,,9.03730120334346,0.0,9.03730120334346,,9.03730120334346,15,4.0,0.216,,8.624,0.5749333333333334,5.195845705175601,0.0,0.0,TB,97,,,T.J. Hockenson,0.07105314863935554,416,85
00-0041048,13317,Ted Hurst III,WR,TB,22.2,ACT,,2,5.472903652789618,7.601324276023029,0.0,7.601324276023029,,9.610690807104382,15,0.0,0.17,,12.45,0.83,6.309099149099114,-25.016613311962832,0.0,MIN,13,0.0905720338983051,,Emeka Egbuka,0.08922581214689265,417,141
00-0041084,13408,Tanner Koziol,TE,JAX,22.6,ACT,,0,,9.03730120334346,0.0,9.03730120334346,,9.03730120334346,15,0.0,0.207,,11.895000000000001,0.793,7.166579854251364,0.0,0.0,NE,23,,,Brenton Strange,0.07344094584660622,418,86
00-0031503,2306,Jameis Winston,QB,NYG,32.7,ACT,,10,13.880070090951973,15.194727180978662,0.0,15.194727180978662,,16.926742034406544,15,0.0,0.071,,13.935,0.929,14.115901551129177,-24.135626982517543,0.0,TEN,81,,,,,419,60
00-0040563,12542,Efton Chism III,WR,NE,24.8,ACT,,2,8.173560532869274,9.176027098448113,0.0,9.176027098448113,,9.610690807104382,15,0.0,0.174,,12.39,0.8260000000000001,7.579398383318142,-5.385483350251165,0.0,JAX,42,0.021898295161354345,0.022531060215139124,A.J. Brown,0.12016675524847197,420,142
00-0037741,8119,Jahan Dotson,WR,ATL,26.4,ACT,,31,3.262925749833808,4.4423944088616985,0.0,4.4423944088616985,,9.610690807104382,15,0.0,0.132,,13.02,0.868,3.8559983468919543,-67.29121910511974,0.0,GB,71,0.06719537524153556,0.04257342898393741,Drake London,0.0915440872227739,421,143
00-0041125,13424,Seth McGowan,RB,IND,24.9,ACT,,0,,8.793288323941487,0.0,8.793288323941487,,8.793288323941487,15,0.0,0.16,,12.6,0.84,7.386362192110849,0.0,0.0,HOU,13,0.025676937441643323,,Jonathan Taylor,0.41470676320842803,422,94
00-0041438,13279,Carnell Tate,WR,TEN,21.6,ACT,,2,6.554261932030631,8.126446775895657,0.0,8.126446775895657,,9.610690807104382,15,0.0,0.17,,12.45,0.83,6.744950823993395,-18.47883818854862,0.0,NYG,74,0.11623779946761313,,Wan'Dale Robinson,0.13578546006743297,423,144
00-0041414,,Matthew Caldwell,QB,LA,23.3,RES,,0,,16.926742034406544,0.0,16.926742034406544,,16.926742034406544,15,8.449197860962567,0.116,,5.790909090909091,0.38606060606060605,6.5347482884345265,0.0,0.0,DEN,29,,,,,424,61
00-0040078,12455,Brashard Smith,RB,KC,23.4,ACT,,4,7.036059616955982,8.10705231999934,0.0,8.10705231999934,,8.793288323941487,15,0.0,0.162,,12.57,0.838,6.793709844159447,-8.62598656955279,0.0,MIA,97,0.11413383364602876,0.08544535653838221,Kenneth Walker III,0.4268367879997761,425,95
00-0035208,6271,Olamide Zaccheaus,WR,ATL,29.1,ACT,,32,5.437268167788205,6.220683568030457,0.0,6.220683568030457,,9.610690807104382,15,0.0,0.14,,12.9,0.86,5.349787868506192,-43.73109338405363,0.0,GB,71,0.029187518006669362,0.07186174575016598,Drake London,0.0915440872227739,426,145
00-0035021,6427,Ashton Dulin,WR,IND,29.3,ACT,Out,10,2.2798240676683417,5.945809870246338,0.0,5.945809870246338,,9.610690807104382,15,0.9995127892813642,0.179,Ankle,11.494399999999999,0.7662933333333333,4.5562344648373,-42.125607440621096,0.0,HOU,39,0.02156981200440375,0.032332665293072244,Keenan Allen,0.13698888360375597,427,146
00-0038547,10871,Luke Schoonmaker,TE,DAL,27.9,ACT,,24,2.940711957265319,4.374549982598616,0.0,4.374549982598616,,9.03730120334346,15,0.0,0.15,,12.75,0.85,3.7183674852088235,-59.45007806449677,0.0,BAL,10,0.019341504727076866,0.025440394806496413,Jake Ferguson,0.044278252611585946,428,87
00-0033555,4177,Mack Hollins,WR,NE,33.0,ACT,,33,7.152735002361749,7.610433708658026,0.0,7.610433708658026,,9.610690807104382,15,0.0,0.138,Abdomen,12.93,0.862,6.5601938568632185,-25.863324282911375,0.0,JAX,42,0.07079271151708807,0.0801953463006451,A.J. Brown,0.12016675524847197,429,147
00-0039032,9508,Tyjae Spears,RB,TEN,25.2,ACT,,27,8.647674706352197,8.676166077762138,0.0,8.676166077762138,,8.793288323941487,15,0.0,0.173,Concussion,12.405,0.827,7.175189346309288,-1.4529014638548252,0.0,NYG,90,0.16145053339061377,0.1678555545719784,Tony Pollard,0.28070383671863397,430,96
00-0037252,8172,Greg Dulcich,TE,MIA,26.4,ACT,,14,5.7089140128778695,6.586365382152313,0.0,6.586365382152313,,9.03730120334346,15,0.0,0.154,,12.69,0.846,5.572065113300857,-31.102375570915658,0.0,KC,42,0.07918803418803419,0.07042013390381723,Will Kacmarek,0.02072649572649573,431,88
00-0038679,11377,Tyrell Shavers,WR,BUF,27.0,RES,,11,4.4306351045496095,6.342491867558909,0.0,6.342491867558909,,9.610690807104382,15,8.449197860962567,0.157,,5.522326203208556,0.36815508021390375,2.3350206022571824,-18.04806064115038,0.0,LAC,61,0.03402876465512866,0.04041626252225191,Khalil Shakir,0.131568387570345,432,148
00-0034419,5121,Braxton Berrios,WR,NYG,30.9,ACT,,6,2.764304513573132,7.285117377047308,0.0,7.285117377047308,,9.610690807104382,15,0.0,0.191,Hamstring,12.135,0.8089999999999999,5.893659958031272,-28.220833573742592,0.0,TEN,97,0.05606060606060606,0.05606060606060606,Malik Nabers,0.09452461247312542,433,149
00-0037078,8214,Cole Turner,TE,MIA,26.5,RES,,0,,9.03730120334346,0.0,9.03730120334346,,9.03730120334346,15,8.449197860962567,0.195,,5.273395721925133,0.35155971479500886,3.177151033564017,0.0,0.0,KC,42,,,Greg Dulcich,0.07918803418803419,434,89
00-0041472,13307,Marlin Klein,TE,HOU,24.0,ACT,,0,,9.03730120334346,0.0,9.03730120334346,,9.03730120334346,15,0.0,0.207,,11.895000000000001,0.793,7.166579854251364,0.0,0.0,IND,84,0.014285714285714285,,Dalton Schultz,0.09898811855333595,435,90
00-0040131,12547,Kyle Williams,WR,NE,23.8,ACT,,10,4.414183625409887,6.171098508053918,0.0,6.171098508053918,,9.610690807104382,15,0.0,0.154,,12.69,0.846,5.220749337813614,-43.64842627495038,0.0,JAX,42,0.03514587385384829,0.030037610513573246,A.J. Brown,0.12016675524847197,436,150
00-0038735,11508,Princeton Fant,TE,DAL,27.5,RES,,0,,9.03730120334346,0.0,9.03730120334346,,9.03730120334346,15,8.449197860962567,0.186,,5.332352941176471,0.3554901960784314,3.2126719767964107,0.0,0.0,BAL,10,,,Jake Ferguson,0.044278252611585946,437,91
00-0041070,13297,Reggie Virgil,WR,ARI,22.3,ACT,,0,,9.610690807104382,0.0,9.610690807104382,,9.610690807104382,15,0.0,0.17,,12.45,0.83,7.976873369896636,0.0,0.0,SF,52,,,Michael Wilson,0.15608996770219424,438,151
00-0040673,12510,Jalen Milroe,QB,SEA,23.7,ACT,,0,,16.926742034406544,0.0,16.926742034406544,,16.926742034406544,15,0.0,0.09,,13.65,0.91,15.403335251309956,0.0,0.0,WAS,97,,,,,439,62
00-0036309,7090,Darnell Mooney,WR,NYG,28.8,ACT,,33,7.1761386139483765,7.607846482569177,0.0,7.607846482569177,,9.610690807104382,15,0.0,0.145,Hamstring,12.825,0.855,6.504708742596646,-25.686478462163997,0.0,TEN,97,0.06657939875417532,0.081147225122322,Malik Nabers,0.09452461247312542,440,152
00-0032464,3634,Kalif Raymond,WR,CHI,32.1,ACT,,20,7.964961953576764,8.38113573014594,0.0,8.38113573014594,,9.610690807104382,15,0.0,0.162,Ankle,12.57,0.838,7.023391741862298,-15.455507317367603,0.0,PHI,6,0.07137177072208933,0.04246473279147073,Luther Burden III,0.09958112254293885,441,153
00-0039356,11600,Ja'Tavion Sanders,TE,CAR,23.4,ACT,,26,4.461344105399463,5.634286607076067,0.0,5.634286607076067,,9.03730120334346,15,0.0,0.193,Neck,12.104999999999999,0.8069999999999999,4.546869291910386,-41.193491687816795,0.0,CLE,29,0.038944388944388945,0.05223407982085209,Tommy Tremble,0.06195896044736025,442,92
00-0038564,10210,Cameron Latu,TE,NE,26.5,ACT,,2,0.0,5.57432893159438,0.0,5.57432893159438,,9.03730120334346,15,0.0,0.164,,12.54,0.836,4.6601389868129015,-43.42567228773347,0.0,JAX,61,,,Hunter Henry,0.06992241768546818,443,93
00-0035250,6130,Devin Singletary,RB,NYG,29.0,ACT,,28,7.636719089937295,7.864852338418056,0.0,7.864852338418056,,8.793288323941487,15,0.0,0.118,,13.23,0.882,6.936799762484726,-12.283208088474995,0.0,TEN,29,0.14054242489132684,0.13586886089234876,Tyrone Tracy Jr.,0.28164684470441237,444,97
00-0036898,7585,Davis Mills,QB,HOU,27.9,ACT,,7,10.8151513619888,13.711615654839624,0.0,13.711615654839624,,16.926742034406544,15,0.0,0.079,,13.815000000000001,0.921,12.628398018107294,-44.416970933717,0.0,IND,87,,,,,445,63
00-0032398,3269,Chris Moore,WR,BAL,33.2,ACT,,11,3.672236326837147,5.507022297344179,0.0,5.507022297344179,,9.610690807104382,15,0.0,0.138,,12.93,0.862,4.747053220310682,-53.06043383119942,0.0,DAL,94,0.048466985776784925,0.053759348684932956,Zay Flowers,0.11238601844826676,446,154
00-0038619,10226,Andrei Iosivas,WR,CIN,26.9,ACT,,34,5.490338162549212,6.209207686179237,0.0,6.209207686179237,,9.610690807104382,15,0.0,0.132,,13.02,0.868,5.389592271603578,-44.28731023444538,0.0,PIT,58,0.049571914386558294,0.06657255222288164,Ja'Marr Chase,0.1285483397698016,447,155
00-0041525,13311,Chris Bell,WR,MIA,22.2,ACT,,2,1.4237698867177186,5.635009053420997,0.0,5.635009053420997,,9.610690807104382,15,0.0,0.17,,12.45,0.83,4.677057514339427,-49.49723783335814,0.0,KC,10,0.031837606837606836,,Malik Washington,0.12252136752136752,448,156
00-0037557,8195,Ronnie Rivers,RB,LA,27.6,ACT,,2,8.73395839912498,8.784833323923415,0.0,8.784833323923415,,8.793288323941487,15,0.0,0.134,,12.99,0.866,7.607665658517678,-0.10983045023475933,0.0,DEN,19,0.06486284548220783,0.0513960746780315,Kyren Williams,0.2623982175080143,449,98
00-0041106,13554,C.J. Williams,WR,JAX,23.9,ACT,,0,,9.610690807104382,0.0,9.610690807104382,,9.610690807104382,15,0.0,0.17,,12.45,0.83,7.976873369896636,0.0,0.0,NE,23,,,Parker Washington,0.19009280813526097,450,157
00-0041524,13434,Will Kacmarek,TE,MIA,23.6,ACT,,2,0.8304920453129124,5.051961447062686,0.0,5.051961447062686,,9.03730120334346,15,0.0,0.207,,11.895000000000001,0.793,4.00620542752071,-47.40561640095982,0.0,KC,42,0.02072649572649573,,Greg Dulcich,0.07918803418803419,451,94
00-0041251,13425,Jalon Daniels,QB,TB,23.8,ACT,,0,,16.926742034406544,0.0,16.926742034406544,,16.926742034406544,15,0.0,0.099,,13.515,0.901,15.250994573000296,0.0,0.0,MIN,0,,,,,452,64
00-0034798,5008,Durham Smythe,TE,BAL,31.1,ACT,,22,0.8854960730448725,2.804374805477922,0.0,2.804374805477922,,9.03730120334346,15,0.0,0.101,,13.485,0.8989999999999999,2.5211329501246516,-84.05101247521678,0.0,DAL,48,0.01841460631809907,0.021355338235630916,Mark Andrews,0.08757771311527804,453,95
00-0041490,13423,Eli Heidenreich,RB,PIT,23.1,ACT,,0,,8.793288323941487,0.0,8.793288323941487,,8.793288323941487,15,0.0,0.178,,12.330000000000002,0.8220000000000002,7.228083002279904,0.0,0.0,CIN,81,,,Jaylen Warren,0.2534413470067718,454,99
00-0040352,12829,Coleman Owen,WR,IND,25.4,RES,,0,,9.610690807104382,0.0,9.610690807104382,,9.610690807104382,15,4.0,0.197,,8.832999999999998,0.5888666666666665,5.659415459943532,0.0,0.0,HOU,39,0.017857142857142856,0.017857142857142856,Keenan Allen,0.13698888360375597,455,158
00-0039062,10225,Jonathan Mingo,WR,DAL,25.4,ACT,,17,1.3709886312353166,4.470062542042879,0.0,4.470062542042879,,9.610690807104382,15,0.0,0.192,Knee,12.120000000000001,0.808,3.611810533970646,-62.30441457254542,0.0,BAL,84,0.0170691962358629,0.015611179177852852,CeeDee Lamb,0.12203228869895535,456,159
00-0037545,8676,Rashid Shaheed,WR,SEA,28.0,ACT,,25,8.174843443301556,8.46407586751633,0.0,8.46407586751633,,9.610690807104382,15,0.0,0.192,Knee,12.120000000000001,0.808,6.838973300953195,-13.896973067807185,0.0,WAS,87,0.08037710302787442,0.0950205236847933,Jaxon Smith-Njigba,0.1855506578507981,457,160
00-0037524,8250,Tay Martin,WR,DET,28.7,ACT,,1,1.9,8.722400595664814,0.0,8.722400595664814,,9.610690807104382,15,0.0,0.164,,12.54,0.836,7.291926897975784,-11.139159251452178,0.0,NYJ,55,0.019463340891912317,0.019463340891912317,Amon-Ra St. Brown,0.2140781657194002,458,161
00-0040704,12486,Dillon Gabriel,QB,CLE,25.7,RES,,6,10.8041116264786,14.060544959518863,0.0,14.060544959518863,,16.926742034406544,15,8.449197860962567,0.1,Concussion,5.89572192513369,0.39304812834224595,5.52647087981089,-16.898300936169353,0.0,CAR,19,,,,,459,65
00-0040948,13770,J. Michael Sturdivant,WR,GB,24.0,ACT,,0,,9.610690807104382,0.0,9.610690807104382,,9.610690807104382,15,0.0,0.17,,12.45,0.83,7.976873369896636,0.0,0.0,ATL,77,,,Christian Watson,0.1513332745987695,460,162
00-0033376,4353,Patrick Ricard,RB,NYG,32.3,ACT,,16,0.6405488982331552,3.253894333127119,0.0,3.253894333127119,,8.793288323941487,15,0.0,0.168,Calf,12.479999999999999,0.832,2.707240085161763,-69.1316370053633,0.0,TEN,29,0.01652292152292152,0.01698005698005698,Tyrone Tracy Jr.,0.28164684470441237,461,100
00-0038400,9230,Tanner McKee,QB,PHI,26.3,ACT,,4,9.748851969709841,14.165748240995722,0.0,14.165748240995722,,16.926742034406544,15,0.0,0.084,Thumb,13.74,0.916,12.975825388752082,-37.9360547214647,0.0,CHI,77,,,,,462,66
00-0041051,13411,Zavion Thomas,WR,CHI,22.5,ACT,,0,,9.610690807104382,0.0,9.610690807104382,,9.610690807104382,15,0.0,0.17,,12.45,0.83,7.976873369896636,0.0,0.0,PHI,6,,,Luther Burden III,0.09958112254293885,463,163
00-0038720,11371,Julian Hill,TE,NE,26.1,RES,,25,2.2538443984759615,4.0258529028946795,0.0,4.0258529028946795,,9.03730120334346,15,8.449197860962567,0.179,Ankle,5.378208556149732,0.3585472370766488,1.4434584352098936,-26.952614128175668,0.0,JAX,61,0.030524475524475524,0.0352418716458159,Hunter Henry,0.06992241768546818,464,96
00-0041565,13289,Drew Allar,QB,PIT,22.5,ACT,,0,,16.926742034406544,0.0,16.926742034406544,,16.926742034406544,15,0.0,0.099,,13.515,0.901,15.250994573000296,0.0,0.0,CIN,58,,,,,465,67
00-0038618,10218,Xavier Hutchinson,WR,HOU,26.3,ACT,,27,5.463880080763764,6.253733918012184,0.0,6.253733918012184,,9.610690807104382,15,0.0,0.132,,13.02,0.868,5.428241040834576,-43.70757869598041,0.0,IND,100,0.11480844198235503,0.06718733395723436,Nico Collins,0.12007777022319592,466,164
00-0041399,,CJ Daniels,WR,LA,24.7,ACT,,0,,9.610690807104382,0.0,9.610690807104382,,9.610690807104382,15,0.0,0.191,,12.135,0.8089999999999999,7.775048862947444,0.0,0.0,DEN,16,,,Puka Nacua,0.22030271027752674,467,165
00-0040179,12471,DJ Giddens,RB,IND,23.0,ACT,Questionable,2,3.3666666666666667,7.441244086626102,0.0,7.441244086626102,,8.793288323941487,15,0.38563049853372433,0.162,,12.24684164222874,0.8164561094819159,6.075449196672061,-16.558271667689457,0.0,HOU,13,0.06656668113967021,0.08803595360738833,Jonathan Taylor,0.41470676320842803,468,101
00-0036630,7595,Tylan Wallace,WR,CLE,27.3,ACT,,11,1.646743321847316,5.1510794587096,0.0,5.1510794587096,,9.610690807104382,15,0.0,0.132,,13.02,0.868,4.471136970159933,-58.06413975610005,0.0,CAR,19,0.02331738437001595,0.025757688870790774,KC Concepcion,0.15694682675814753,469,166
00-0026158,19,Joe Flacco,QB,CIN,41.6,ACT,,17,14.676066548609272,15.443282214854742,0.0,15.443282214854742,,16.926742034406544,15,0.0,0.071,,13.935,0.929,14.346809177600056,-20.672012585454365,0.0,PIT,55,,,,,470,68
00-0039376,11562,Spencer Rattler,QB,NO,25.9,ACT,,15,11.265489542357479,13.41922766484761,0.0,13.41922766484761,,16.926742034406544,15,0.0,0.072,,13.92,0.928,12.453043272978581,-48.82460002426038,0.0,LV,42,,,,,471,69
00-0037801,8917,KaVontae Turpin,WR,DAL,30.1,ACT,,22,5.383166172812745,6.555787034552696,0.0,6.555787034552696,,9.610690807104382,15,0.0,0.138,Foot,12.93,0.862,5.651088423784424,-39.49990577909329,0.0,BAL,84,0.021961063627730294,0.05706134192681532,CeeDee Lamb,0.12203228869895535,472,167
00-0033375,4351,Tim Patrick,WR,NYJ,32.8,RES,,22,5.885408234448904,6.985181473176853,0.0,6.985181473176853,,9.610690807104382,15,8.449197860962567,0.148,Groin,5.581283422459893,0.3720855614973262,2.5990851706077294,-14.653711720963429,0.0,DET,90,0.016937399602493942,0.02895429802081863,Garrett Wilson,0.11222519310754604,473,168
00-0032392,3202,Austin Hooper,TE,ATL,31.8,ACT,,31,5.315673916848022,6.105781325985511,0.0,6.105781325985511,,9.03730120334346,15,0.0,0.106,Concussion,13.41,0.894,5.458568505431047,-39.31168155537011,0.0,GB,16,0.04486923450958599,0.03413267986324423,Kyle Pitts,0.0700603587388282,474,97
00-0039894,11624,Xavier Worthy,WR,KC,23.3,ACT,,31,9.610690807104382,9.610690807104382,0.0,9.610690807104382,,9.610690807104382,15,0.0,0.142,,12.87,0.858,8.24597271249556,0.0,0.0,MIA,48,0.09613450840986143,0.10022830781386392,Rashee Rice,0.1106131402396258,475,169
00-0037666,8117,Jalen Tolbert,WR,MIA,27.5,ACT,,27,5.870149314824839,6.852919194358624,0.0,6.852919194358624,,9.610690807104382,15,0.0,0.132,,13.02,0.868,5.948333860703285,-35.90618639794976,0.0,KC,10,0.04080299523007856,0.04554902172144832,Malik Washington,0.12252136752136752,476,170
00-0037132,8414,Britain Covey,WR,PHI,29.5,ACT,,2,4.860000000000001,8.581594290711772,0.0,8.581594290711772,,9.610690807104382,15,0.0,0.209,Neck,11.865,0.791,6.788041083953012,-12.210230166998313,0.0,CHI,81,0.06779661016949153,0.06779661016949153,DeVonta Smith,0.13278299618393238,477,171
00-0040886,13288,Nicholas Singleton,RB,TEN,22.7,ACT,,0,,8.793288323941487,0.0,8.793288323941487,,8.793288323941487,15,0.0,0.178,,12.330000000000002,0.8220000000000002,7.228083002279904,0.0,0.0,NYG,90,0.08163265306122448,,Tony Pollard,0.28070383671863397,478,102
00-0040739,12521,Elijah Arroyo,TE,SEA,23.4,ACT,,13,2.927283001888732,4.891439389126211,0.0,4.891439389126211,,9.03730120334346,15,0.0,0.21,Knee,11.850000000000001,0.7900000000000001,3.864237117409708,-49.128462498474406,0.0,WAS,87,0.02230763676603257,0.034182194394911526,AJ Barner,0.044827811272411554,479,98
00-0040398,12538,Brady Cook,QB,MIA,24.9,ACT,,5,5.76093847953186,11.285393312474493,0.0,11.285393312474493,,16.926742034406544,15,0.0,0.083,,13.755,0.917,10.348705667539111,-77.59675167017537,0.0,KC,16,,,,,480,70
00-0041029,13281,Jordyn Tyson,WR,NO,22.1,RES,,0,,9.610690807104382,0.0,9.610690807104382,,9.610690807104382,15,8.449197860962567,0.187,,5.325802139037433,0.35505347593582887,3.4123091772069274,0.0,0.0,LV,35,,,Chris Olave,0.18944039668083384,481,172
00-0036550,7571,Rashod Bateman,WR,BAL,26.8,ACT,,31,8.095437138904632,8.390775060382932,0.0,8.390775060382932,,9.610690807104382,15,0.0,0.141,Ankle,12.885,0.859,7.207675776868938,-15.718614396505876,0.0,DAL,94,0.05934370805159289,0.05601914066641034,Zay Flowers,0.11238601844826676,482,173
00-0035662,5848,Marquise Brown,WR,PHI,29.2,ACT,,19,7.203465584433508,7.787249020618579,0.0,7.787249020618579,,9.610690807104382,15,0.0,0.145,Not injury related - personal matter,12.825,0.855,6.658097912628885,-23.385640911680415,0.0,CHI,81,0.07254760674697047,0.0803967371138129,DeVonta Smith,0.13278299618393238,483,174
00-0040964,13778,EJ Smith,RB,KC,,RES,,0,,8.793288323941487,0.0,8.793288323941487,,8.793288323941487,15,4.0,0.171,,9.119,0.6079333333333333,5.345733081734828,0.0,0.0,MIA,97,,,Kenneth Walker III,0.4268367879997761,484,103
00-0033217,4054,Mo Alie-Cox,TE,IND,33.0,ACT,,23,2.9227404949543523,4.567004505633105,0.0,4.567004505633105,,9.03730120334346,15,0.0,0.101,,13.485,0.8989999999999999,4.105737050564161,-60.281950968624145,0.0,HOU,52,0.047017046826845973,0.030664183766917767,Tyler Warren,0.11158677307400948,485,99
00-0030565,1373,Geno Smith,QB,NYJ,35.9,ACT,,34,12.946899644671467,13.662135773635491,0.0,13.662135773635491,,16.926742034406544,15,0.0,0.081,Shoulder,13.785,0.919,12.555502775971016,-45.00259730472897,0.0,DET,94,,,,,486,71
00-0039912,11596,Ben Sinnott,TE,WAS,24.2,ACT,,15,2.854097000454109,4.717594430863519,0.0,4.717594430863519,,9.03730120334346,15,0.0,0.159,Ankle,12.615,0.841,3.9674969163562195,-54.49310093483446,0.0,SEA,68,0.04751295849376872,0.0338827256663534,Chig Okonkwo,0.09054915672562731,487,100
00-0036988,7670,Josh Palmer,WR,BUF,26.9,ACT,,28,6.458713579001997,7.105467137107953,0.0,7.105467137107953,,9.610690807104382,15,0.0,0.146,Knee,12.81,0.854,6.068068935090192,-32.09191521265424,0.0,LAC,61,0.03896363769388352,0.04939975851408072,Khalil Shakir,0.131568387570345,488,175
00-0035359,6154,David Sills,WR,TB,31.3,RES,,11,3.9921960077556573,5.9237742983737665,0.0,5.9237742983737665,,9.610690807104382,15,8.449197860962567,0.155,,5.535427807486631,0.3690285204991087,2.1860416650995167,-20.408660166308973,0.0,MIN,13,0.06518765012434327,0.050771059443424194,Ted Hurst III,0.0905720338983051,489,176
00-0039603,12171,British Brooks,RB,HOU,26.8,ACT,,1,6.3,8.341643550025104,0.0,8.341643550025104,,8.793288323941487,15,0.0,0.189,,12.165,0.8109999999999999,6.765072919070359,-5.494258674692803,0.0,IND,65,0.08792892156862746,0.08792892156862746,Woody Marks,0.2239708652752131,490,104
00-0041451,14034,Brock Rechsteiner,WR,NO,24.0,RES,,0,,9.610690807104382,0.0,9.610690807104382,,9.610690807104382,15,8.449197860962567,0.208,,5.188235294117647,0.3458823529411765,3.324168349751398,0.0,0.0,LV,35,,,Chris Olave,0.18944039668083384,491,177
00-0039359,11599,Cade Stover,TE,HOU,26.2,ACT,,21,2.4796892774945096,4.344768637198028,0.0,4.344768637198028,,9.03730120334346,15,0.0,0.198,Illness,12.030000000000001,0.802,3.4845044470328186,-56.45116677072956,0.0,IND,84,0.04140463250517598,0.05570564023819073,Dalton Schultz,0.09898811855333595,492,101
00-0038710,11201,Blake Whiteheart,TE,CLE,26.4,ACT,,11,3.195932193109273,5.018756344128434,0.0,5.018756344128434,,9.03730120334346,15,0.0,0.154,,12.69,0.846,4.245867867132655,-50.995334263438686,0.0,CAR,45,0.02575889638799811,0.01815518750744805,Harold Fannin Jr.,0.08445253259473798,493,102
00-0031235,2078,Odell Beckham Jr.,WR,NYG,33.8,ACT,,5,2.607903915027198,7.610691956816911,0.0,7.610691956816911,,9.610690807104382,15,0.0,0.143,,12.855,0.857,6.522363006992093,-25.709985220445432,0.0,TEN,97,,,Malik Nabers,0.09452461247312542,494,178
00-0037816,8121,Romeo Doubs,WR,NE,26.4,ACT,,31,9.570588651628919,9.577971824831657,0.0,9.577971824831657,,9.610690807104382,15,0.0,0.146,Concussion,12.81,0.854,8.179587938406234,-0.41913016291360106,0.0,JAX,42,0.08943096532091097,0.09510987099265268,A.J. Brown,0.12016675524847197,495,179
00-0039746,11577,Will Shipley,RB,PHI,24.0,ACT,,3,5.260106024519192,7.305452662302953,0.0,7.305452662302953,,8.793288323941487,15,0.0,0.149,Concussion,12.765,0.8510000000000001,6.216940215619814,-18.992222220815897,0.0,CHI,42,0.06807897495511017,0.03973660744431842,Saquon Barkley,0.30903782828224474,496,105
00-0038573,10234,Derius Davis,WR,LAC,26.0,ACT,,7,1.6228351884259935,6.371210089079763,0.0,6.371210089079763,,9.610690807104382,15,0.0,0.188,Knee,12.180000000000001,0.812,5.173422592332767,-39.45687514553986,0.0,BUF,26,0.01924415626746135,0.017020325013969082,Quentin Johnston,0.1220126526430492,497,180
00-0040189,12493,Oronde Gadsden II,TE,LAC,23.2,ACT,,16,8.577022587247926,8.695650069657296,0.0,8.695650069657296,,9.03730120334346,15,0.0,0.189,,12.165,0.8109999999999999,7.052172206492067,-4.156186041292196,0.0,BUF,6,0.040734494026387215,0.07405894273244935,David Njoku,0.05155771896252386,498,103
00-0038935,9480,Brenton Strange,TE,JAX,25.7,ACT,,28,8.23715237737649,8.396409274861881,0.0,8.396409274861881,,9.03730120334346,15,0.0,0.179,Hip,12.315,0.821,6.893452014661604,-7.8925840992506515,0.0,NE,23,0.07344094584660622,0.08236672892311055,Nate Boerkircher,0.01818181818181818,499,104
00-0036264,6804,Jordan Love,QB,GB,27.8,ACT,,32,15.386370926498355,15.668915765764082,0.0,15.668915765764082,,16.926742034406544,15,0.0,0.084,Shoulder,13.74,0.916,14.3527268414399,-17.282532931147436,0.0,ATL,61,,,,,500,72
00-0036637,7828,Noah Gray,TE,KC,27.3,ACT,,31,3.605009218377874,4.627556429885387,0.0,4.627556429885387,,9.03730120334346,15,0.0,0.154,Concussion,12.69,0.846,3.914912739683037,-55.95966117518295,0.0,MIA,81,0.03638133665412227,0.04660275387906288,Travis Kelce,0.11977812338852134,501,105
00-0040782,12503,Isaiah Bond,WR,CLE,22.5,ACT,,15,3.653706168030615,5.393039689819757,0.0,5.393039689819757,,9.610690807104382,15,0.0,0.16,Foot,12.6,0.84,4.530153339448596,-53.14240407778627,0.0,CAR,19,0.030328022947233465,0.056483905762399686,KC Concepcion,0.15694682675814753,502,181
00-0034869,4943,Sam Darnold,QB,SEA,29.2,ACT,Out,34,15.05587645278802,15.42643248532808,0.0,15.42643248532808,,16.926742034406544,15,0.9995127892813642,0.077,Glute,12.9224496954933,0.86149664636622,13.289819851505055,-19.387674675634692,0.0,WAS,97,,,,,503,73
00-0036945,7591,Justin Fields,QB,KC,27.5,ACT,,15,16.347512309611083,16.571621081655927,0.0,16.571621081655927,,16.926742034406544,15,0.0,0.108,Knee,13.38,0.892,14.781886004837087,-4.751518347803261,0.0,MIA,74,,,,,504,74
00-0041004,13410,Chase Roberts,WR,LV,,RES,,0,,9.610690807104382,0.0,9.610690807104382,,9.610690807104382,15,4.0,0.176,,9.064,0.6042666666666666,5.8074200983729405,0.0,0.0,NO,29,,,Tre Tucker,0.11527020072053526,505,182
00-0041562,13269,Fernando Mendoza,QB,LV,22.9,ACT,,0,,16.926742034406544,0.0,16.926742034406544,,16.926742034406544,15,0.0,0.099,,13.515,0.901,15.250994573000296,0.0,0.0,NO,10,,,,,506,75
00-0037031,8107,Nikola Kalinic,TE,CHI,29.6,RES,,0,,9.03730120334346,0.0,9.03730120334346,,9.03730120334346,15,8.449197860962567,0.152,,5.555080213903743,0.3703386809269162,3.3468622067854494,0.0,0.0,PHI,0,,,Colston Loveland,0.09892288033412905,507,106
00-0041052,13414,Kaelon Black,RB,SF,24.9,ACT,Questionable,2,4.737352679127843,6.823670015177113,0.0,6.823670015177113,,8.793288323941487,15,0.38563049853372433,0.16,,12.276070381231671,0.8184046920821114,5.584523557640962,-24.179172982553954,0.0,ARI,84,0.18861607142857142,,Christian McCaffrey,0.31589412647999304,508,106
00-0039919,11620,Rome Odunze,WR,CHI,24.2,ACT,,31,9.442959137875869,9.476600046487514,0.0,9.476600046487514,,9.610690807104382,15,0.0,0.174,Foot,12.39,0.8260000000000001,7.827671638398687,-1.6613845240429916,0.0,PHI,6,0.0644362875400027,0.11295734820056322,Luther Burden III,0.09958112254293885,509,183
00-0032268,2307,Marcus Mariota,QB,WAS,32.8,ACT,,13,12.386885079958088,13.804992451017405,0.0,13.804992451017405,,16.926742034406544,15,0.0,0.1,Chest,13.5,0.9,12.424493205915665,-42.143619375753374,0.0,SEA,3,,,,,510,76
00-0040240,12735,Caleb Lohner,TE,DEN,24.9,RES,,0,,9.03730120334346,0.0,9.03730120334346,,9.03730120334346,15,8.449197860962567,0.202,,5.227540106951872,0.34850267379679145,3.149523633272157,0.0,0.0,LA,39,,,Evan Engram,0.0579728309785232,511,107
00-0041133,13577,Dallen Bentley,TE,DEN,25.7,ACT,,0,,9.03730120334346,0.0,9.03730120334346,,9.03730120334346,15,0.0,0.185,,12.225,0.815,7.36540048072492,0.0,0.0,LA,39,,,Evan Engram,0.0579728309785232,512,108
00-0040981,13350,Joe Fagnano,QB,BAL,25.4,ACT,,0,,16.926742034406544,0.0,16.926742034406544,,16.926742034406544,15,0.0,0.086,,13.71,0.914,15.471042219447583,0.0,0.0,DAL,100,,,,,513,77
00-0040138,12536,Jaylin Noel,WR,HOU,24.0,ACT,,14,5.851483964289926,6.8424809251304515,0.0,6.8424809251304515,,9.610690807104382,15,0.0,0.154,,12.69,0.846,5.788738862660362,-35.12858340224917,0.0,IND,100,0.03500456978717848,0.04175044494614935,Nico Collins,0.12007777022319592,514,184
00-0040009,12482,Savion Williams,WR,GB,24.8,RES,,1,1.2000000000000002,8.492926843139506,0.0,8.492926843139506,,9.610690807104382,15,4.0,0.205,Foot,8.745000000000001,0.5830000000000001,4.9513763495503325,-9.774845864872841,0.0,ATL,77,0.024297739929305055,0.030484823524248895,Christian Watson,0.1513332745987695,515,185
00-0039849,11628,Marvin Harrison Jr.,WR,ARI,24.1,ACT,,30,8.724543668326497,8.902890934433682,0.0,8.902890934433682,,9.610690807104382,15,0.0,0.184,Heel,12.24,0.8160000000000001,7.264759002497885,-8.663470441489366,0.0,SF,52,0.03500782472613458,0.10197029835688065,Michael Wilson,0.15608996770219424,516,186
00-0040184,12670,KeAndre Lambert-Smith,WR,LAC,24.9,RES,,5,3.7063759298916295,6.868694418309426,0.0,6.868694418309426,,9.610690807104382,15,8.804610318331504,0.184,,5.055437980241494,0.33702919868276626,2.314950575799615,-13.86199268559904,0.0,BUF,26,0.032203001752501195,0.02777947769154033,Quentin Johnston,0.1220126526430492,517,187
00-0040058,13151,Nick Kallerup,TE,SEA,25.4,ACT,,2,0.0,6.743938657599598,0.0,6.743938657599598,,9.03730120334346,15,0.0,0.168,,12.479999999999999,0.832,5.610956963122865,-28.6211645708834,0.0,WAS,87,0.017241379310344827,0.017241379310344827,AJ Barner,0.044827811272411554,518,109
00-0041067,13420,Bryce Lance,WR,NO,24.0,ACT,,2,3.9966735395073374,6.884446565503122,0.0,6.884446565503122,,9.610690807104382,15,0.0,0.191,,12.135,0.8089999999999999,5.569517271492026,-33.08297387183128,0.0,LV,35,0.03288807933616677,,Chris Olave,0.18944039668083384,519,188
00-0039518,,Treyton Welch,TE,NO,25.6,ACT,,0,,9.03730120334346,0.0,9.03730120334346,,9.03730120334346,15,0.0,0.182,,12.270000000000001,0.8180000000000001,7.392512384334951,0.0,0.0,LV,13,,,Juwan Johnson,0.07849018417324428,520,110
00-0037594,8254,Julius Chestnut,RB,TEN,25.8,ACT,,2,1.393884842629542,7.518532630134507,0.0,7.518532630134507,,8.793288323941487,15,0.0,0.134,,12.99,0.866,6.511049257696483,-16.559076462552678,0.0,NYG,90,0.027361986461251167,0.03264367186800914,Tony Pollard,0.28070383671863397,521,107
00-0040154,12496,Tai Felton,WR,MIN,23.5,ACT,,1,1.9,8.784509491154031,0.0,8.784509491154031,,9.610690807104382,15,0.0,0.154,,12.69,0.846,7.43169502951631,-10.484240899409945,0.0,TB,45,0.01808139878315317,0.01808139878315317,Justin Jefferson,0.14683929113156033,522,189
00-0037329,8423,Brittain Brown,RB,CHI,28.9,RES,,0,,8.793288323941487,0.0,8.793288323941487,,8.793288323941487,15,8.449197860962567,0.156,,5.528877005347593,0.3685918003565062,3.2411339743754377,0.0,0.0,PHI,52,0.08108108108108109,0.08108108108108109,D'Andre Swift,0.257382476293725,523,108
00-0040727,12509,Tre Harris,WR,LAC,24.5,ACT,,16,5.156287396397286,6.196042763565861,0.0,6.196042763565861,,9.610690807104382,15,0.0,0.174,,12.39,0.8260000000000001,5.1179313227054015,-42.30748925944228,0.0,BUF,26,0.08118973087992915,0.046675530929444146,Quentin Johnston,0.1220126526430492,524,190
00-0036879,7583,Sam Ehlinger,QB,DEN,27.9,ACT,,0,,16.926742034406544,0.0,16.926742034406544,,16.926742034406544,15,0.0,0.082,,13.770000000000001,0.918,15.538749187585209,0.0,0.0,LA,35,,,,,525,78
00-0039021,10235,Roschon Johnson,RB,CHI,25.6,ACT,,12,5.9761720530840865,7.432029100571852,0.0,7.432029100571852,,8.793288323941487,15,0.0,0.187,Back,12.194999999999999,0.813,6.042239658764915,-16.6005562289927,0.0,PHI,52,0.016504329004329004,0.016504329004329004,D'Andre Swift,0.257382476293725,526,109
00-0038498,11304,E.J. Jenkins,TE,PHI,27.8,ACT,,1,7.7,8.908926534652235,0.0,8.908926534652235,,9.03730120334346,15,0.0,0.169,,12.465,0.831,7.403317950296007,-1.6001902452361312,0.0,CHI,35,,,Dallas Goedert,0.08871727768855407,527,111
00-0036825,7531,Feleipe Franks,TE,CAR,28.7,ACT,,1,0.0,8.343578509602988,0.0,8.343578509602988,,9.03730120334346,15,0.0,0.12,Concussion,13.2,0.88,7.3423490884506295,-9.157139557374235,0.0,CLE,29,0.017427884615384616,0.017427884615384616,Tommy Tremble,0.06195896044736025,528,112
00-0041035,13417,De'Zhaun Stribling,WR,SF,23.7,RES,Out,0,,9.610690807104382,0.0,9.610690807104382,,9.610690807104382,15,8.804610318331504,0.181,Ankle,5.074024149286498,0.3382682766190999,3.2509918164382254,0.0,0.0,ARI,68,,,Deebo Samuel Sr.,0.1229995203209489,529,191
00-0040901,13422,Jaren Kanak,TE,TEN,22.6,RES,,0,,9.03730120334346,0.0,9.03730120334346,,9.03730120334346,15,8.449197860962567,0.225,,5.076871657754011,0.3384581105169341,3.0587478894560425,0.0,0.0,NYG,32,,,Gunnar Helm,0.05576034761730779,530,113
00-0040164,12641,Jaylin Lane,WR,WAS,24.3,ACT,,13,3.613420187353987,5.549166939725614,0.0,5.549166939725614,,9.610690807104382,15,0.0,0.184,Ankle,12.24,0.8160000000000001,4.528120222816102,-49.713052136716115,0.0,SEA,0,0.015232466663189555,0.04452724624331794,Terry McLaurin,0.10947841544856471,531,192
00-0036984,7593,Trey Sermon,RB,ATL,27.6,RES,,8,4.284125928125044,7.130025616861933,0.0,7.130025616861933,,8.793288323941487,15,8.449197860962567,0.155,,5.535427807486631,0.3690285204991087,2.631182804511304,-9.206870639923656,0.0,GB,68,,,Bijan Robinson,0.4448082174776564,532,110
00-0041579,13429,Seydou Traore,TE,MIA,24.1,ACT,,0,,9.03730120334346,0.0,9.03730120334346,,9.03730120334346,15,0.0,0.185,,12.225,0.815,7.36540048072492,0.0,0.0,KC,42,,,Greg Dulcich,0.07918803418803419,533,114
00-0041568,13275,Ty Simpson,QB,LA,23.7,ACT,,0,,16.926742034406544,0.0,16.926742034406544,,16.926742034406544,15,0.0,0.099,,13.515,0.901,15.250994573000296,0.0,0.0,DEN,29,,,,,534,79
00-0037086,8177,Grant Calcaterra,TE,PHI,27.7,RES,,22,3.5000692199336783,5.159196614351036,0.0,5.159196614351036,,9.03730120334346,15,8.449197860962567,0.174,Oblique,5.41096256684492,0.3607308377896613,1.8610813170164335,-20.98427876134751,0.0,CHI,35,0.02566096429728968,0.02894442772687613,Dallas Goedert,0.08871727768855407,535,115
00-0041096,13405,Kaytron Allen,RB,WAS,23.6,ACT,,0,,8.793288323941487,0.0,8.793288323941487,,8.793288323941487,15,0.0,0.178,,12.330000000000002,0.8220000000000002,7.228083002279904,0.0,0.0,SEA,3,0.0676164631388512,,Jacory Croskey-Merritt,0.23500152418062864,536,111
00-0036972,7527,Mac Jones,QB,SF,28.0,ACT,,17,14.29563241411456,15.205042116086181,0.0,15.205042116086181,,16.926742034406544,15,0.0,0.079,,13.815000000000001,0.921,14.003843788915374,-23.785284371595818,0.0,ARI,71,,,,,537,80
00-0041529,13338,Kevin Coleman Jr.,WR,MIA,23.0,ACT,,1,0.0,6.943953358182251,0.0,6.943953358182251,,9.610690807104382,15,0.0,0.17,,12.45,0.83,5.763481287291268,-33.20088123908053,0.0,KC,10,0.044444444444444446,,Malik Washington,0.12252136752136752,538,193
00-0038128,8161,Malik Willis,QB,MIA,27.3,ACT,,8,15.742689725179797,16.189490762489786,0.0,16.189490762489786,,16.926742034406544,15,0.0,0.079,,13.815000000000001,0.921,14.910520992253094,-10.185126321530014,0.0,KC,16,,,,,539,81
00-0040955,13342,John Michael Gyllenborg,TE,KC,24.1,RES,,0,,9.03730120334346,0.0,9.03730120334346,,9.03730120334346,15,8.449197860962567,0.202,,5.227540106951872,0.34850267379679145,3.149523633272157,0.0,0.0,MIA,81,,,Travis Kelce,0.11977812338852134,540,116
00-0036429,7075,Charlie Woerner,TE,ATL,28.9,ACT,,19,1.2858460234077251,3.486726410130626,0.0,3.486726410130626,,9.03730120334346,15,0.0,0.12,Concussion,13.2,0.88,3.068319240914951,-73.26758727040942,0.0,GB,16,0.029493856837606837,0.02538119691023502,Kyle Pitts,0.0700603587388282,541,117
00-0029604,1166,Kirk Cousins,QB,LV,38.0,ACT,,26,12.921218551887526,13.7653496952367,0.0,13.7653496952367,,16.926742034406544,15,0.0,0.071,,13.935,0.929,12.788009866874896,-44.05400224633177,0.0,NO,10,,,,,542,82
00-0041131,13580,Carsen Ryan,TE,CLE,23.0,ACT,,0,,9.03730120334346,0.0,9.03730120334346,,9.03730120334346,15,0.0,0.207,,11.895000000000001,0.793,7.166579854251364,0.0,0.0,CAR,45,,,Harold Fannin Jr.,0.08445253259473798,543,118
00-0036290,6826,Cole Kmet,TE,CHI,27.5,ACT,,34,5.383346702617826,6.014820880352573,0.0,6.014820880352573,,9.03730120334346,15,0.0,0.154,Back,12.69,0.846,5.088538464778277,-38.35527529875436,0.0,PHI,0,0.03394497086447551,0.04634688083164077,Colston Loveland,0.09892288033412905,544,119
00-0038611,10219,Chris Rodriguez Jr.,RB,JAX,26.9,ACT,,15,6.7799752658625545,7.302364385773974,0.0,7.302364385773974,,8.793288323941487,15,0.0,0.135,,12.975,0.865,6.316545193694488,-19.344738097723482,0.0,NE,16,0.20466758458672205,0.1708355702776061,Bhayshul Tuten,0.18467134280813524,545,112
00-0037742,8135,Treylon Burks,WR,WAS,26.4,ACT,,13,2.6235174309359337,4.848366610443107,0.0,4.848366610443107,,9.610690807104382,15,0.0,0.222,Knee,11.67,0.778,3.7720292229247376,-55.57632337503707,0.0,SEA,0,0.057935076058743436,0.05005805659377656,Terry McLaurin,0.10947841544856471,546,194
00-0039737,11716,Tip Reiman,TE,ARI,25.0,RES,,11,1.40731655037101,5.273957713420561,0.0,5.273957713420561,,9.03730120334346,15,4.0,0.232,Foot,8.448,0.5632,2.97029298419846,-31.792725802868656,0.0,SF,58,0.027289877699713763,0.027289877699713763,Trey McBride,0.2088833949322412,547,120
00-0041077,13400,Justin Joly,TE,MIA,22.1,ACT,,0,,9.03730120334346,0.0,9.03730120334346,,9.03730120334346,15,0.0,0.207,,11.895000000000001,0.793,7.166579854251364,0.0,0.0,KC,42,,,Greg Dulcich,0.07918803418803419,548,121
00-0039916,11638,Ricky Pearsall,WR,SF,26.0,RES,,20,9.298391073471576,9.39151220384615,0.0,9.39151220384615,,9.610690807104382,15,8.449197860962567,0.237,Knee,4.998262032085561,0.3332174688057041,3.1294159248234936,-1.0955120909111664,0.0,ARI,68,0.07611149194623809,0.08823471126188975,Deebo Samuel Sr.,0.1229995203209489,549,195
00-0040888,13302,Adam Randall,RB,BAL,22.1,RES,,0,,8.793288323941487,0.0,8.793288323941487,,8.793288323941487,15,8.449197860962567,0.195,,5.273395721925133,0.35155971479500886,3.091365935275151,0.0,0.0,DAL,87,,,Derrick Henry,0.43038343102188054,550,113
00-0038115,8225,Daniel Bellinger,TE,TEN,25.9,ACT,,23,3.439881649467198,4.644661885985861,0.0,4.644661885985861,,9.03730120334346,15,0.0,0.155,,12.674999999999999,0.845,3.9247392936580523,-55.67670334750757,0.0,NYG,32,0.03052421308454299,0.03361002879088996,Gunnar Helm,0.05576034761730779,551,122
00-0039263,12070,McCallan Castles,TE,GB,26.7,RES,,0,,9.03730120334346,0.0,9.03730120334346,,9.03730120334346,15,4.0,0.201,,8.789,0.5859333333333333,5.2952560184123785,0.0,0.0,ATL,65,,,Tucker Kraft,0.08757803052586854,552,123
00-0041443,13402,Skyler Bell,WR,BUF,24.2,ACT,,0,,9.610690807104382,0.0,9.610690807104382,,9.610690807104382,15,0.0,0.191,,12.135,0.8089999999999999,7.775048862947444,0.0,0.0,LAC,61,,,Khalil Shakir,0.131568387570345,553,196
00-0037837,8125,Calvin Austin III,WR,NYG,27.4,RES,,30,6.60515477615777,7.2938469342212295,0.0,7.2938469342212295,,9.610690807104382,15,8.449197860962567,0.161,Shoulder,5.496122994652406,0.36640819964349375,2.672525323643217,-12.733658884772629,0.0,TEN,97,0.06140779989392602,0.07476808561316901,Malik Nabers,0.09452461247312542,554,197
00-0040203,12511,Will Howard,QB,PIT,24.9,ACT,,0,,16.926742034406544,0.0,16.926742034406544,,16.926742034406544,15,0.0,0.126,Hand,13.11,0.874,14.79397253807132,0.0,0.0,CIN,58,,,,,555,83
00-0034775,4950,Christian Kirk,WR,SF,29.8,RES,,19,5.796991720719326,6.937083231389621,0.0,6.937083231389621,,9.610690807104382,15,8.449197860962567,0.218,Collarbone,5.122727272727273,0.34151515151515155,2.3691190308412433,-13.696162444684253,0.0,ARI,68,0.08542720647164896,0.08234400860230469,Deebo Samuel Sr.,0.1229995203209489,556,198
00-0031595,2471,Michael Burton,RB,CLE,34.6,ACT,,3,2.524357459108607,7.528307161012779,0.0,7.528307161012779,,8.793288323941487,15,0.0,0.221,,11.685,0.779,5.864551278428955,-14.781304888821959,0.0,CAR,94,,,Quinshon Judkins,0.295542555520085,557,114
00-0033858,4144,Jonnu Smith,TE,GB,31.0,ACT,,35,7.662563515412456,7.914818920998558,0.0,7.914818920998558,,9.03730120334346,15,0.0,0.101,,13.485,0.8989999999999999,7.1154222099777025,-15.136673577421012,0.0,ATL,65,0.06466899688730675,0.06534350274018023,Tucker Kraft,0.08757803052586854,558,124
00-0041561,13272,Carson Beck,QB,ARI,24.8,ACT,,0,,16.926742034406544,0.0,16.926742034406544,,16.926742034406544,15,0.0,0.086,,13.71,0.914,15.471042219447583,0.0,0.0,SF,45,,,,,559,84
00-0034855,4892,Baker Mayfield,QB,TB,31.4,ACT,,36,16.45075239071949,16.530455605922107,0.0,16.530455605922107,,16.926742034406544,15,0.0,0.071,,13.935,0.929,15.356793257901638,-5.522251380930633,0.0,MIN,0,,,,,560,85
00-0038685,11370,Chris Brooks,RB,GB,26.6,ACT,,17,3.4950755120162,4.849100911273434,0.0,4.849100911273434,,8.793288323941487,15,0.0,0.132,,13.02,0.868,4.20901959098534,-51.35332011293806,0.0,ATL,23,0.1415594760876907,0.05626304002426996,MarShawn Lloyd,0.19621749408983452,561,115
00-0040648,12497,Tory Horton,WR,SEA,23.8,ACT,,8,8.332237328483002,8.961651812083451,0.0,8.961651812083451,,9.610690807104382,15,0.0,0.196,Groin,12.06,0.804,7.205168056915095,-7.827410279952423,0.0,WAS,87,0.055607294522388856,0.05625803806311275,Jaxon Smith-Njigba,0.1855506578507981,562,199
00-0038454,9511,Keaton Mitchell,RB,LAC,24.6,ACT,,7,3.8267059082170736,5.653912712821423,0.0,5.653912712821423,,8.793288323941487,15,0.0,0.134,,12.99,0.866,4.896288409303352,-40.780489188449636,0.0,BUF,77,0.09503940613471609,0.11088931893116527,Omarion Hampton,0.27500103637375783,563,116
00-0036244,6865,Colby Parkinson,TE,LA,27.6,ACT,,32,6.854378124259975,7.248023877695304,0.0,7.248023877695304,,9.03730120334346,15,0.0,0.15,,12.75,0.85,6.160820296041008,-22.813285902013998,0.0,DEN,55,0.058762968484596674,0.06481450747026943,Terrance Ferguson,0.06403081071613326,564,125
00-0039793,11603,AJ Barner,TE,SEA,24.3,ACT,,34,7.410041145305483,7.6893368847581876,0.0,7.6893368847581876,,9.03730120334346,15,0.0,0.155,,12.674999999999999,0.845,6.497489667620668,-17.085447738068332,0.0,WAS,87,0.044827811272411554,0.07238231388298058,Eric Saubert,0.023262848262848263,565,126
00-0033757,4602,Robert Tonyan,TE,PIT,32.3,ACT,,0,,9.03730120334346,0.0,9.03730120334346,,9.03730120334346,15,0.0,0.108,,13.38,0.892,8.061272673382367,0.0,0.0,CIN,100,0.01694915254237288,0.01694915254237288,Pat Freiermuth,0.07599952485799828,566,127
00-0037291,8180,Jalen Nailor,WR,LV,27.5,ACT,,34,5.620424485917233,6.302324904354975,0.0,6.302324904354975,,9.610690807104382,15,0.0,0.132,,13.02,0.868,5.470418016980118,-43.07492405379727,0.0,NO,29,0.04936634327603563,0.06055457495635864,Tre Tucker,0.11527020072053526,567,200
00-0039164,9229,Anthony Richardson,QB,IND,24.3,ACT,,11,15.422916660289367,16.255665296260577,0.0,16.255665296260577,,16.926742034406544,15,0.0,0.13,Back,13.05,0.87,14.142428807746702,-8.757551432804867,0.0,HOU,52,,,,,568,86
00-0041092,13306,Taylen Green,QB,CLE,23.9,ACT,,0,,16.926742034406544,0.0,16.926742034406544,,16.926742034406544,15,0.0,0.099,,13.515,0.901,15.250994573000296,0.0,0.0,CAR,19,,,,,569,87
00-0041547,13298,KC Concepcion,WR,CLE,21.9,ACT,,2,8.037283441517973,8.846622482113466,0.0,8.846622482113466,,9.610690807104382,15,0.0,0.17,,12.45,0.83,7.342696660154176,-9.512650646136903,0.0,CAR,19,0.15694682675814753,,Denzel Boston,0.11149228130360206,570,201
00-0034407,5096,Ray-Ray McCloud,WR,CHI,29.9,RES,,23,6.025624658889452,7.188625241785612,0.0,7.188625241785612,,9.610690807104382,15,4.0,0.158,Not injury related - other,9.262,0.6174666666666667,4.438736465961223,-22.433171265982445,0.0,PHI,6,0.03983886483886484,0.04615680615680616,Luther Burden III,0.09958112254293885,571,202
00-0041042,13285,Malachi Fields,WR,NYG,23.0,ACT,,2,4.796604301897469,7.272903980344536,0.0,7.272903980344536,,9.610690807104382,15,0.0,0.17,,12.45,0.83,6.036510303685964,-29.105445993160078,0.0,TEN,97,0.08690680388793597,,Malik Nabers,0.09452461247312542,572,203
00-0034829,4993,Mike Gesicki,TE,CIN,30.9,ACT,,29,8.66848953535843,8.748777463371733,0.0,8.748777463371733,,9.03730120334346,15,0.0,0.121,Pectoral,13.185,0.879,7.690175390303753,-3.8041855115272334,0.0,PIT,74,0.06002971251511255,0.06010259165026835,Erick All,0.05555555555555555,573,128
00-0040126,12517,Colston Loveland,TE,CHI,22.4,ACT,,17,8.661247032940995,8.745793495639624,0.0,8.745793495639624,,9.03730120334346,15,0.0,0.189,,12.165,0.8109999999999999,7.092838524963735,-3.5461912642171667,0.0,PHI,0,0.09892288033412905,0.09197683180992834,Sam Roush,0.045454545454545456,574,129
00-0040887,13273,Josh Cuevas,TE,BAL,23.9,ACT,,0,,9.03730120334346,0.0,9.03730120334346,,9.03730120334346,15,0.0,0.207,,11.895000000000001,0.793,7.166579854251364,0.0,0.0,DAL,48,,,Mark Andrews,0.08757771311527804,575,130
00-0041483,13349,Eli Stowers,TE,PHI,23.4,RES,,0,,9.03730120334346,0.0,9.03730120334346,,9.03730120334346,15,8.449197860962567,0.225,Hamstring,5.076871657754011,0.3384581105169341,3.0587478894560425,0.0,0.0,CHI,35,,,Dallas Goedert,0.08871727768855407,576,131
00-0041512,13286,Jadarian Price,RB,SEA,22.9,ACT,,2,6.139015909374175,7.504337018497338,0.0,7.504337018497338,,8.793288323941487,15,0.0,0.178,,12.330000000000002,0.8220000000000002,6.168565029204814,-15.89276959612636,0.0,WAS,71,0.24407114624505927,,Zach Charbonnet,0.240219055897022,577,117
00-0036754,7891,Brock Wright,TE,DET,27.8,ACT,,21,2.7728876496693773,4.3652126266146505,0.0,4.3652126266146505,,9.03730120334346,15,0.0,0.179,Neck,12.315,0.821,3.583839566450628,-57.53677082241529,0.0,NYJ,77,0.05345013886162548,0.05299879585057017,Sam LaPorta,0.11142026381030332,578,132
00-0039811,11581,MarShawn Lloyd,RB,GB,25.7,ACT,,2,6.606722158595193,7.731461626050512,0.0,7.731461626050512,,8.793288323941487,15,0.0,0.289,Ankle,10.665000000000001,0.7110000000000001,5.497069216121915,-11.324381733007252,0.0,ATL,23,0.19621749408983452,,Chris Brooks,0.1415594760876907,579,118
00-0033246,4314,Johnny Mundt,TE,PHI,31.8,ACT,,25,2.3668362444907562,3.9966486316253307,0.0,3.9966486316253307,,9.03730120334346,15,0.0,0.101,,13.485,0.8989999999999999,3.592987119831172,-67.97319992961899,0.0,CHI,35,0.027742419374728218,0.028221539105946783,Dallas Goedert,0.08871727768855407,580,133
00-0038488,11280,Brady Russell,RB,SEA,28.0,ACT,,2,2.924317665332563,6.772061481590349,0.0,6.772061481590349,,8.793288323941487,15,0.0,0.147,Foot,12.795,0.853,5.776568443796568,-25.86159744788282,0.0,WAS,71,0.030359820089955022,0.017241379310344827,Jadarian Price,0.24407114624505927,581,119
00-0041239,,Chip Trayanum,RB,NYJ,24.7,RES,,0,,8.793288323941487,0.0,8.793288323941487,,8.793288323941487,15,8.449197860962567,0.178,,5.38475935828877,0.35898395721925136,3.1566494394983535,0.0,0.0,DET,39,,,Breece Hall,0.32735600105144697,582,120
00-0037197,8205,Isiah Pacheco,RB,DET,27.5,RES,,20,6.664662528109988,7.258519087382778,0.0,7.258519087382778,,8.793288323941487,15,8.449197860962567,0.208,Ankle,5.188235294117647,0.3458823529411765,2.510593660812396,-7.962743921439892,0.0,NYJ,100,0.23824814344090506,0.19538929199253202,Jahmyr Gibbs,0.39320611586861937,583,121
00-0041436,,DJ Herman,RB,MIA,24.5,ACT,,1,2.8,7.080860749266482,0.0,7.080860749266482,,8.793288323941487,15,0.0,0.16,,12.6,0.84,5.947923029383845,-21.576587440905065,0.0,KC,26,0.057692307692307696,,De'Von Achane,0.39243663424697905,584,122
00-0037755,8219,Jelani Woods,TE,NYJ,27.9,ACT,,2,0.7142687005310688,6.590993069378374,0.0,6.590993069378374,,9.03730120334346,15,0.0,0.154,Hamstring,12.69,0.846,5.575980136694104,-31.043650220016943,0.0,DET,94,0.02624633431085044,0.02624633431085044,Mason Taylor,0.09066203895037067,585,134
00-0039299,12048,George Holani,RB,SEA,26.7,ACT,,3,2.83609134725338,5.722231722238149,0.0,5.722231722238149,,8.793288323941487,15,0.0,0.169,Hamstring,12.465,0.831,4.755174561179902,-38.28072054023211,0.0,WAS,71,0.10679252958355342,0.09774811695907216,Jadarian Price,0.24407114624505927,586,123
00-0040120,,Jimmy Holiday,WR,KC,24.7,RES,,0,,9.610690807104382,0.0,9.610690807104382,,9.610690807104382,15,8.449197860962567,0.207,,5.194786096256685,0.346319073083779,3.3283655320111856,0.0,0.0,MIA,48,,,Rashee Rice,0.1106131402396258,587,204
00-0040930,13726,Camden Brown,WR,DAL,22.3,ACT,,0,,9.610690807104382,0.0,9.610690807104382,,9.610690807104382,15,0.0,0.17,,12.45,0.83,7.976873369896636,0.0,0.0,BAL,84,,,CeeDee Lamb,0.12203228869895535,588,205
00-0037304,8181,Connor Heyward,RB,LV,27.6,ACT,,10,0.658133369172202,3.8151045306603026,0.0,3.8151045306603026,,8.793288323941487,15,0.0,0.131,,13.035,0.869,3.315325837143803,-64.89062574542024,0.0,NO,48,0.030062703089929754,0.028645739081740694,Ashton Jeanty,0.4525193000514668,589,124
00-0039623,11895,Mason Tipton,WR,NO,25.9,RES,,14,3.479810016247654,5.884658464140411,0.0,5.884658464140411,,9.610690807104382,15,4.0,0.179,Groin,9.030999999999999,0.6020666666666666,3.5429567059768035,-33.64979808930761,0.0,LV,35,0.06928509138476073,0.052116673992644025,Chris Olave,0.18944039668083384,590,206
00-0036331,6847,Devin Duvernay,WR,ARI,29.0,ACT,,5,3.246166362270559,7.6401231871901985,0.0,7.6401231871901985,,9.610690807104382,15,0.0,0.16,,12.6,0.84,6.417703477239766,-24.829152010918705,0.0,SF,52,0.026576900334393607,0.026576900334393607,Michael Wilson,0.15608996770219424,591,207
00-0038359,11168,Xavier Smith,WR,LA,28.9,ACT,,10,3.098901550727637,5.02181111243264,0.0,5.02181111243264,,9.610690807104382,15,0.0,0.142,,12.87,0.858,4.308713934467205,-59.058881670425315,0.0,DEN,16,0.0428234288040554,0.03925515560483227,Puka Nacua,0.22030271027752674,592,208
00-0037563,8800,Malik Davis,RB,DAL,27.8,RES,,3,8.082584084502598,8.523462890003954,0.0,8.523462890003954,,8.793288323941487,15,4.0,0.169,Calf,9.141,0.6094,5.19419828516841,-2.466474291622997,0.0,BAL,55,0.15587302733263073,0.09154353020633901,Javonte Williams,0.259495596995597,593,125
00-0040363,12765,Keleki Latu,TE,BUF,24.1,ACT,,2,3.1121707665996574,7.245230424458827,0.0,7.245230424458827,,9.03730120334346,15,0.0,0.18,,12.3,0.8200000000000001,5.9410889480562386,-22.042470580280998,0.0,LAC,19,0.030267295597484277,0.030267295597484277,Dalton Kincaid,0.10034254954734524,594,135
00-0039244,11963,Chris Collier,RB,LV,26.4,RES,,1,1.2,8.064368114772584,0.0,8.064368114772584,,8.793288323941487,15,8.449197860962567,0.164,,5.476470588235294,0.3650980392156863,2.944284986216971,-3.9919100866838164,0.0,NO,48,,,Ashton Jeanty,0.4525193000514668,595,126
00-0040244,12480,Moliki Matavao,TE,NO,23.5,RES,,1,3.0,7.979718750693229,0.0,7.979718750693229,,9.03730120334346,15,8.449197860962567,0.217,,5.129278074866311,0.34195187165775404,2.7286797621020242,-5.424634486742173,0.0,LV,13,0.04,0.04,Juwan Johnson,0.07849018417324428,596,136
00-0039530,11593,Brevyn Spann-Ford,TE,DAL,26.7,ACT,,20,1.9804579369358324,3.636301596974297,0.0,3.636301596974297,,9.03730120334346,15,0.0,0.15,,12.75,0.85,3.0908563574281525,-68.86274498120683,0.0,BAL,10,0.03340845629402843,0.020418374942811703,Jake Ferguson,0.044278252611585946,597,137
00-0039792,11629,Devontez Walker,WR,BAL,25.2,ACT,,6,6.436786297545504,7.884722113755828,0.0,7.884722113755828,,9.610690807104382,15,0.0,0.164,Oblique,12.54,0.836,6.591627687099872,-21.643647414590863,0.0,DAL,94,0.034190297546802015,0.03206038737505702,Zay Flowers,0.11238601844826676,598,209
00-0040867,13294,Makai Lemon,WR,PHI,22.2,ACT,,2,2.144074837723037,5.984799075658612,0.0,5.984799075658612,,9.610690807104382,15,0.0,0.17,,12.45,0.83,4.967383232796648,-45.14235205649983,0.0,CHI,81,0.05449275362318841,,DeVonta Smith,0.13278299618393238,599,210
00-0041397,13491,Kaden Wetjen,WR,PIT,24.5,ACT,,0,,9.610690807104382,0.0,9.610690807104382,,9.610690807104382,15,0.0,0.191,,12.135,0.8089999999999999,7.775048862947444,0.0,0.0,CIN,3,,,DK Metcalf,0.13316356319202619,600,211
00-0039798,11571,Isaiah Davis,RB,NYJ,24.5,ACT,,15,6.062450542219412,6.924656578899022,0.0,6.924656578899022,,8.793288323941487,15,0.0,0.139,Concussion,12.915,0.861,5.962129314432057,-24.13337898722344,0.0,DET,39,0.09621267410641224,0.08218701805980436,Breece Hall,0.32735600105144697,601,127
00-0040737,12487,Terrance Ferguson,TE,LA,23.5,ACT,,12,6.937058314365325,7.506626279441011,0.0,7.506626279441011,,9.03730120334346,15,0.0,0.189,,12.165,0.8109999999999999,6.087873912626659,-18.620660449273302,0.0,DEN,55,0.06403081071613326,0.037680182615436236,Colby Parkinson,0.058762968484596674,602,138
00-0028118,827,Tyrod Taylor,QB,GB,37.1,ACT,,7,12.4982981825417,14.847419282067616,0.0,14.847419282067616,,16.926742034406544,15,0.0,0.081,Knee,13.785,0.919,13.644778320220139,-28.66346414099213,0.0,ATL,61,,,,,603,88
00-0039626,12210,Cole Burgess,WR,PIT,26.6,RES,,0,,9.610690807104382,0.0,9.610690807104382,,9.610690807104382,15,8.449197860962567,0.175,,5.404411764705882,0.3602941176470588,3.462675364324373,0.0,0.0,CIN,3,,,DK Metcalf,0.13316356319202619,604,212
00-0041314,,Tanner Arkin,TE,NE,23.2,ACT,,0,,9.03730120334346,0.0,9.03730120334346,,9.03730120334346,15,0.0,0.207,,11.895000000000001,0.793,7.166579854251364,0.0,0.0,JAX,61,,,Hunter Henry,0.06992241768546818,605,139
00-0041511,13276,Omar Cooper Jr.,WR,NYJ,22.7,RES,Out,0,,9.610690807104382,0.0,9.610690807104382,,9.610690807104382,15,8.804610318331504,0.181,Ankle,5.074024149286498,0.3382682766190999,3.2509918164382254,0.0,0.0,DET,90,0.015873015873015872,,Garrett Wilson,0.11222519310754604,606,213
00-0037263,8132,Tyler Allgeier,RB,ARI,26.4,ACT,,30,7.128522951713062,7.439639156821291,0.0,7.439639156821291,,8.793288323941487,15,0.0,0.131,,13.035,0.869,6.465046427277701,-17.644816893411765,0.0,SF,74,0.19243379287087414,0.15522318979725377,James Conner,0.2491275469998874,607,128
00-0039364,11729,Sione Vaki,RB,DET,25.1,ACT,,1,2.8,7.130293775846363,0.0,7.130293775846363,,8.793288323941487,15,0.0,0.158,Hamstring,12.629999999999999,0.842,6.003707359262638,-21.003621142441418,0.0,NYJ,100,0.030285102546765835,0.014705882352941176,Jahmyr Gibbs,0.39320611586861937,608,129
00-0041398,13433,Riley Nowakowski,TE,PIT,24.2,ACT,,0,,9.03730120334346,0.0,9.03730120334346,,9.03730120334346,15,0.0,0.185,,12.225,0.815,7.36540048072492,0.0,0.0,CIN,100,,,Pat Freiermuth,0.07599952485799828,609,140
00-0039796,11570,Rasheen Ali,RB,BAL,25.5,ACT,,6,3.992650507749292,6.228990188165489,0.0,6.228990188165489,,8.793288323941487,15,0.0,0.173,Neck,12.405,0.827,5.151374885612859,-31.810118374301258,0.0,DAL,87,0.03915237931133511,0.04037900952098742,Derrick Henry,0.43038343102188054,610,130
00-0038519,11320,Nikko Remigio,WR,KC,26.8,ACT,,1,6.800000000000001,9.340877618980876,0.0,9.340877618980876,,9.610690807104382,15,0.0,0.155,Shoulder,12.674999999999999,0.845,7.89304158803884,-3.419882159465429,0.0,MIA,48,0.016783216783216783,0.016783216783216783,Rashee Rice,0.1106131402396258,611,214
00-0036628,7716,John Bates,TE,WAS,28.8,ACT,,24,2.354832692829753,3.9782587583889213,0.0,3.9782587583889213,,9.03730120334346,15,0.0,0.125,Groin,13.125,0.875,3.480976413590306,-66.39993209002832,0.0,SEA,68,0.028866470830756545,0.030637935448276976,Chig Okonkwo,0.09054915672562731,612,141
00-0038640,11034,Jalen Brooks,WR,ARI,26.3,ACT,,14,2.8653971567037457,5.644229715288977,0.0,5.644229715288977,,9.610690807104382,15,0.0,0.144,Knee,12.84,0.856,4.831460636287364,-50.929360418909795,0.0,SF,52,0.05045223289994347,0.05045223289994347,Michael Wilson,0.15608996770219424,613,215
00-0032775,3286,Demarcus Robinson,WR,SF,31.9,ACT,,32,6.009937622427609,6.668133277940226,0.0,6.668133277940226,,9.610690807104382,15,0.0,0.143,,12.855,0.857,5.714590219194773,-37.82657703740522,0.0,ARI,68,0.06203697166253071,0.04712804930404501,Deebo Samuel Sr.,0.1229995203209489,614,216
00-0040208,12543,Tahj Brooks,RB,CIN,24.3,ACT,,0,,8.793288323941487,0.0,8.793288323941487,,8.793288323941487,15,0.0,0.151,Concussion,12.735,0.849,7.465501787026323,0.0,0.0,PIT,32,0.04736099961635565,0.05162328289835896,Chase Brown,0.36669733717418007,615,131
00-0038705,11199,Emari Demercado,RB,DAL,27.6,ACT,,14,6.7153829753767385,7.495353656025188,0.0,7.495353656025188,,8.793288323941487,15,0.0,0.169,Ankle,12.465,0.831,6.22863888815693,-16.178755635576675,0.0,BAL,55,0.07999590834697218,0.09781949467578875,Javonte Williams,0.259495596995597,616,132
00-0037805,8145,Jeremy Ruckert,TE,NYJ,26.1,ACT,,30,2.6420733809336245,3.855389349405545,0.0,3.855389349405545,,9.03730120334346,15,0.0,0.15,,12.75,0.85,3.277080946994713,-66.06937613770842,0.0,DET,94,0.037054332974636575,0.03883083384462419,Mason Taylor,0.09066203895037067,617,142
00-0039391,11647,Kimani Vidal,RB,LAC,25.0,ACT,,18,8.358925070902425,8.482176967815024,0.0,8.482176967815024,,8.793288323941487,15,0.0,0.136,,12.959999999999999,0.864,7.32860090019218,-4.0320031753989705,0.0,BUF,77,0.15761812431487332,0.23792099899475144,Omarion Hampton,0.27500103637375783,618,133
00-0036265,6828,AJ Dillon,RB,CAR,28.3,ACT,,0,,8.793288323941487,0.0,8.793288323941487,,8.793288323941487,15,0.0,0.118,,13.23,0.882,7.755680301716392,0.0,0.0,CLE,61,0.05215259934791159,0.04511540627826673,Chuba Hubbard,0.21877416706393346,619,134
00-0039732,11563,Bo Nix,QB,DEN,26.5,ACT,,36,16.859554972777968,16.870862695391974,0.0,16.870862695391974,,16.926742034406544,15,0.0,0.079,,13.815000000000001,0.921,15.53806454245601,-0.7719730684862874,0.0,LA,35,,,,,620,89
00-0036355,6797,Justin Herbert,QB,LAC,28.5,ACT,,35,16.112082295352828,16.253806874159487,0.0,16.253806874159487,,16.926742034406544,15,0.0,0.072,,13.92,0.928,15.083532779220004,-9.367257430639036,0.0,BUF,32,,,,,621,90
00-0040506,13075,Myles Price,WR,MIN,24.7,ACT,,1,0.0,6.864683763856081,0.0,6.864683763856081,,9.610690807104382,15,0.0,0.179,Ankle,12.315,0.821,5.635905370125842,-33.81707673760282,0.0,TB,45,0.020833333333333332,,Justin Jefferson,0.14683929113156033,622,217
00-0040581,12541,Dont'e Thornton Jr.,WR,LV,23.8,RES,,10,2.2823161742912865,5.251743980627091,0.0,5.251743980627091,,9.610690807104382,15,8.449197860962567,0.175,Concussion,5.404411764705882,0.3602941176470588,1.8921724636082902,-23.55754351074124,0.0,NO,29,0.044197774471113414,0.05396422007142088,Tre Tucker,0.11527020072053526,623,218
00-0036842,7720,Kene Nwangwu,RB,NYJ,28.6,ACT,Out,1,1.8,7.526494550566098,0.0,7.526494550566098,,8.793288323941487,15,0.9995127892813642,0.171,Concussion,11.606403897685748,0.7737602598457165,5.823702379173393,-14.702920188868156,0.0,DET,39,0.13727598566308244,0.13727598566308244,Breece Hall,0.32735600105144697,624,135
00-0040906,13404,Garrett Nussmeier,QB,KC,24.6,ACT,,0,,16.926742034406544,0.0,16.926742034406544,,16.926742034406544,15,0.0,0.086,,13.71,0.914,15.471042219447583,0.0,0.0,MIA,74,,,,,625,91
00-0040198,12495,Ollie Gordon II,RB,MIA,22.6,ACT,,12,4.4183779249430595,5.970337049599979,0.0,5.970337049599979,,8.793288323941487,15,0.0,0.162,,12.57,0.838,5.003142447564782,-35.484497518472764,0.0,KC,26,0.0800970581142995,0.09078713042806968,De'Von Achane,0.39243663424697905,626,136
00-0038476,11292,Tommy DeVito,QB,NE,28.1,ACT,,2,6.494442714590937,15.357099721898669,0.0,15.357099721898669,,16.926742034406544,15,0.0,0.072,,13.92,0.928,14.251388541921965,-21.84942099010963,0.0,JAX,23,,,,,627,92
00-0038558,9479,Darnell Washington,TE,PIT,25.0,ACT,,27,4.3662003632839905,5.3324299555705865,0.0,5.3324299555705865,,9.03730120334346,15,0.0,0.159,,12.615,0.841,4.484573592634863,-46.73695079065481,0.0,CIN,100,0.0386434143549893,0.05910294823290836,Pat Freiermuth,0.07599952485799828,628,143
00-0034981,5985,Foster Moreau,TE,HOU,29.3,ACT,,24,4.620769018985938,5.666439655095315,0.0,5.666439655095315,,9.03730120334346,15,0.0,0.144,Ankle,12.84,0.856,4.85047234476159,-43.281862279506186,0.0,IND,84,0.02204063954063954,0.022677926862998153,Dalton Schultz,0.09898811855333595,629,144
00-0035264,6136,Jarrett Stidham,QB,DEN,30.1,ACT,,0,,16.926742034406544,0.0,16.926742034406544,,16.926742034406544,15,0.0,0.071,,13.935,0.929,15.72494334996368,0.0,0.0,LA,35,,,,,630,93
00-0037292,8489,Andrew Ogletree,TE,IND,28.1,ACT,,19,1.6748134948641091,3.9677813836433615,0.0,3.9677813836433615,,9.03730120334346,15,0.0,0.125,Neck,13.125,0.875,3.471808710687941,-66.5374476335638,0.0,HOU,52,0.022798786181139123,0.029030612244897957,Tyler Warren,0.11158677307400948,631,145
00-0041041,13319,Oscar Delp,TE,NO,23.1,ACT,,0,,9.03730120334346,0.0,9.03730120334346,,9.03730120334346,15,0.0,0.213,Hamstring,11.805,0.787,7.112356047031303,0.0,0.0,LV,13,0.01639344262295082,,Juwan Johnson,0.07849018417324428,632,146
00-0039498,12015,Harrison Mevis,K,LA,24.4,ACT,,11,6.262434441262353,6.828767043114443,0.0,6.828767043114443,,8.056637363307253,15,0.0,0.0,,15.0,1.0,6.828767043114443,-18.418054802892154,0.0,,,,,,,633,22
00-0040279,12961,Ryan Fitzgerald,K,CAR,26.1,ACT,,19,7.2971680941704475,7.550780901119486,0.0,7.550780901119486,,8.056637363307253,15,0.0,0.0,,15.0,1.0,7.550780901119486,-7.587846932816502,0.0,,,,,,,634,23
00-0025565,650,Nick Folk,K,ATL,41.8,ACT,,32,7.4786483313535035,7.6662838310822154,0.0,7.6662838310822154,,8.056637363307253,15,0.0,0.0,,15.0,1.0,7.6662838310822154,-5.855302983375563,0.0,,,,,,,635,24
00-0031203,2020,Cairo Santos,K,CHI,34.8,ACT,,34,7.947477547471066,8.051347497546075,0.0,8.051347497546075,,8.056637363307253,15,0.0,0.0,,15.0,1.0,8.051347497546075,-0.07934798641766605,0.0,,,,,,,636,25
00-0041145,,Dominic Zvada,K,NYG,22.9,ACT,,2,6.040767715803054,7.098469724593726,0.0,7.098469724593726,,8.056637363307253,15,0.0,0.0,,15.0,1.0,7.098469724593726,-14.372514580702905,0.0,,,,,,,637,26
00-0034161,5095,Daniel Carlson,K,NO,31.6,ACT,,36,7.546673399255425,7.70865234598428,0.0,7.70865234598428,,8.056637363307253,15,0.0,0.0,,15.0,1.0,7.70865234598428,-5.219775259844592,0.0,,,,,,,638,27
00-0038428,11261,Andre Szmyt,K,CLE,27.9,ACT,,19,7.353235100314857,7.5942226435589815,0.0,7.5942226435589815,,8.056637363307253,15,0.0,0.0,,15.0,1.0,7.5942226435589815,-6.936220796224073,0.0,,,,,,,639,28
00-0041182,,Drew Stevens,K,WAS,22.7,ACT,,2,7.53057578685229,7.970434025283898,0.0,7.970434025283898,,8.056637363307253,15,0.0,0.0,,15.0,1.0,7.970434025283898,-1.29305007035033,0.0,,,,,,,640,29
00-0036816,7922,Riley Patterson,K,MIA,27.0,ACT,,24,7.568195268220113,7.7511804994659474,0.0,7.7511804994659474,,8.056637363307253,15,0.0,0.0,,15.0,1.0,7.7511804994659474,-4.581852957619583,0.0,,,,,,,641,30
00-0035192,6528,Joey Slye,K,TEN,30.4,ACT,,35,7.429939602008159,7.6146524745209865,0.0,7.6146524745209865,,8.056637363307253,15,0.0,0.0,,15.0,1.0,7.6146524745209865,-6.629773331793998,0.0,,,,,,,642,31
00-0033787,4195,Jake Elliott,K,PHI,31.6,ACT,,36,7.30428304558674,7.503602611806427,0.0,7.503602611806427,,8.056637363307253,15,0.0,0.0,,15.0,1.0,7.503602611806427,-8.295521272512394,0.0,,,,,,,643,32
ARI,ARI,ARI D/ST,DEF,ARI,,ACT,,36,4.2827444058399395,4.50801838420944,0.0,4.50801838420944,,5.572963093652347,15,0.0,0.0,,15.0,1.0,4.50801838420944,-15.974170641643601,0.0,,,,,,,644,19
CLE,CLE,CLE D/ST,DEF,CLE,,ACT,,36,5.417267322741929,5.46654281415118,0.0,5.46654281415118,,5.572963093652347,15,0.0,0.0,,15.0,1.0,5.46654281415118,-1.5963041925175059,0.0,,,,,,,645,20
DAL,DAL,DAL D/ST,DEF,DAL,,ACT,,36,3.644524042023772,3.9688423665376735,0.0,3.9688423665376735,,5.572963093652347,15,0.0,0.0,,15.0,1.0,3.9688423665376735,-24.0618109067201,0.0,,,,,,,646,21
DET,DET,DET D/ST,DEF,DET,,ACT,,36,5.027132695631126,5.1366207745694,0.0,5.1366207745694,,5.572963093652347,15,0.0,0.0,,15.0,1.0,5.1366207745694,-6.545134786244198,0.0,,,,,,,647,22
GB,GB,GB D/ST,DEF,GB,,ACT,,36,4.96968126659283,5.088007616901428,0.0,5.088007616901428,,5.572963093652347,15,0.0,0.0,,15.0,1.0,5.088007616901428,-7.274332151263785,0.0,,,,,,,648,23
IND,IND,IND D/ST,DEF,IND,,ACT,,36,3.604765778305971,3.9367490557436673,0.0,3.9367490557436673,,5.572963093652347,15,0.0,0.0,,15.0,1.0,3.9367490557436673,-24.543210568630194,0.0,,,,,,,649,24
KC,KC,KC D/ST,DEF,KC,,ACT,,36,5.433773686569746,5.480449712090503,0.0,5.480449712090503,,5.572963093652347,15,0.0,0.0,,15.0,1.0,5.480449712090503,-1.3877007234276562,0.0,,,,,,,650,25
MIA,MIA,MIA D/ST,DEF,MIA,,ACT,,36,3.767070019032861,4.072889001184459,0.0,4.072889001184459,,5.572963093652347,15,0.0,0.0,,15.0,1.0,4.072889001184459,-22.501111387018323,0.0,,,,,,,651,26
NYG,NYG,NYG D/ST,DEF,NYG,,ACT,,36,3.967049441206264,4.243049769515873,0.0,4.243049769515873,,5.572963093652347,15,0.0,0.0,,15.0,1.0,4.243049769515873,-19.948699862047103,0.0,,,,,,,652,27
NYJ,NYJ,NYJ D/ST,DEF,NYJ,,ACT,,36,3.6198349846044766,3.9484407349218156,0.0,3.9484407349218156,,5.572963093652347,15,0.0,0.0,,15.0,1.0,3.9484407349218156,-24.36783538095797,0.0,,,,,,,653,28
SF,SF,SF D/ST,DEF,SF,,ACT,,36,5.124456832928808,5.2196493583072705,0.0,5.2196493583072705,,5.572963093652347,15,0.0,0.0,,15.0,1.0,5.2196493583072705,-5.299706030176146,0.0,,,,,,,654,29
TB,TB,TB D/ST,DEF,TB,,ACT,,36,5.352104806091273,5.411524263047902,0.0,5.411524263047902,,5.572963093652347,15,0.0,0.0,,15.0,1.0,5.411524263047902,-2.421582459066678,0.0,,,,,,,655,30
TEN,TEN,TEN D/ST,DEF,TEN,,ACT,,36,3.6924670329340024,4.009085574107485,0.0,4.009085574107485,,5.572963093652347,15,0.0,0.0,,15.0,1.0,4.009085574107485,-23.45816279317293,0.0,,,,,,,656,31
WAS,WAS,WAS D/ST,DEF,WAS,,ACT,,36,3.2239902948313444,3.615745269458907,0.0,3.615745269458907,,5.572963093652347,15,0.0,0.0,,15.0,1.0,3.615745269458907,-29.358267362901596,0.0,,,,,,,657,32
